store_id,region,active_weeks,order_count,revenue
1,EAST,53,459,242419.46
10,WEST,53,507,259991.82
11,EAST,53,493,248798.21
12,NRTH,53,534,273316.34
13,SOTH,53,538,285286.15
14,WEST,53,472,243688.07
15,EAST,53,478,246784.23
16,NRTH,53,535,272934.67
17,SOTH,53,490,242278.62
18,NE  ,53,488,248471.42
19,SW  ,53,509,258876.93
2,NRTH,53,479,239221.45
20,WEST,53,552,304979.19
21,EAST,53,503,263246.57
22,NRTH,53,484,257517.67
23,SOTH,53,507,278874.94
24,WEST,53,518,273167.25
25,EAST,53,462,243683.39
26,NRTH,53,498,265066.93
27,SOTH,53,513,276265.18
28,NE  ,53,463,241718.15
29,SW  ,53,512,283896.84
3,SOTH,53,468,257457.04
30,WEST,53,525,274632.94
31,EAST,53,527,276434.91
32,NRTH,53,521,292532.04
33,SOTH,53,473,253031.41
34,WEST,53,519,279109.51
35,EAST,53,496,267443.99
36,NRTH,53,437,229861.58
37,SOTH,53,478,248989.54
38,NE  ,53,458,229281.50
39,SW  ,53,504,267684.34
4,WEST,53,510,273442.88
40,WEST,53,524,280510.58
5,EAST,53,549,281578.76
6,NRTH,53,489,251071.49
7,SOTH,53,507,286862.11
8,NE  ,53,494,262976.25
9,SW  ,53,527,280440.90
