store_id,week_start,week_end,week_number,order_count,revenue
1,2024-12-30,2025-01-05,0,11,5967.46
1,2025-01-06,2025-01-12,1,11,6734.39
1,2025-01-13,2025-01-19,2,10,4592.51
1,2025-01-20,2025-01-26,3,11,5681.80
1,2025-01-27,2025-02-02,4,11,7205.54
1,2025-02-03,2025-02-09,5,10,5605.85
1,2025-02-10,2025-02-16,6,8,3999.99
1,2025-02-17,2025-02-23,7,12,6535.12
1,2025-02-24,2025-03-02,8,4,2766.13
1,2025-03-03,2025-03-09,9,8,1631.85
1,2025-03-10,2025-03-16,10,5,1819.38
1,2025-03-17,2025-03-23,11,11,4849.45
1,2025-03-24,2025-03-30,12,11,5098.27
1,2025-03-31,2025-04-06,13,10,4421.50
1,2025-04-07,2025-04-13,14,7,4509.28
1,2025-04-14,2025-04-20,15,14,7109.83
1,2025-04-21,2025-04-27,16,11,4383.37
1,2025-04-28,2025-05-04,17,8,3141.76
1,2025-05-05,2025-05-11,18,6,2435.56
1,2025-05-12,2025-05-18,19,6,4905.63
1,2025-05-19,2025-05-25,20,10,4090.76
1,2025-05-26,2025-06-01,21,7,2236.55
1,2025-06-02,2025-06-08,22,8,3780.18
1,2025-06-09,2025-06-15,23,7,2876.07
1,2025-06-16,2025-06-22,24,10,5882.02
1,2025-06-23,2025-06-29,25,8,6369.70
1,2025-06-30,2025-07-06,26,7,4467.65
1,2025-07-07,2025-07-13,27,10,5678.89
1,2025-07-14,2025-07-20,28,15,7547.75
1,2025-07-21,2025-07-27,29,13,7785.69
1,2025-07-28,2025-08-03,30,9,3125.29
1,2025-08-04,2025-08-10,31,10,5356.80
1,2025-08-11,2025-08-17,32,4,2865.49
1,2025-08-18,2025-08-24,33,6,3737.38
1,2025-08-25,2025-08-31,34,10,5491.00
1,2025-09-01,2025-09-07,35,9,5426.84
1,2025-09-08,2025-09-14,36,10,4014.23
1,2025-09-15,2025-09-21,37,8,4874.40
1,2025-09-22,2025-09-28,38,5,3458.29
1,2025-09-29,2025-10-05,39,8,3082.73
1,2025-10-06,2025-10-12,40,10,5357.89
1,2025-10-13,2025-10-19,41,8,2310.88
1,2025-10-20,2025-10-26,42,10,6951.06
1,2025-10-27,2025-11-02,43,6,3908.07
1,2025-11-03,2025-11-09,44,6,2453.50
1,2025-11-10,2025-11-16,45,6,4060.50
1,2025-11-17,2025-11-23,46,10,7619.69
1,2025-11-24,2025-11-30,47,5,2519.89
1,2025-12-01,2025-12-07,48,9,3311.85
1,2025-12-08,2025-12-14,49,9,5130.31
1,2025-12-15,2025-12-21,50,8,5805.46
1,2025-12-22,2025-12-28,51,6,4043.16
1,2025-12-29,2026-01-04,52,7,3404.82
10,2024-12-30,2025-01-05,0,6,4378.18
10,2025-01-06,2025-01-12,1,6,3014.38
10,2025-01-13,2025-01-19,2,14,8141.11
10,2025-01-20,2025-01-26,3,12,5207.78
10,2025-01-27,2025-02-02,4,8,3247.44
10,2025-02-03,2025-02-09,5,10,4036.42
10,2025-02-10,2025-02-16,6,13,6432.45
10,2025-02-17,2025-02-23,7,8,5168.26
10,2025-02-24,2025-03-02,8,6,1867.40
10,2025-03-03,2025-03-09,9,12,6274.97
10,2025-03-10,2025-03-16,10,10,5058.70
10,2025-03-17,2025-03-23,11,7,3280.70
10,2025-03-24,2025-03-30,12,5,4224.42
10,2025-03-31,2025-04-06,13,7,5025.59
10,2025-04-07,2025-04-13,14,12,6735.11
10,2025-04-14,2025-04-20,15,6,2746.88
10,2025-04-21,2025-04-27,16,11,7309.11
10,2025-04-28,2025-05-04,17,6,4315.65
10,2025-05-05,2025-05-11,18,5,2077.01
10,2025-05-12,2025-05-18,19,14,10293.40
10,2025-05-19,2025-05-25,20,10,4210.28
10,2025-05-26,2025-06-01,21,12,6320.47
10,2025-06-02,2025-06-08,22,7,3569.22
10,2025-06-09,2025-06-15,23,7,3448.24
10,2025-06-16,2025-06-22,24,9,5752.22
10,2025-06-23,2025-06-29,25,10,4054.27
10,2025-06-30,2025-07-06,26,10,5868.96
10,2025-07-07,2025-07-13,27,13,7265.82
10,2025-07-14,2025-07-20,28,13,4184.16
10,2025-07-21,2025-07-27,29,15,8407.20
10,2025-07-28,2025-08-03,30,9,5351.82
10,2025-08-04,2025-08-10,31,10,3985.50
10,2025-08-11,2025-08-17,32,7,4537.50
10,2025-08-18,2025-08-24,33,6,4410.48
10,2025-08-25,2025-08-31,34,9,2494.88
10,2025-09-01,2025-09-07,35,11,7120.91
10,2025-09-08,2025-09-14,36,6,2014.90
10,2025-09-15,2025-09-21,37,8,3130.89
10,2025-09-22,2025-09-28,38,13,6348.46
10,2025-09-29,2025-10-05,39,9,3677.98
10,2025-10-06,2025-10-12,40,10,4972.76
10,2025-10-13,2025-10-19,41,12,8237.01
10,2025-10-20,2025-10-26,42,9,3587.25
10,2025-10-27,2025-11-02,43,11,4907.95
10,2025-11-03,2025-11-09,44,12,8127.04
10,2025-11-10,2025-11-16,45,12,3653.41
10,2025-11-17,2025-11-23,46,6,1748.62
10,2025-11-24,2025-11-30,47,10,5385.66
10,2025-12-01,2025-12-07,48,11,4439.59
10,2025-12-08,2025-12-14,49,10,5511.36
10,2025-12-15,2025-12-21,50,11,4333.66
10,2025-12-22,2025-12-28,51,15,8198.20
10,2025-12-29,2026-01-04,52,6,1900.19
11,2024-12-30,2025-01-05,0,5,2716.22
11,2025-01-06,2025-01-12,1,7,2915.67
11,2025-01-13,2025-01-19,2,9,4588.03
11,2025-01-20,2025-01-26,3,8,3808.50
11,2025-01-27,2025-02-02,4,5,2954.28
11,2025-02-03,2025-02-09,5,9,5770.21
11,2025-02-10,2025-02-16,6,9,2306.93
11,2025-02-17,2025-02-23,7,10,5170.52
11,2025-02-24,2025-03-02,8,6,2763.30
11,2025-03-03,2025-03-09,9,5,2740.32
11,2025-03-10,2025-03-16,10,10,5385.86
11,2025-03-17,2025-03-23,11,12,6958.91
11,2025-03-24,2025-03-30,12,4,1302.73
11,2025-03-31,2025-04-06,13,5,1662.28
11,2025-04-07,2025-04-13,14,16,8831.92
11,2025-04-14,2025-04-20,15,5,2671.36
11,2025-04-21,2025-04-27,16,15,6375.53
11,2025-04-28,2025-05-04,17,13,4812.99
11,2025-05-05,2025-05-11,18,7,2636.21
11,2025-05-12,2025-05-18,19,14,6971.78
11,2025-05-19,2025-05-25,20,8,1606.00
11,2025-05-26,2025-06-01,21,10,6887.82
11,2025-06-02,2025-06-08,22,20,10525.20
11,2025-06-09,2025-06-15,23,13,6150.18
11,2025-06-16,2025-06-22,24,5,2720.50
11,2025-06-23,2025-06-29,25,5,3843.41
11,2025-06-30,2025-07-06,26,10,7504.70
11,2025-07-07,2025-07-13,27,13,6791.03
11,2025-07-14,2025-07-20,28,11,7457.75
11,2025-07-21,2025-07-27,29,4,1361.97
11,2025-07-28,2025-08-03,30,9,5797.28
11,2025-08-04,2025-08-10,31,10,4294.09
11,2025-08-11,2025-08-17,32,15,7649.45
11,2025-08-18,2025-08-24,33,7,2341.39
11,2025-08-25,2025-08-31,34,10,4763.89
11,2025-09-01,2025-09-07,35,11,3616.48
11,2025-09-08,2025-09-14,36,11,5276.11
11,2025-09-15,2025-09-21,37,6,2369.13
11,2025-09-22,2025-09-28,38,9,5249.06
11,2025-09-29,2025-10-05,39,9,5873.30
11,2025-10-06,2025-10-12,40,12,5802.62
11,2025-10-13,2025-10-19,41,11,3942.54
11,2025-10-20,2025-10-26,42,5,3785.09
11,2025-10-27,2025-11-02,43,12,8573.71
11,2025-11-03,2025-11-09,44,12,7073.77
11,2025-11-10,2025-11-16,45,10,3955.39
11,2025-11-17,2025-11-23,46,13,7604.24
11,2025-11-24,2025-11-30,47,12,5205.63
11,2025-12-01,2025-12-07,48,7,2513.52
11,2025-12-08,2025-12-14,49,8,3293.46
11,2025-12-15,2025-12-21,50,10,5812.76
11,2025-12-22,2025-12-28,51,7,3801.68
11,2025-12-29,2026-01-04,52,4,2011.51
12,2024-12-30,2025-01-05,0,12,5237.01
12,2025-01-06,2025-01-12,1,10,7547.09
12,2025-01-13,2025-01-19,2,10,5264.15
12,2025-01-20,2025-01-26,3,9,5840.17
12,2025-01-27,2025-02-02,4,14,6415.88
12,2025-02-03,2025-02-09,5,9,4157.58
12,2025-02-10,2025-02-16,6,9,8518.62
12,2025-02-17,2025-02-23,7,7,4640.15
12,2025-02-24,2025-03-02,8,10,6671.48
12,2025-03-03,2025-03-09,9,11,5276.85
12,2025-03-10,2025-03-16,10,16,7008.59
12,2025-03-17,2025-03-23,11,17,10842.19
12,2025-03-24,2025-03-30,12,8,4855.73
12,2025-03-31,2025-04-06,13,17,8311.61
12,2025-04-07,2025-04-13,14,10,6102.67
12,2025-04-14,2025-04-20,15,10,4438.04
12,2025-04-21,2025-04-27,16,11,4721.64
12,2025-04-28,2025-05-04,17,15,7564.50
12,2025-05-05,2025-05-11,18,9,2440.37
12,2025-05-12,2025-05-18,19,11,8451.21
12,2025-05-19,2025-05-25,20,11,4606.62
12,2025-05-26,2025-06-01,21,12,5991.31
12,2025-06-02,2025-06-08,22,8,3011.78
12,2025-06-09,2025-06-15,23,17,9259.18
12,2025-06-16,2025-06-22,24,13,4464.25
12,2025-06-23,2025-06-29,25,9,5302.20
12,2025-06-30,2025-07-06,26,6,3541.98
12,2025-07-07,2025-07-13,27,13,5801.36
12,2025-07-14,2025-07-20,28,7,3797.01
12,2025-07-21,2025-07-27,29,14,6120.23
12,2025-07-28,2025-08-03,30,9,3521.25
12,2025-08-04,2025-08-10,31,10,5132.72
12,2025-08-11,2025-08-17,32,12,3086.65
12,2025-08-18,2025-08-24,33,9,4732.69
12,2025-08-25,2025-08-31,34,14,8173.52
12,2025-09-01,2025-09-07,35,7,4200.78
12,2025-09-08,2025-09-14,36,9,3604.18
12,2025-09-15,2025-09-21,37,6,3991.12
12,2025-09-22,2025-09-28,38,5,1894.83
12,2025-09-29,2025-10-05,39,5,2913.58
12,2025-10-06,2025-10-12,40,4,1434.48
12,2025-10-13,2025-10-19,41,10,5310.38
12,2025-10-20,2025-10-26,42,7,2549.73
12,2025-10-27,2025-11-02,43,6,3157.23
12,2025-11-03,2025-11-09,44,15,7439.39
12,2025-11-10,2025-11-16,45,16,8990.61
12,2025-11-17,2025-11-23,46,12,6889.80
12,2025-11-24,2025-11-30,47,13,6863.60
12,2025-12-01,2025-12-07,48,4,1278.16
12,2025-12-08,2025-12-14,49,5,3605.70
12,2025-12-15,2025-12-21,50,10,4432.43
12,2025-12-22,2025-12-28,51,6,2772.96
12,2025-12-29,2026-01-04,52,5,1139.10
13,2024-12-30,2025-01-05,0,10,4933.94
13,2025-01-06,2025-01-12,1,13,7207.59
13,2025-01-13,2025-01-19,2,5,2516.59
13,2025-01-20,2025-01-26,3,11,6221.96
13,2025-01-27,2025-02-02,4,10,6482.20
13,2025-02-03,2025-02-09,5,12,5974.54
13,2025-02-10,2025-02-16,6,11,7256.77
13,2025-02-17,2025-02-23,7,11,6119.21
13,2025-02-24,2025-03-02,8,11,6252.39
13,2025-03-03,2025-03-09,9,12,7192.79
13,2025-03-10,2025-03-16,10,10,6510.12
13,2025-03-17,2025-03-23,11,15,8392.50
13,2025-03-24,2025-03-30,12,13,7725.15
13,2025-03-31,2025-04-06,13,8,3294.13
13,2025-04-07,2025-04-13,14,6,2598.31
13,2025-04-14,2025-04-20,15,11,8647.41
13,2025-04-21,2025-04-27,16,7,3719.08
13,2025-04-28,2025-05-04,17,10,5971.69
13,2025-05-05,2025-05-11,18,9,4122.96
13,2025-05-12,2025-05-18,19,8,3605.70
13,2025-05-19,2025-05-25,20,5,4391.51
13,2025-05-26,2025-06-01,21,8,2919.11
13,2025-06-02,2025-06-08,22,10,4224.00
13,2025-06-09,2025-06-15,23,9,4457.30
13,2025-06-16,2025-06-22,24,8,4403.86
13,2025-06-23,2025-06-29,25,7,3985.31
13,2025-06-30,2025-07-06,26,10,6955.18
13,2025-07-07,2025-07-13,27,7,3189.16
13,2025-07-14,2025-07-20,28,14,7294.16
13,2025-07-21,2025-07-27,29,15,10692.69
13,2025-07-28,2025-08-03,30,9,3722.93
13,2025-08-04,2025-08-10,31,7,2942.06
13,2025-08-11,2025-08-17,32,15,6139.31
13,2025-08-18,2025-08-24,33,13,6350.76
13,2025-08-25,2025-08-31,34,15,7353.10
13,2025-09-01,2025-09-07,35,11,5037.54
13,2025-09-08,2025-09-14,36,15,5624.94
13,2025-09-15,2025-09-21,37,13,6228.75
13,2025-09-22,2025-09-28,38,15,6101.51
13,2025-09-29,2025-10-05,39,8,4724.95
13,2025-10-06,2025-10-12,40,12,5195.49
13,2025-10-13,2025-10-19,41,12,4636.99
13,2025-10-20,2025-10-26,42,9,6754.63
13,2025-10-27,2025-11-02,43,6,2361.61
13,2025-11-03,2025-11-09,44,10,4531.56
13,2025-11-10,2025-11-16,45,10,6527.69
13,2025-11-17,2025-11-23,46,10,3463.19
13,2025-11-24,2025-11-30,47,12,9242.75
13,2025-12-01,2025-12-07,48,12,5580.09
13,2025-12-08,2025-12-14,49,10,7587.03
13,2025-12-15,2025-12-21,50,8,4393.95
13,2025-12-22,2025-12-28,51,8,2894.95
13,2025-12-29,2026-01-04,52,2,633.06
14,2024-12-30,2025-01-05,0,7,3427.70
14,2025-01-06,2025-01-12,1,5,3152.81
14,2025-01-13,2025-01-19,2,10,5507.34
14,2025-01-20,2025-01-26,3,7,3231.88
14,2025-01-27,2025-02-02,4,14,7646.20
14,2025-02-03,2025-02-09,5,11,8113.31
14,2025-02-10,2025-02-16,6,6,3184.26
14,2025-02-17,2025-02-23,7,9,4587.62
14,2025-02-24,2025-03-02,8,7,3694.79
14,2025-03-03,2025-03-09,9,9,4129.39
14,2025-03-10,2025-03-16,10,3,1204.05
14,2025-03-17,2025-03-23,11,12,4545.65
14,2025-03-24,2025-03-30,12,12,4157.35
14,2025-03-31,2025-04-06,13,7,2713.17
14,2025-04-07,2025-04-13,14,9,5070.73
14,2025-04-14,2025-04-20,15,9,6120.16
14,2025-04-21,2025-04-27,16,7,2907.73
14,2025-04-28,2025-05-04,17,12,8879.44
14,2025-05-05,2025-05-11,18,9,3938.35
14,2025-05-12,2025-05-18,19,9,7128.42
14,2025-05-19,2025-05-25,20,8,4449.32
14,2025-05-26,2025-06-01,21,7,2610.80
14,2025-06-02,2025-06-08,22,5,2127.70
14,2025-06-09,2025-06-15,23,9,5400.48
14,2025-06-16,2025-06-22,24,9,5315.17
14,2025-06-23,2025-06-29,25,6,2791.37
14,2025-06-30,2025-07-06,26,3,636.55
14,2025-07-07,2025-07-13,27,14,6274.26
14,2025-07-14,2025-07-20,28,10,2784.02
14,2025-07-21,2025-07-27,29,5,3367.38
14,2025-07-28,2025-08-03,30,11,6377.80
14,2025-08-04,2025-08-10,31,7,3730.94
14,2025-08-11,2025-08-17,32,12,4698.01
14,2025-08-18,2025-08-24,33,13,6163.35
14,2025-08-25,2025-08-31,34,14,9911.94
14,2025-09-01,2025-09-07,35,9,3494.50
14,2025-09-08,2025-09-14,36,5,1507.67
14,2025-09-15,2025-09-21,37,5,1760.57
14,2025-09-22,2025-09-28,38,10,6402.89
14,2025-09-29,2025-10-05,39,11,6770.18
14,2025-10-06,2025-10-12,40,15,9109.27
14,2025-10-13,2025-10-19,41,9,6261.56
14,2025-10-20,2025-10-26,42,6,2363.51
14,2025-10-27,2025-11-02,43,6,4195.40
14,2025-11-03,2025-11-09,44,12,7443.93
14,2025-11-10,2025-11-16,45,11,3751.24
14,2025-11-17,2025-11-23,46,9,3685.84
14,2025-11-24,2025-11-30,47,8,5825.16
14,2025-12-01,2025-12-07,48,18,4883.12
14,2025-12-08,2025-12-14,49,9,3472.18
14,2025-12-15,2025-12-21,50,9,5398.00
14,2025-12-22,2025-12-28,51,11,6660.99
14,2025-12-29,2026-01-04,52,2,722.62
15,2024-12-30,2025-01-05,0,6,3670.02
15,2025-01-06,2025-01-12,1,9,3478.40
15,2025-01-13,2025-01-19,2,14,6965.07
15,2025-01-20,2025-01-26,3,3,2826.04
15,2025-01-27,2025-02-02,4,11,4850.81
15,2025-02-03,2025-02-09,5,5,3215.97
15,2025-02-10,2025-02-16,6,12,6377.31
15,2025-02-17,2025-02-23,7,7,3923.44
15,2025-02-24,2025-03-02,8,9,4439.98
15,2025-03-03,2025-03-09,9,4,962.19
15,2025-03-10,2025-03-16,10,10,6176.85
15,2025-03-17,2025-03-23,11,10,5648.39
15,2025-03-24,2025-03-30,12,11,6374.44
15,2025-03-31,2025-04-06,13,12,5088.08
15,2025-04-07,2025-04-13,14,10,2857.15
15,2025-04-14,2025-04-20,15,7,5386.75
15,2025-04-21,2025-04-27,16,19,8759.30
15,2025-04-28,2025-05-04,17,10,4713.65
15,2025-05-05,2025-05-11,18,12,5509.42
15,2025-05-12,2025-05-18,19,10,5897.83
15,2025-05-19,2025-05-25,20,12,5858.42
15,2025-05-26,2025-06-01,21,6,1400.38
15,2025-06-02,2025-06-08,22,4,1576.64
15,2025-06-09,2025-06-15,23,7,3081.50
15,2025-06-16,2025-06-22,24,7,2857.81
15,2025-06-23,2025-06-29,25,12,4389.57
15,2025-06-30,2025-07-06,26,5,2935.02
15,2025-07-07,2025-07-13,27,11,5794.07
15,2025-07-14,2025-07-20,28,7,3402.00
15,2025-07-21,2025-07-27,29,10,5796.45
15,2025-07-28,2025-08-03,30,9,2639.97
15,2025-08-04,2025-08-10,31,12,6821.64
15,2025-08-11,2025-08-17,32,9,7639.58
15,2025-08-18,2025-08-24,33,2,996.67
15,2025-08-25,2025-08-31,34,8,3314.51
15,2025-09-01,2025-09-07,35,8,3478.14
15,2025-09-08,2025-09-14,36,9,6196.25
15,2025-09-15,2025-09-21,37,6,2304.79
15,2025-09-22,2025-09-28,38,12,7276.87
15,2025-09-29,2025-10-05,39,6,2129.69
15,2025-10-06,2025-10-12,40,7,5378.16
15,2025-10-13,2025-10-19,41,6,2472.21
15,2025-10-20,2025-10-26,42,10,6123.35
15,2025-10-27,2025-11-02,43,14,6697.87
15,2025-11-03,2025-11-09,44,12,8377.64
15,2025-11-10,2025-11-16,45,8,3759.15
15,2025-11-17,2025-11-23,46,11,5470.96
15,2025-11-24,2025-11-30,47,12,4932.80
15,2025-12-01,2025-12-07,48,8,5052.49
15,2025-12-08,2025-12-14,49,14,9254.48
15,2025-12-15,2025-12-21,50,11,5850.88
15,2025-12-22,2025-12-28,51,8,4544.07
15,2025-12-29,2026-01-04,52,4,1859.11
16,2024-12-30,2025-01-05,0,6,1275.73
16,2025-01-06,2025-01-12,1,9,5251.00
16,2025-01-13,2025-01-19,2,11,6439.64
16,2025-01-20,2025-01-26,3,11,7558.37
16,2025-01-27,2025-02-02,4,10,2653.40
16,2025-02-03,2025-02-09,5,12,5939.38
16,2025-02-10,2025-02-16,6,9,3197.70
16,2025-02-17,2025-02-23,7,11,4426.09
16,2025-02-24,2025-03-02,8,8,6006.81
16,2025-03-03,2025-03-09,9,10,4761.16
16,2025-03-10,2025-03-16,10,12,5425.65
16,2025-03-17,2025-03-23,11,11,3605.50
16,2025-03-24,2025-03-30,12,11,8026.77
16,2025-03-31,2025-04-06,13,6,3732.44
16,2025-04-07,2025-04-13,14,15,6244.70
16,2025-04-14,2025-04-20,15,10,6905.30
16,2025-04-21,2025-04-27,16,10,6086.93
16,2025-04-28,2025-05-04,17,7,2492.88
16,2025-05-05,2025-05-11,18,15,7768.05
16,2025-05-12,2025-05-18,19,9,6496.26
16,2025-05-19,2025-05-25,20,12,3107.08
16,2025-05-26,2025-06-01,21,10,5648.17
16,2025-06-02,2025-06-08,22,11,4436.85
16,2025-06-09,2025-06-15,23,6,3564.92
16,2025-06-16,2025-06-22,24,13,7511.51
16,2025-06-23,2025-06-29,25,4,775.35
16,2025-06-30,2025-07-06,26,13,6764.32
16,2025-07-07,2025-07-13,27,10,5891.94
16,2025-07-14,2025-07-20,28,10,6656.03
16,2025-07-21,2025-07-27,29,14,5585.30
16,2025-07-28,2025-08-03,30,5,4018.93
16,2025-08-04,2025-08-10,31,13,6952.34
16,2025-08-11,2025-08-17,32,11,7028.79
16,2025-08-18,2025-08-24,33,14,7061.36
16,2025-08-25,2025-08-31,34,13,7908.06
16,2025-09-01,2025-09-07,35,21,11789.10
16,2025-09-08,2025-09-14,36,6,2740.72
16,2025-09-15,2025-09-21,37,9,4552.83
16,2025-09-22,2025-09-28,38,10,6205.61
16,2025-09-29,2025-10-05,39,12,6199.07
16,2025-10-06,2025-10-12,40,9,3594.38
16,2025-10-13,2025-10-19,41,10,4353.51
16,2025-10-20,2025-10-26,42,5,2585.63
16,2025-10-27,2025-11-02,43,9,6534.59
16,2025-11-03,2025-11-09,44,11,5259.72
16,2025-11-10,2025-11-16,45,12,3728.93
16,2025-11-17,2025-11-23,46,9,5045.64
16,2025-11-24,2025-11-30,47,8,3895.74
16,2025-12-01,2025-12-07,48,9,3734.13
16,2025-12-08,2025-12-14,49,9,4687.34
16,2025-12-15,2025-12-21,50,11,6427.40
16,2025-12-22,2025-12-28,51,9,3383.34
16,2025-12-29,2026-01-04,52,4,1012.28
17,2024-12-30,2025-01-05,0,6,2999.32
17,2025-01-06,2025-01-12,1,9,4856.54
17,2025-01-13,2025-01-19,2,10,7615.45
17,2025-01-20,2025-01-26,3,8,4592.82
17,2025-01-27,2025-02-02,4,8,5182.21
17,2025-02-03,2025-02-09,5,12,4191.86
17,2025-02-10,2025-02-16,6,6,1707.91
17,2025-02-17,2025-02-23,7,10,7519.09
17,2025-02-24,2025-03-02,8,9,4750.72
17,2025-03-03,2025-03-09,9,10,4721.27
17,2025-03-10,2025-03-16,10,6,2949.39
17,2025-03-17,2025-03-23,11,12,8923.43
17,2025-03-24,2025-03-30,12,5,3075.44
17,2025-03-31,2025-04-06,13,13,5845.52
17,2025-04-07,2025-04-13,14,6,2081.52
17,2025-04-14,2025-04-20,15,8,4333.82
17,2025-04-21,2025-04-27,16,6,2333.56
17,2025-04-28,2025-05-04,17,8,4103.83
17,2025-05-05,2025-05-11,18,9,4280.10
17,2025-05-12,2025-05-18,19,16,7130.57
17,2025-05-19,2025-05-25,20,12,6292.44
17,2025-05-26,2025-06-01,21,9,4235.69
17,2025-06-02,2025-06-08,22,9,4353.16
17,2025-06-09,2025-06-15,23,9,5941.25
17,2025-06-16,2025-06-22,24,7,2207.00
17,2025-06-23,2025-06-29,25,13,7457.09
17,2025-06-30,2025-07-06,26,13,6749.74
17,2025-07-07,2025-07-13,27,9,5884.43
17,2025-07-14,2025-07-20,28,13,3973.94
17,2025-07-21,2025-07-27,29,7,2594.73
17,2025-07-28,2025-08-03,30,9,5029.02
17,2025-08-04,2025-08-10,31,7,2766.00
17,2025-08-11,2025-08-17,32,8,4864.62
17,2025-08-18,2025-08-24,33,12,5359.10
17,2025-08-25,2025-08-31,34,7,3331.86
17,2025-09-01,2025-09-07,35,17,8111.46
17,2025-09-08,2025-09-14,36,13,7672.88
17,2025-09-15,2025-09-21,37,8,2020.17
17,2025-09-22,2025-09-28,38,9,3561.43
17,2025-09-29,2025-10-05,39,4,2068.56
17,2025-10-06,2025-10-12,40,11,5160.66
17,2025-10-13,2025-10-19,41,4,2065.89
17,2025-10-20,2025-10-26,42,9,5594.15
17,2025-10-27,2025-11-02,43,11,5868.08
17,2025-11-03,2025-11-09,44,8,3298.51
17,2025-11-10,2025-11-16,45,10,5355.02
17,2025-11-17,2025-11-23,46,7,2184.85
17,2025-11-24,2025-11-30,47,6,4067.22
17,2025-12-01,2025-12-07,48,8,2697.60
17,2025-12-08,2025-12-14,49,16,6957.54
17,2025-12-15,2025-12-21,50,20,8052.83
17,2025-12-22,2025-12-28,51,4,2122.31
17,2025-12-29,2026-01-04,52,4,1185.02
18,2024-12-30,2025-01-05,0,6,3566.27
18,2025-01-06,2025-01-12,1,9,3885.43
18,2025-01-13,2025-01-19,2,11,4806.51
18,2025-01-20,2025-01-26,3,10,2928.01
18,2025-01-27,2025-02-02,4,5,3959.70
18,2025-02-03,2025-02-09,5,9,6402.46
18,2025-02-10,2025-02-16,6,9,3257.60
18,2025-02-17,2025-02-23,7,8,7406.12
18,2025-02-24,2025-03-02,8,6,4472.85
18,2025-03-03,2025-03-09,9,8,4761.05
18,2025-03-10,2025-03-16,10,10,6734.00
18,2025-03-17,2025-03-23,11,9,3554.75
18,2025-03-24,2025-03-30,12,8,3959.38
18,2025-03-31,2025-04-06,13,9,2558.84
18,2025-04-07,2025-04-13,14,6,2636.09
18,2025-04-14,2025-04-20,15,6,1888.15
18,2025-04-21,2025-04-27,16,15,5937.34
18,2025-04-28,2025-05-04,17,11,5170.84
18,2025-05-05,2025-05-11,18,13,5836.11
18,2025-05-12,2025-05-18,19,2,1277.52
18,2025-05-19,2025-05-25,20,8,4044.16
18,2025-05-26,2025-06-01,21,9,7152.36
18,2025-06-02,2025-06-08,22,9,2092.76
18,2025-06-09,2025-06-15,23,14,7304.46
18,2025-06-16,2025-06-22,24,10,4894.03
18,2025-06-23,2025-06-29,25,13,5159.29
18,2025-06-30,2025-07-06,26,7,3375.32
18,2025-07-07,2025-07-13,27,8,4948.01
18,2025-07-14,2025-07-20,28,10,4944.28
18,2025-07-21,2025-07-27,29,10,3925.30
18,2025-07-28,2025-08-03,30,8,3762.11
18,2025-08-04,2025-08-10,31,9,4098.84
18,2025-08-11,2025-08-17,32,8,2888.09
18,2025-08-18,2025-08-24,33,8,3200.54
18,2025-08-25,2025-08-31,34,9,3638.33
18,2025-09-01,2025-09-07,35,10,7287.13
18,2025-09-08,2025-09-14,36,5,1774.84
18,2025-09-15,2025-09-21,37,8,3553.47
18,2025-09-22,2025-09-28,38,12,8460.62
18,2025-09-29,2025-10-05,39,8,4640.68
18,2025-10-06,2025-10-12,40,10,4596.05
18,2025-10-13,2025-10-19,41,7,4336.57
18,2025-10-20,2025-10-26,42,13,5848.14
18,2025-10-27,2025-11-02,43,8,3752.28
18,2025-11-03,2025-11-09,44,16,10913.74
18,2025-11-10,2025-11-16,45,13,7980.61
18,2025-11-17,2025-11-23,46,6,2499.52
18,2025-11-24,2025-11-30,47,10,6132.39
18,2025-12-01,2025-12-07,48,15,10007.77
18,2025-12-08,2025-12-14,49,9,2087.18
18,2025-12-15,2025-12-21,50,15,8353.80
18,2025-12-22,2025-12-28,51,10,4881.63
18,2025-12-29,2026-01-04,52,3,938.10
19,2024-12-30,2025-01-05,0,8,1866.13
19,2025-01-06,2025-01-12,1,9,3901.68
19,2025-01-13,2025-01-19,2,8,4628.27
19,2025-01-20,2025-01-26,3,8,3088.15
19,2025-01-27,2025-02-02,4,7,4899.63
19,2025-02-03,2025-02-09,5,11,7106.10
19,2025-02-10,2025-02-16,6,9,4316.92
19,2025-02-17,2025-02-23,7,10,8706.65
19,2025-02-24,2025-03-02,8,11,7003.07
19,2025-03-03,2025-03-09,9,12,6222.87
19,2025-03-10,2025-03-16,10,6,3870.12
19,2025-03-17,2025-03-23,11,6,2304.56
19,2025-03-24,2025-03-30,12,10,5159.09
19,2025-03-31,2025-04-06,13,8,2925.42
19,2025-04-07,2025-04-13,14,13,6355.78
19,2025-04-14,2025-04-20,15,7,4314.36
19,2025-04-21,2025-04-27,16,9,4458.31
19,2025-04-28,2025-05-04,17,10,4066.69
19,2025-05-05,2025-05-11,18,16,4952.00
19,2025-05-12,2025-05-18,19,10,7150.77
19,2025-05-19,2025-05-25,20,11,6251.25
19,2025-05-26,2025-06-01,21,6,3903.09
19,2025-06-02,2025-06-08,22,12,4929.63
19,2025-06-09,2025-06-15,23,11,5211.82
19,2025-06-16,2025-06-22,24,8,2919.04
19,2025-06-23,2025-06-29,25,7,2379.84
19,2025-06-30,2025-07-06,26,7,3985.19
19,2025-07-07,2025-07-13,27,8,3169.31
19,2025-07-14,2025-07-20,28,12,5147.97
19,2025-07-21,2025-07-27,29,14,6412.00
19,2025-07-28,2025-08-03,30,8,4113.87
19,2025-08-04,2025-08-10,31,8,2493.95
19,2025-08-11,2025-08-17,32,10,6477.17
19,2025-08-18,2025-08-24,33,11,3926.03
19,2025-08-25,2025-08-31,34,14,10744.79
19,2025-09-01,2025-09-07,35,10,4681.41
19,2025-09-08,2025-09-14,36,10,7189.41
19,2025-09-15,2025-09-21,37,9,4944.72
19,2025-09-22,2025-09-28,38,12,5619.88
19,2025-09-29,2025-10-05,39,12,5174.54
19,2025-10-06,2025-10-12,40,17,9243.19
19,2025-10-13,2025-10-19,41,3,1633.74
19,2025-10-20,2025-10-26,42,11,7763.79
19,2025-10-27,2025-11-02,43,6,2074.98
19,2025-11-03,2025-11-09,44,13,5010.94
19,2025-11-10,2025-11-16,45,6,1559.57
19,2025-11-17,2025-11-23,46,9,4127.26
19,2025-11-24,2025-11-30,47,7,4189.85
19,2025-12-01,2025-12-07,48,8,3242.63
19,2025-12-08,2025-12-14,49,18,8554.27
19,2025-12-15,2025-12-21,50,10,7803.77
19,2025-12-22,2025-12-28,51,11,6184.82
19,2025-12-29,2026-01-04,52,2,516.64
2,2024-12-30,2025-01-05,0,3,1475.37
2,2025-01-06,2025-01-12,1,14,6217.97
2,2025-01-13,2025-01-19,2,5,1445.70
2,2025-01-20,2025-01-26,3,7,4126.34
2,2025-01-27,2025-02-02,4,7,3057.36
2,2025-02-03,2025-02-09,5,11,5894.89
2,2025-02-10,2025-02-16,6,10,4175.15
2,2025-02-17,2025-02-23,7,6,3174.69
2,2025-02-24,2025-03-02,8,13,5053.70
2,2025-03-03,2025-03-09,9,15,7542.38
2,2025-03-10,2025-03-16,10,5,4298.84
2,2025-03-17,2025-03-23,11,9,5467.51
2,2025-03-24,2025-03-30,12,7,2626.00
2,2025-03-31,2025-04-06,13,5,2187.79
2,2025-04-07,2025-04-13,14,10,3369.56
2,2025-04-14,2025-04-20,15,7,5180.04
2,2025-04-21,2025-04-27,16,14,7176.58
2,2025-04-28,2025-05-04,17,5,1431.76
2,2025-05-05,2025-05-11,18,6,3224.67
2,2025-05-12,2025-05-18,19,7,4744.46
2,2025-05-19,2025-05-25,20,13,5276.53
2,2025-05-26,2025-06-01,21,8,3727.65
2,2025-06-02,2025-06-08,22,11,6598.81
2,2025-06-09,2025-06-15,23,8,4477.36
2,2025-06-16,2025-06-22,24,12,6240.45
2,2025-06-23,2025-06-29,25,13,4800.09
2,2025-06-30,2025-07-06,26,11,4865.93
2,2025-07-07,2025-07-13,27,13,8058.35
2,2025-07-14,2025-07-20,28,8,4053.02
2,2025-07-21,2025-07-27,29,8,5045.17
2,2025-07-28,2025-08-03,30,9,3122.18
2,2025-08-04,2025-08-10,31,9,5546.12
2,2025-08-11,2025-08-17,32,8,2159.25
2,2025-08-18,2025-08-24,33,8,3500.00
2,2025-08-25,2025-08-31,34,6,5516.38
2,2025-09-01,2025-09-07,35,10,4702.03
2,2025-09-08,2025-09-14,36,8,3478.69
2,2025-09-15,2025-09-21,37,7,2900.31
2,2025-09-22,2025-09-28,38,12,7996.38
2,2025-09-29,2025-10-05,39,7,5927.21
2,2025-10-06,2025-10-12,40,8,3157.96
2,2025-10-13,2025-10-19,41,11,6374.64
2,2025-10-20,2025-10-26,42,8,3802.20
2,2025-10-27,2025-11-02,43,11,4624.05
2,2025-11-03,2025-11-09,44,15,6149.77
2,2025-11-10,2025-11-16,45,13,7356.64
2,2025-11-17,2025-11-23,46,9,3163.26
2,2025-11-24,2025-11-30,47,9,3611.25
2,2025-12-01,2025-12-07,48,10,5101.74
2,2025-12-08,2025-12-14,49,9,3914.35
2,2025-12-15,2025-12-21,50,10,6269.39
2,2025-12-22,2025-12-28,51,7,3424.21
2,2025-12-29,2026-01-04,52,4,2409.32
20,2024-12-30,2025-01-05,0,9,4147.89
20,2025-01-06,2025-01-12,1,9,4426.89
20,2025-01-13,2025-01-19,2,15,7870.77
20,2025-01-20,2025-01-26,3,10,5221.24
20,2025-01-27,2025-02-02,4,4,2206.56
20,2025-02-03,2025-02-09,5,6,3402.44
20,2025-02-10,2025-02-16,6,10,5995.56
20,2025-02-17,2025-02-23,7,9,4222.96
20,2025-02-24,2025-03-02,8,8,7475.14
20,2025-03-03,2025-03-09,9,11,5004.65
20,2025-03-10,2025-03-16,10,12,6119.06
20,2025-03-17,2025-03-23,11,6,3989.87
20,2025-03-24,2025-03-30,12,12,7698.35
20,2025-03-31,2025-04-06,13,8,2687.50
20,2025-04-07,2025-04-13,14,6,3088.54
20,2025-04-14,2025-04-20,15,11,7357.35
20,2025-04-21,2025-04-27,16,14,9218.60
20,2025-04-28,2025-05-04,17,6,3022.72
20,2025-05-05,2025-05-11,18,11,8098.47
20,2025-05-12,2025-05-18,19,9,3881.90
20,2025-05-19,2025-05-25,20,14,5031.31
20,2025-05-26,2025-06-01,21,8,5823.28
20,2025-06-02,2025-06-08,22,20,12499.32
20,2025-06-09,2025-06-15,23,11,7027.18
20,2025-06-16,2025-06-22,24,8,6123.08
20,2025-06-23,2025-06-29,25,8,1763.47
20,2025-06-30,2025-07-06,26,9,3529.73
20,2025-07-07,2025-07-13,27,14,6964.49
20,2025-07-14,2025-07-20,28,10,4478.22
20,2025-07-21,2025-07-27,29,9,8127.75
20,2025-07-28,2025-08-03,30,15,7575.24
20,2025-08-04,2025-08-10,31,10,7582.87
20,2025-08-11,2025-08-17,32,5,4120.57
20,2025-08-18,2025-08-24,33,8,3417.90
20,2025-08-25,2025-08-31,34,16,8190.91
20,2025-09-01,2025-09-07,35,12,6013.58
20,2025-09-08,2025-09-14,36,10,6984.31
20,2025-09-15,2025-09-21,37,18,11853.08
20,2025-09-22,2025-09-28,38,9,6001.82
20,2025-09-29,2025-10-05,39,15,6121.82
20,2025-10-06,2025-10-12,40,12,8202.90
20,2025-10-13,2025-10-19,41,10,3990.99
20,2025-10-20,2025-10-26,42,14,6638.39
20,2025-10-27,2025-11-02,43,9,4634.70
20,2025-11-03,2025-11-09,44,12,5721.46
20,2025-11-10,2025-11-16,45,13,7683.85
20,2025-11-17,2025-11-23,46,11,5354.27
20,2025-11-24,2025-11-30,47,5,3362.56
20,2025-12-01,2025-12-07,48,13,6458.79
20,2025-12-08,2025-12-14,49,7,1482.53
20,2025-12-15,2025-12-21,50,13,6299.36
20,2025-12-22,2025-12-28,51,14,8810.32
20,2025-12-29,2026-01-04,52,4,1972.68
21,2024-12-30,2025-01-05,0,6,3595.76
21,2025-01-06,2025-01-12,1,7,3910.70
21,2025-01-13,2025-01-19,2,10,3569.42
21,2025-01-20,2025-01-26,3,4,1285.55
21,2025-01-27,2025-02-02,4,10,4228.69
21,2025-02-03,2025-02-09,5,8,4837.59
21,2025-02-10,2025-02-16,6,12,5349.90
21,2025-02-17,2025-02-23,7,9,4758.93
21,2025-02-24,2025-03-02,8,10,3971.19
21,2025-03-03,2025-03-09,9,5,1764.54
21,2025-03-10,2025-03-16,10,5,3378.09
21,2025-03-17,2025-03-23,11,15,7699.87
21,2025-03-24,2025-03-30,12,8,5064.45
21,2025-03-31,2025-04-06,13,11,6548.00
21,2025-04-07,2025-04-13,14,12,6907.08
21,2025-04-14,2025-04-20,15,19,8669.31
21,2025-04-21,2025-04-27,16,10,6594.19
21,2025-04-28,2025-05-04,17,13,6798.38
21,2025-05-05,2025-05-11,18,8,4322.80
21,2025-05-12,2025-05-18,19,12,7816.82
21,2025-05-19,2025-05-25,20,10,4166.48
21,2025-05-26,2025-06-01,21,9,8493.32
21,2025-06-02,2025-06-08,22,4,1816.35
21,2025-06-09,2025-06-15,23,8,3093.18
21,2025-06-16,2025-06-22,24,7,4396.24
21,2025-06-23,2025-06-29,25,5,2636.00
21,2025-06-30,2025-07-06,26,7,3012.47
21,2025-07-07,2025-07-13,27,11,5896.82
21,2025-07-14,2025-07-20,28,14,4081.74
21,2025-07-21,2025-07-27,29,13,7724.85
21,2025-07-28,2025-08-03,30,8,2911.40
21,2025-08-04,2025-08-10,31,8,3736.39
21,2025-08-11,2025-08-17,32,10,3452.19
21,2025-08-18,2025-08-24,33,9,2620.54
21,2025-08-25,2025-08-31,34,10,5288.40
21,2025-09-01,2025-09-07,35,7,2352.42
21,2025-09-08,2025-09-14,36,10,3792.23
21,2025-09-15,2025-09-21,37,14,7367.42
21,2025-09-22,2025-09-28,38,3,1720.66
21,2025-09-29,2025-10-05,39,15,5795.94
21,2025-10-06,2025-10-12,40,13,8835.08
21,2025-10-13,2025-10-19,41,11,5216.73
21,2025-10-20,2025-10-26,42,13,7912.96
21,2025-10-27,2025-11-02,43,11,6497.42
21,2025-11-03,2025-11-09,44,5,2531.91
21,2025-11-10,2025-11-16,45,14,10987.48
21,2025-11-17,2025-11-23,46,12,5794.06
21,2025-11-24,2025-11-30,47,13,8094.97
21,2025-12-01,2025-12-07,48,8,4426.77
21,2025-12-08,2025-12-14,49,9,4710.53
21,2025-12-15,2025-12-21,50,7,4301.47
21,2025-12-22,2025-12-28,51,9,7191.76
21,2025-12-29,2026-01-04,52,2,1319.13
22,2024-12-30,2025-01-05,0,7,3881.58
22,2025-01-06,2025-01-12,1,11,7023.01
22,2025-01-13,2025-01-19,2,8,3433.68
22,2025-01-20,2025-01-26,3,6,4103.21
22,2025-01-27,2025-02-02,4,9,4931.26
22,2025-02-03,2025-02-09,5,14,7356.07
22,2025-02-10,2025-02-16,6,7,4209.38
22,2025-02-17,2025-02-23,7,5,2212.67
22,2025-02-24,2025-03-02,8,12,6721.47
22,2025-03-03,2025-03-09,9,7,3011.77
22,2025-03-10,2025-03-16,10,12,6149.99
22,2025-03-17,2025-03-23,11,10,6199.13
22,2025-03-24,2025-03-30,12,8,2127.15
22,2025-03-31,2025-04-06,13,7,3769.83
22,2025-04-07,2025-04-13,14,11,5603.43
22,2025-04-14,2025-04-20,15,11,5520.99
22,2025-04-21,2025-04-27,16,16,6292.86
22,2025-04-28,2025-05-04,17,19,10162.60
22,2025-05-05,2025-05-11,18,10,5115.68
22,2025-05-12,2025-05-18,19,8,5666.08
22,2025-05-19,2025-05-25,20,12,6689.01
22,2025-05-26,2025-06-01,21,7,4442.16
22,2025-06-02,2025-06-08,22,8,3780.90
22,2025-06-09,2025-06-15,23,9,5849.31
22,2025-06-16,2025-06-22,24,8,6280.02
22,2025-06-23,2025-06-29,25,10,4022.23
22,2025-06-30,2025-07-06,26,10,6132.48
22,2025-07-07,2025-07-13,27,13,8777.15
22,2025-07-14,2025-07-20,28,9,4131.27
22,2025-07-21,2025-07-27,29,13,4452.19
22,2025-07-28,2025-08-03,30,6,3601.68
22,2025-08-04,2025-08-10,31,11,7287.65
22,2025-08-11,2025-08-17,32,12,7470.74
22,2025-08-18,2025-08-24,33,8,5071.33
22,2025-08-25,2025-08-31,34,9,3546.10
22,2025-09-01,2025-09-07,35,5,2512.72
22,2025-09-08,2025-09-14,36,9,3396.37
22,2025-09-15,2025-09-21,37,10,4781.69
22,2025-09-22,2025-09-28,38,10,4443.22
22,2025-09-29,2025-10-05,39,12,5630.72
22,2025-10-06,2025-10-12,40,8,3667.76
22,2025-10-13,2025-10-19,41,5,3280.95
22,2025-10-20,2025-10-26,42,6,7056.74
22,2025-10-27,2025-11-02,43,4,1729.95
22,2025-11-03,2025-11-09,44,11,6755.99
22,2025-11-10,2025-11-16,45,16,9764.16
22,2025-11-17,2025-11-23,46,6,1597.45
22,2025-11-24,2025-11-30,47,4,2682.92
22,2025-12-01,2025-12-07,48,8,3089.38
22,2025-12-08,2025-12-14,49,10,4478.14
22,2025-12-15,2025-12-21,50,5,2491.24
22,2025-12-22,2025-12-28,51,7,1714.30
22,2025-12-29,2026-01-04,52,5,3417.91
23,2024-12-30,2025-01-05,0,4,1543.46
23,2025-01-06,2025-01-12,1,7,5145.13
23,2025-01-13,2025-01-19,2,12,8355.54
23,2025-01-20,2025-01-26,3,5,3047.33
23,2025-01-27,2025-02-02,4,9,4834.22
23,2025-02-03,2025-02-09,5,11,3449.29
23,2025-02-10,2025-02-16,6,15,7670.03
23,2025-02-17,2025-02-23,7,15,8398.49
23,2025-02-24,2025-03-02,8,14,9782.98
23,2025-03-03,2025-03-09,9,13,7658.33
23,2025-03-10,2025-03-16,10,11,7912.52
23,2025-03-17,2025-03-23,11,9,5943.92
23,2025-03-24,2025-03-30,12,12,6373.37
23,2025-03-31,2025-04-06,13,6,3591.13
23,2025-04-07,2025-04-13,14,11,3718.86
23,2025-04-14,2025-04-20,15,16,8444.18
23,2025-04-21,2025-04-27,16,8,4949.70
23,2025-04-28,2025-05-04,17,14,8706.51
23,2025-05-05,2025-05-11,18,9,5381.26
23,2025-05-12,2025-05-18,19,14,8493.03
23,2025-05-19,2025-05-25,20,9,4318.46
23,2025-05-26,2025-06-01,21,13,6796.26
23,2025-06-02,2025-06-08,22,7,4821.12
23,2025-06-09,2025-06-15,23,9,5694.30
23,2025-06-16,2025-06-22,24,5,1503.66
23,2025-06-23,2025-06-29,25,13,5281.29
23,2025-06-30,2025-07-06,26,14,7758.78
23,2025-07-07,2025-07-13,27,8,4411.03
23,2025-07-14,2025-07-20,28,11,7329.28
23,2025-07-21,2025-07-27,29,4,1630.81
23,2025-07-28,2025-08-03,30,9,3801.71
23,2025-08-04,2025-08-10,31,8,2915.09
23,2025-08-11,2025-08-17,32,8,3792.11
23,2025-08-18,2025-08-24,33,10,6524.22
23,2025-08-25,2025-08-31,34,5,2342.36
23,2025-09-01,2025-09-07,35,8,6022.05
23,2025-09-08,2025-09-14,36,11,7186.35
23,2025-09-15,2025-09-21,37,9,4471.41
23,2025-09-22,2025-09-28,38,10,5518.03
23,2025-09-29,2025-10-05,39,6,2380.67
23,2025-10-06,2025-10-12,40,11,6229.19
23,2025-10-13,2025-10-19,41,10,3780.83
23,2025-10-20,2025-10-26,42,13,5674.02
23,2025-10-27,2025-11-02,43,7,3832.45
23,2025-11-03,2025-11-09,44,10,6343.55
23,2025-11-10,2025-11-16,45,6,3217.96
23,2025-11-17,2025-11-23,46,9,4049.08
23,2025-11-24,2025-11-30,47,8,5295.76
23,2025-12-01,2025-12-07,48,11,7292.27
23,2025-12-08,2025-12-14,49,6,2848.34
23,2025-12-15,2025-12-21,50,5,3171.27
23,2025-12-22,2025-12-28,51,11,5097.22
23,2025-12-29,2026-01-04,52,8,4144.73
24,2024-12-30,2025-01-05,0,11,4280.88
24,2025-01-06,2025-01-12,1,9,5720.61
24,2025-01-13,2025-01-19,2,12,4294.23
24,2025-01-20,2025-01-26,3,10,7044.01
24,2025-01-27,2025-02-02,4,13,6171.79
24,2025-02-03,2025-02-09,5,6,1915.87
24,2025-02-10,2025-02-16,6,9,5480.85
24,2025-02-17,2025-02-23,7,9,5917.16
24,2025-02-24,2025-03-02,8,11,3275.96
24,2025-03-03,2025-03-09,9,13,6341.59
24,2025-03-10,2025-03-16,10,8,6931.52
24,2025-03-17,2025-03-23,11,11,6452.12
24,2025-03-24,2025-03-30,12,11,3841.30
24,2025-03-31,2025-04-06,13,6,3356.13
24,2025-04-07,2025-04-13,14,14,6780.93
24,2025-04-14,2025-04-20,15,8,5331.78
24,2025-04-21,2025-04-27,16,16,10286.56
24,2025-04-28,2025-05-04,17,11,5038.34
24,2025-05-05,2025-05-11,18,8,3895.28
24,2025-05-12,2025-05-18,19,6,2733.27
24,2025-05-19,2025-05-25,20,12,5920.85
24,2025-05-26,2025-06-01,21,12,7676.94
24,2025-06-02,2025-06-08,22,13,7703.88
24,2025-06-09,2025-06-15,23,8,5150.85
24,2025-06-16,2025-06-22,24,10,5428.87
24,2025-06-23,2025-06-29,25,6,2178.99
24,2025-06-30,2025-07-06,26,4,2057.63
24,2025-07-07,2025-07-13,27,5,2658.25
24,2025-07-14,2025-07-20,28,11,6666.91
24,2025-07-21,2025-07-27,29,5,2361.33
24,2025-07-28,2025-08-03,30,10,7953.14
24,2025-08-04,2025-08-10,31,10,5461.97
24,2025-08-11,2025-08-17,32,5,4074.61
24,2025-08-18,2025-08-24,33,12,5276.96
24,2025-08-25,2025-08-31,34,13,5799.45
24,2025-09-01,2025-09-07,35,6,4402.55
24,2025-09-08,2025-09-14,36,9,4449.09
24,2025-09-15,2025-09-21,37,12,3987.29
24,2025-09-22,2025-09-28,38,14,7479.10
24,2025-09-29,2025-10-05,39,11,3450.98
24,2025-10-06,2025-10-12,40,13,4851.15
24,2025-10-13,2025-10-19,41,10,5124.35
24,2025-10-20,2025-10-26,42,9,3948.10
24,2025-10-27,2025-11-02,43,13,10899.41
24,2025-11-03,2025-11-09,44,12,3945.68
24,2025-11-10,2025-11-16,45,12,6852.39
24,2025-11-17,2025-11-23,46,8,4330.82
24,2025-11-24,2025-11-30,47,7,4170.16
24,2025-12-01,2025-12-07,48,8,4819.66
24,2025-12-08,2025-12-14,49,10,4845.31
24,2025-12-15,2025-12-21,50,13,7206.93
24,2025-12-22,2025-12-28,51,7,3708.31
24,2025-12-29,2026-01-04,52,6,3235.16
25,2024-12-30,2025-01-05,0,2,822.84
25,2025-01-06,2025-01-12,1,16,6423.66
25,2025-01-13,2025-01-19,2,10,4474.70
25,2025-01-20,2025-01-26,3,5,1995.68
25,2025-01-27,2025-02-02,4,8,5735.26
25,2025-02-03,2025-02-09,5,10,7863.13
25,2025-02-10,2025-02-16,6,14,7519.54
25,2025-02-17,2025-02-23,7,9,5447.35
25,2025-02-24,2025-03-02,8,9,4180.10
25,2025-03-03,2025-03-09,9,7,2623.86
25,2025-03-10,2025-03-16,10,12,5759.09
25,2025-03-17,2025-03-23,11,8,2995.52
25,2025-03-24,2025-03-30,12,12,5854.48
25,2025-03-31,2025-04-06,13,10,6284.13
25,2025-04-07,2025-04-13,14,10,6041.21
25,2025-04-14,2025-04-20,15,8,4811.64
25,2025-04-21,2025-04-27,16,11,5725.64
25,2025-04-28,2025-05-04,17,14,6804.96
25,2025-05-05,2025-05-11,18,17,8453.43
25,2025-05-12,2025-05-18,19,9,5017.70
25,2025-05-19,2025-05-25,20,6,3295.88
25,2025-05-26,2025-06-01,21,8,4794.80
25,2025-06-02,2025-06-08,22,10,5074.84
25,2025-06-09,2025-06-15,23,8,2707.87
25,2025-06-16,2025-06-22,24,8,3931.66
25,2025-06-23,2025-06-29,25,9,4639.45
25,2025-06-30,2025-07-06,26,10,9824.25
25,2025-07-07,2025-07-13,27,10,5141.03
25,2025-07-14,2025-07-20,28,7,2726.85
25,2025-07-21,2025-07-27,29,9,3443.13
25,2025-07-28,2025-08-03,30,9,5734.16
25,2025-08-04,2025-08-10,31,5,2308.27
25,2025-08-11,2025-08-17,32,5,1695.28
25,2025-08-18,2025-08-24,33,10,4370.33
25,2025-08-25,2025-08-31,34,5,2362.05
25,2025-09-01,2025-09-07,35,5,1211.37
25,2025-09-08,2025-09-14,36,12,6873.74
25,2025-09-15,2025-09-21,37,6,2324.67
25,2025-09-22,2025-09-28,38,8,4038.49
25,2025-09-29,2025-10-05,39,3,1330.02
25,2025-10-06,2025-10-12,40,8,4125.50
25,2025-10-13,2025-10-19,41,7,4663.00
25,2025-10-20,2025-10-26,42,7,2317.75
25,2025-10-27,2025-11-02,43,10,4130.04
25,2025-11-03,2025-11-09,44,9,5756.33
25,2025-11-10,2025-11-16,45,8,5327.81
25,2025-11-17,2025-11-23,46,11,4729.01
25,2025-11-24,2025-11-30,47,3,704.79
25,2025-12-01,2025-12-07,48,15,8680.14
25,2025-12-08,2025-12-14,49,10,7982.11
25,2025-12-15,2025-12-21,50,7,3269.03
25,2025-12-22,2025-12-28,51,9,7120.57
25,2025-12-29,2026-01-04,52,4,2215.25
26,2024-12-30,2025-01-05,0,8,2943.89
26,2025-01-06,2025-01-12,1,6,2976.94
26,2025-01-13,2025-01-19,2,9,4064.33
26,2025-01-20,2025-01-26,3,13,5618.49
26,2025-01-27,2025-02-02,4,10,4591.82
26,2025-02-03,2025-02-09,5,5,2188.95
26,2025-02-10,2025-02-16,6,6,3103.03
26,2025-02-17,2025-02-23,7,3,1370.47
26,2025-02-24,2025-03-02,8,9,6541.16
26,2025-03-03,2025-03-09,9,5,2638.69
26,2025-03-10,2025-03-16,10,14,5894.29
26,2025-03-17,2025-03-23,11,9,4032.17
26,2025-03-24,2025-03-30,12,11,7095.67
26,2025-03-31,2025-04-06,13,11,8263.34
26,2025-04-07,2025-04-13,14,12,6974.82
26,2025-04-14,2025-04-20,15,8,5858.26
26,2025-04-21,2025-04-27,16,11,5247.04
26,2025-04-28,2025-05-04,17,14,6936.15
26,2025-05-05,2025-05-11,18,12,5883.52
26,2025-05-12,2025-05-18,19,14,8916.97
26,2025-05-19,2025-05-25,20,11,5497.30
26,2025-05-26,2025-06-01,21,17,7958.11
26,2025-06-02,2025-06-08,22,7,4238.97
26,2025-06-09,2025-06-15,23,8,3108.72
26,2025-06-16,2025-06-22,24,7,6052.93
26,2025-06-23,2025-06-29,25,8,4798.81
26,2025-06-30,2025-07-06,26,13,5400.66
26,2025-07-07,2025-07-13,27,11,3100.88
26,2025-07-14,2025-07-20,28,9,5363.59
26,2025-07-21,2025-07-27,29,9,3303.35
26,2025-07-28,2025-08-03,30,10,4323.42
26,2025-08-04,2025-08-10,31,11,7371.66
26,2025-08-11,2025-08-17,32,10,3979.82
26,2025-08-18,2025-08-24,33,10,5728.85
26,2025-08-25,2025-08-31,34,8,2956.42
26,2025-09-01,2025-09-07,35,13,9626.00
26,2025-09-08,2025-09-14,36,11,5411.24
26,2025-09-15,2025-09-21,37,9,5472.25
26,2025-09-22,2025-09-28,38,3,1420.55
26,2025-09-29,2025-10-05,39,9,4675.25
26,2025-10-06,2025-10-12,40,6,3095.06
26,2025-10-13,2025-10-19,41,8,3797.29
26,2025-10-20,2025-10-26,42,8,5351.05
26,2025-10-27,2025-11-02,43,12,5118.70
26,2025-11-03,2025-11-09,44,9,5433.43
26,2025-11-10,2025-11-16,45,9,3857.57
26,2025-11-17,2025-11-23,46,9,7564.11
26,2025-11-24,2025-11-30,47,9,6862.00
26,2025-12-01,2025-12-07,48,10,6628.78
26,2025-12-08,2025-12-14,49,15,8124.53
26,2025-12-15,2025-12-21,50,9,3112.19
26,2025-12-22,2025-12-28,51,7,3374.11
26,2025-12-29,2026-01-04,52,3,1819.33
27,2024-12-30,2025-01-05,0,7,3155.92
27,2025-01-06,2025-01-12,1,9,4786.95
27,2025-01-13,2025-01-19,2,5,2281.95
27,2025-01-20,2025-01-26,3,9,5688.41
27,2025-01-27,2025-02-02,4,3,2324.44
27,2025-02-03,2025-02-09,5,12,6112.95
27,2025-02-10,2025-02-16,6,9,4295.61
27,2025-02-17,2025-02-23,7,10,5471.04
27,2025-02-24,2025-03-02,8,13,5720.13
27,2025-03-03,2025-03-09,9,11,6818.84
27,2025-03-10,2025-03-16,10,12,6354.73
27,2025-03-17,2025-03-23,11,8,2784.94
27,2025-03-24,2025-03-30,12,14,6997.25
27,2025-03-31,2025-04-06,13,10,4372.02
27,2025-04-07,2025-04-13,14,2,614.04
27,2025-04-14,2025-04-20,15,14,7968.88
27,2025-04-21,2025-04-27,16,12,6701.39
27,2025-04-28,2025-05-04,17,8,4314.98
27,2025-05-05,2025-05-11,18,11,7328.91
27,2025-05-12,2025-05-18,19,9,4123.54
27,2025-05-19,2025-05-25,20,13,5346.77
27,2025-05-26,2025-06-01,21,6,1819.01
27,2025-06-02,2025-06-08,22,12,6510.46
27,2025-06-09,2025-06-15,23,6,2531.66
27,2025-06-16,2025-06-22,24,13,7886.84
27,2025-06-23,2025-06-29,25,11,6789.86
27,2025-06-30,2025-07-06,26,9,7839.84
27,2025-07-07,2025-07-13,27,8,3999.72
27,2025-07-14,2025-07-20,28,10,4922.13
27,2025-07-21,2025-07-27,29,13,7026.50
27,2025-07-28,2025-08-03,30,8,3776.42
27,2025-08-04,2025-08-10,31,12,8430.45
27,2025-08-11,2025-08-17,32,11,9020.14
27,2025-08-18,2025-08-24,33,10,5239.47
27,2025-08-25,2025-08-31,34,7,3567.85
27,2025-09-01,2025-09-07,35,11,5961.61
27,2025-09-08,2025-09-14,36,12,6850.00
27,2025-09-15,2025-09-21,37,8,4824.05
27,2025-09-22,2025-09-28,38,9,3293.93
27,2025-09-29,2025-10-05,39,8,2968.58
27,2025-10-06,2025-10-12,40,12,5579.81
27,2025-10-13,2025-10-19,41,14,8374.58
27,2025-10-20,2025-10-26,42,10,4836.93
27,2025-10-27,2025-11-02,43,13,9032.14
27,2025-11-03,2025-11-09,44,8,4695.92
27,2025-11-10,2025-11-16,45,8,4287.81
27,2025-11-17,2025-11-23,46,12,4793.03
27,2025-11-24,2025-11-30,47,9,5235.70
27,2025-12-01,2025-12-07,48,10,4929.81
27,2025-12-08,2025-12-14,49,7,5483.74
27,2025-12-15,2025-12-21,50,12,7134.89
27,2025-12-22,2025-12-28,51,9,3971.62
27,2025-12-29,2026-01-04,52,4,1086.99
28,2024-12-30,2025-01-05,0,6,2938.38
28,2025-01-06,2025-01-12,1,16,8427.63
28,2025-01-13,2025-01-19,2,6,1124.45
28,2025-01-20,2025-01-26,3,10,6634.23
28,2025-01-27,2025-02-02,4,5,4708.42
28,2025-02-03,2025-02-09,5,13,7121.62
28,2025-02-10,2025-02-16,6,11,5790.94
28,2025-02-17,2025-02-23,7,5,1580.21
28,2025-02-24,2025-03-02,8,12,6284.18
28,2025-03-03,2025-03-09,9,12,6344.52
28,2025-03-10,2025-03-16,10,7,2387.83
28,2025-03-17,2025-03-23,11,9,6637.76
28,2025-03-24,2025-03-30,12,11,5741.10
28,2025-03-31,2025-04-06,13,13,7623.34
28,2025-04-07,2025-04-13,14,18,11310.95
28,2025-04-14,2025-04-20,15,4,1869.65
28,2025-04-21,2025-04-27,16,10,3423.40
28,2025-04-28,2025-05-04,17,7,2155.89
28,2025-05-05,2025-05-11,18,6,2584.89
28,2025-05-12,2025-05-18,19,10,4221.96
28,2025-05-19,2025-05-25,20,14,8019.08
28,2025-05-26,2025-06-01,21,7,3465.20
28,2025-06-02,2025-06-08,22,10,3682.59
28,2025-06-09,2025-06-15,23,8,5810.38
28,2025-06-16,2025-06-22,24,5,2607.37
28,2025-06-23,2025-06-29,25,6,2739.06
28,2025-06-30,2025-07-06,26,13,6472.56
28,2025-07-07,2025-07-13,27,8,4758.91
28,2025-07-14,2025-07-20,28,11,6938.84
28,2025-07-21,2025-07-27,29,8,6877.38
28,2025-07-28,2025-08-03,30,7,1146.59
28,2025-08-04,2025-08-10,31,6,3282.75
28,2025-08-11,2025-08-17,32,10,3340.79
28,2025-08-18,2025-08-24,33,4,1173.30
28,2025-08-25,2025-08-31,34,10,4270.48
28,2025-09-01,2025-09-07,35,7,4132.93
28,2025-09-08,2025-09-14,36,6,2087.70
28,2025-09-15,2025-09-21,37,8,4441.53
28,2025-09-22,2025-09-28,38,5,2639.93
28,2025-09-29,2025-10-05,39,10,5206.08
28,2025-10-06,2025-10-12,40,6,3237.84
28,2025-10-13,2025-10-19,41,10,4046.29
28,2025-10-20,2025-10-26,42,8,5998.54
28,2025-10-27,2025-11-02,43,7,2404.16
28,2025-11-03,2025-11-09,44,10,5212.30
28,2025-11-10,2025-11-16,45,4,1354.99
28,2025-11-17,2025-11-23,46,12,7681.24
28,2025-11-24,2025-11-30,47,8,4026.78
28,2025-12-01,2025-12-07,48,6,3764.05
28,2025-12-08,2025-12-14,49,9,6861.16
28,2025-12-15,2025-12-21,50,12,8094.59
28,2025-12-22,2025-12-28,51,9,3578.69
28,2025-12-29,2026-01-04,52,8,3452.72
29,2024-12-30,2025-01-05,0,7,4398.23
29,2025-01-06,2025-01-12,1,9,8443.96
29,2025-01-13,2025-01-19,2,11,6639.23
29,2025-01-20,2025-01-26,3,6,3833.27
29,2025-01-27,2025-02-02,4,16,10573.54
29,2025-02-03,2025-02-09,5,8,4522.07
29,2025-02-10,2025-02-16,6,10,6223.54
29,2025-02-17,2025-02-23,7,8,5710.08
29,2025-02-24,2025-03-02,8,7,4320.65
29,2025-03-03,2025-03-09,9,16,8866.88
29,2025-03-10,2025-03-16,10,7,2320.76
29,2025-03-17,2025-03-23,11,16,7968.76
29,2025-03-24,2025-03-30,12,13,5096.76
29,2025-03-31,2025-04-06,13,9,4326.68
29,2025-04-07,2025-04-13,14,14,6048.10
29,2025-04-14,2025-04-20,15,7,3761.24
29,2025-04-21,2025-04-27,16,3,1503.97
29,2025-04-28,2025-05-04,17,5,3473.37
29,2025-05-05,2025-05-11,18,4,1045.66
29,2025-05-12,2025-05-18,19,9,5975.34
29,2025-05-19,2025-05-25,20,5,2044.10
29,2025-05-26,2025-06-01,21,16,8451.83
29,2025-06-02,2025-06-08,22,13,6485.18
29,2025-06-09,2025-06-15,23,7,2989.82
29,2025-06-16,2025-06-22,24,6,3191.56
29,2025-06-23,2025-06-29,25,11,7496.15
29,2025-06-30,2025-07-06,26,13,7692.72
29,2025-07-07,2025-07-13,27,5,1195.73
29,2025-07-14,2025-07-20,28,9,6221.15
29,2025-07-21,2025-07-27,29,17,6562.86
29,2025-07-28,2025-08-03,30,7,3561.89
29,2025-08-04,2025-08-10,31,10,5194.15
29,2025-08-11,2025-08-17,32,8,3204.23
29,2025-08-18,2025-08-24,33,10,5298.92
29,2025-08-25,2025-08-31,34,8,5586.28
29,2025-09-01,2025-09-07,35,7,4805.31
29,2025-09-08,2025-09-14,36,13,9430.52
29,2025-09-15,2025-09-21,37,11,5877.14
29,2025-09-22,2025-09-28,38,13,6691.83
29,2025-09-29,2025-10-05,39,15,10199.92
29,2025-10-06,2025-10-12,40,10,7003.23
29,2025-10-13,2025-10-19,41,5,2492.29
29,2025-10-20,2025-10-26,42,11,4468.02
29,2025-10-27,2025-11-02,43,8,6536.06
29,2025-11-03,2025-11-09,44,12,7556.48
29,2025-11-10,2025-11-16,45,10,6194.93
29,2025-11-17,2025-11-23,46,9,3578.83
29,2025-11-24,2025-11-30,47,15,9571.11
29,2025-12-01,2025-12-07,48,3,255.71
29,2025-12-08,2025-12-14,49,13,7463.43
29,2025-12-15,2025-12-21,50,6,2688.72
29,2025-12-22,2025-12-28,51,15,7050.53
29,2025-12-29,2026-01-04,52,6,1804.12
3,2024-12-30,2025-01-05,0,6,3391.21
3,2025-01-06,2025-01-12,1,8,3624.34
3,2025-01-13,2025-01-19,2,9,6120.15
3,2025-01-20,2025-01-26,3,6,4332.19
3,2025-01-27,2025-02-02,4,10,5252.68
3,2025-02-03,2025-02-09,5,10,7406.87
3,2025-02-10,2025-02-16,6,6,1861.50
3,2025-02-17,2025-02-23,7,13,7846.88
3,2025-02-24,2025-03-02,8,7,2500.58
3,2025-03-03,2025-03-09,9,12,7986.09
3,2025-03-10,2025-03-16,10,14,8228.14
3,2025-03-17,2025-03-23,11,7,4208.89
3,2025-03-24,2025-03-30,12,10,4422.87
3,2025-03-31,2025-04-06,13,14,6413.18
3,2025-04-07,2025-04-13,14,10,5998.16
3,2025-04-14,2025-04-20,15,9,4323.15
3,2025-04-21,2025-04-27,16,6,3957.90
3,2025-04-28,2025-05-04,17,8,3274.24
3,2025-05-05,2025-05-11,18,8,3796.48
3,2025-05-12,2025-05-18,19,7,4520.87
3,2025-05-19,2025-05-25,20,8,2769.70
3,2025-05-26,2025-06-01,21,9,5656.47
3,2025-06-02,2025-06-08,22,8,4148.46
3,2025-06-09,2025-06-15,23,10,5203.67
3,2025-06-16,2025-06-22,24,10,6670.37
3,2025-06-23,2025-06-29,25,11,6725.99
3,2025-06-30,2025-07-06,26,13,7086.01
3,2025-07-07,2025-07-13,27,13,7997.21
3,2025-07-14,2025-07-20,28,11,4653.97
3,2025-07-21,2025-07-27,29,11,5504.47
3,2025-07-28,2025-08-03,30,7,3590.70
3,2025-08-04,2025-08-10,31,11,10062.35
3,2025-08-11,2025-08-17,32,11,4228.75
3,2025-08-18,2025-08-24,33,10,6004.85
3,2025-08-25,2025-08-31,34,8,4277.38
3,2025-09-01,2025-09-07,35,10,6492.76
3,2025-09-08,2025-09-14,36,10,7670.90
3,2025-09-15,2025-09-21,37,5,1973.53
3,2025-09-22,2025-09-28,38,5,1084.63
3,2025-09-29,2025-10-05,39,6,3400.05
3,2025-10-06,2025-10-12,40,6,2683.04
3,2025-10-13,2025-10-19,41,6,3717.57
3,2025-10-20,2025-10-26,42,18,8635.75
3,2025-10-27,2025-11-02,43,8,5391.27
3,2025-11-03,2025-11-09,44,10,4807.35
3,2025-11-10,2025-11-16,45,4,2522.97
3,2025-11-17,2025-11-23,46,7,2687.55
3,2025-11-24,2025-11-30,47,11,7392.88
3,2025-12-01,2025-12-07,48,7,3653.81
3,2025-12-08,2025-12-14,49,11,5233.58
3,2025-12-15,2025-12-21,50,6,3711.23
3,2025-12-22,2025-12-28,51,6,1523.92
3,2025-12-29,2026-01-04,52,1,827.53
30,2024-12-30,2025-01-05,0,9,4763.54
30,2025-01-06,2025-01-12,1,15,8862.51
30,2025-01-13,2025-01-19,2,9,3014.59
30,2025-01-20,2025-01-26,3,16,8407.90
30,2025-01-27,2025-02-02,4,11,6563.99
30,2025-02-03,2025-02-09,5,14,7323.25
30,2025-02-10,2025-02-16,6,13,10138.63
30,2025-02-17,2025-02-23,7,9,4095.32
30,2025-02-24,2025-03-02,8,7,4911.48
30,2025-03-03,2025-03-09,9,9,6505.60
30,2025-03-10,2025-03-16,10,7,6345.93
30,2025-03-17,2025-03-23,11,9,4135.15
30,2025-03-24,2025-03-30,12,15,5120.92
30,2025-03-31,2025-04-06,13,9,6631.16
30,2025-04-07,2025-04-13,14,10,3412.51
30,2025-04-14,2025-04-20,15,13,7300.38
30,2025-04-21,2025-04-27,16,11,6037.54
30,2025-04-28,2025-05-04,17,16,6300.20
30,2025-05-05,2025-05-11,18,13,5106.70
30,2025-05-12,2025-05-18,19,11,4786.20
30,2025-05-19,2025-05-25,20,11,6449.72
30,2025-05-26,2025-06-01,21,8,6210.47
30,2025-06-02,2025-06-08,22,8,4499.61
30,2025-06-09,2025-06-15,23,8,6266.46
30,2025-06-16,2025-06-22,24,12,5369.01
30,2025-06-23,2025-06-29,25,6,1994.79
30,2025-06-30,2025-07-06,26,10,5817.01
30,2025-07-07,2025-07-13,27,10,3980.48
30,2025-07-14,2025-07-20,28,19,8439.22
30,2025-07-21,2025-07-27,29,9,4219.45
30,2025-07-28,2025-08-03,30,11,4362.22
30,2025-08-04,2025-08-10,31,13,6148.44
30,2025-08-11,2025-08-17,32,6,3361.03
30,2025-08-18,2025-08-24,33,3,1464.98
30,2025-08-25,2025-08-31,34,7,2890.72
30,2025-09-01,2025-09-07,35,10,5759.77
30,2025-09-08,2025-09-14,36,11,4258.17
30,2025-09-15,2025-09-21,37,6,3692.09
30,2025-09-22,2025-09-28,38,9,6153.67
30,2025-09-29,2025-10-05,39,9,4078.35
30,2025-10-06,2025-10-12,40,12,6510.23
30,2025-10-13,2025-10-19,41,11,5564.02
30,2025-10-20,2025-10-26,42,8,5465.93
30,2025-10-27,2025-11-02,43,7,2497.11
30,2025-11-03,2025-11-09,44,10,7121.80
30,2025-11-10,2025-11-16,45,9,4525.77
30,2025-11-17,2025-11-23,46,9,4414.90
30,2025-11-24,2025-11-30,47,8,5840.41
30,2025-12-01,2025-12-07,48,7,3527.91
30,2025-12-08,2025-12-14,49,12,5925.80
30,2025-12-15,2025-12-21,50,11,4008.75
30,2025-12-22,2025-12-28,51,7,3111.29
30,2025-12-29,2026-01-04,52,2,939.86
31,2024-12-30,2025-01-05,0,12,3825.02
31,2025-01-06,2025-01-12,1,13,8192.39
31,2025-01-13,2025-01-19,2,6,2267.82
31,2025-01-20,2025-01-26,3,9,2897.66
31,2025-01-27,2025-02-02,4,11,5496.77
31,2025-02-03,2025-02-09,5,15,8302.44
31,2025-02-10,2025-02-16,6,7,3334.76
31,2025-02-17,2025-02-23,7,5,1825.08
31,2025-02-24,2025-03-02,8,9,5361.78
31,2025-03-03,2025-03-09,9,10,4496.18
31,2025-03-10,2025-03-16,10,9,3606.07
31,2025-03-17,2025-03-23,11,9,3876.73
31,2025-03-24,2025-03-30,12,8,4122.74
31,2025-03-31,2025-04-06,13,6,2762.67
31,2025-04-07,2025-04-13,14,5,2765.43
31,2025-04-14,2025-04-20,15,8,5708.30
31,2025-04-21,2025-04-27,16,3,1605.46
31,2025-04-28,2025-05-04,17,10,7092.95
31,2025-05-05,2025-05-11,18,7,3647.96
31,2025-05-12,2025-05-18,19,4,2656.56
31,2025-05-19,2025-05-25,20,12,7553.44
31,2025-05-26,2025-06-01,21,13,3840.10
31,2025-06-02,2025-06-08,22,9,6015.45
31,2025-06-09,2025-06-15,23,9,4374.57
31,2025-06-16,2025-06-22,24,9,3922.57
31,2025-06-23,2025-06-29,25,10,4697.25
31,2025-06-30,2025-07-06,26,11,4027.30
31,2025-07-07,2025-07-13,27,11,8990.44
31,2025-07-14,2025-07-20,28,8,5038.13
31,2025-07-21,2025-07-27,29,10,4885.61
31,2025-07-28,2025-08-03,30,9,6010.59
31,2025-08-04,2025-08-10,31,13,5215.44
31,2025-08-11,2025-08-17,32,13,6356.53
31,2025-08-18,2025-08-24,33,14,8587.05
31,2025-08-25,2025-08-31,34,18,10714.62
31,2025-09-01,2025-09-07,35,8,4217.12
31,2025-09-08,2025-09-14,36,18,10270.77
31,2025-09-15,2025-09-21,37,10,3394.50
31,2025-09-22,2025-09-28,38,10,6721.63
31,2025-09-29,2025-10-05,39,14,7176.03
31,2025-10-06,2025-10-12,40,7,2127.28
31,2025-10-13,2025-10-19,41,14,6138.87
31,2025-10-20,2025-10-26,42,11,6126.22
31,2025-10-27,2025-11-02,43,13,6580.07
31,2025-11-03,2025-11-09,44,10,4023.28
31,2025-11-10,2025-11-16,45,10,8398.72
31,2025-11-17,2025-11-23,46,9,4321.86
31,2025-11-24,2025-11-30,47,6,3443.77
31,2025-12-01,2025-12-07,48,11,7066.17
31,2025-12-08,2025-12-14,49,11,4053.96
31,2025-12-15,2025-12-21,50,14,5541.40
31,2025-12-22,2025-12-28,51,10,7328.11
31,2025-12-29,2026-01-04,52,6,5431.29
32,2024-12-30,2025-01-05,0,5,2881.10
32,2025-01-06,2025-01-12,1,6,3089.13
32,2025-01-13,2025-01-19,2,11,5073.67
32,2025-01-20,2025-01-26,3,8,3446.00
32,2025-01-27,2025-02-02,4,8,3275.25
32,2025-02-03,2025-02-09,5,8,5766.84
32,2025-02-10,2025-02-16,6,11,4622.35
32,2025-02-17,2025-02-23,7,16,9743.51
32,2025-02-24,2025-03-02,8,7,4219.62
32,2025-03-03,2025-03-09,9,9,4632.76
32,2025-03-10,2025-03-16,10,6,2970.15
32,2025-03-17,2025-03-23,11,12,5360.27
32,2025-03-24,2025-03-30,12,12,7505.90
32,2025-03-31,2025-04-06,13,7,3061.96
32,2025-04-07,2025-04-13,14,7,4762.51
32,2025-04-14,2025-04-20,15,12,6017.47
32,2025-04-21,2025-04-27,16,13,5922.04
32,2025-04-28,2025-05-04,17,8,3974.22
32,2025-05-05,2025-05-11,18,8,6545.31
32,2025-05-12,2025-05-18,19,13,6193.42
32,2025-05-19,2025-05-25,20,10,4563.42
32,2025-05-26,2025-06-01,21,8,4526.64
32,2025-06-02,2025-06-08,22,11,8130.89
32,2025-06-09,2025-06-15,23,9,6131.01
32,2025-06-16,2025-06-22,24,11,7227.97
32,2025-06-23,2025-06-29,25,15,7927.26
32,2025-06-30,2025-07-06,26,9,4148.58
32,2025-07-07,2025-07-13,27,6,4067.44
32,2025-07-14,2025-07-20,28,8,3370.41
32,2025-07-21,2025-07-27,29,9,5364.75
32,2025-07-28,2025-08-03,30,4,2143.12
32,2025-08-04,2025-08-10,31,15,6717.30
32,2025-08-11,2025-08-17,32,7,3844.87
32,2025-08-18,2025-08-24,33,10,4147.41
32,2025-08-25,2025-08-31,34,11,4005.05
32,2025-09-01,2025-09-07,35,13,8640.91
32,2025-09-08,2025-09-14,36,15,7613.42
32,2025-09-15,2025-09-21,37,6,4879.45
32,2025-09-22,2025-09-28,38,10,9323.91
32,2025-09-29,2025-10-05,39,10,5303.06
32,2025-10-06,2025-10-12,40,9,5230.63
32,2025-10-13,2025-10-19,41,7,4777.71
32,2025-10-20,2025-10-26,42,15,7831.00
32,2025-10-27,2025-11-02,43,8,4814.85
32,2025-11-03,2025-11-09,44,11,7677.46
32,2025-11-10,2025-11-16,45,12,7593.07
32,2025-11-17,2025-11-23,46,8,2583.86
32,2025-11-24,2025-11-30,47,14,10548.58
32,2025-12-01,2025-12-07,48,12,5673.79
32,2025-12-08,2025-12-14,49,11,5868.91
32,2025-12-15,2025-12-21,50,11,6495.78
32,2025-12-22,2025-12-28,51,12,7959.25
32,2025-12-29,2026-01-04,52,7,4336.80
33,2024-12-30,2025-01-05,0,5,2084.77
33,2025-01-06,2025-01-12,1,12,5477.62
33,2025-01-13,2025-01-19,2,10,3351.61
33,2025-01-20,2025-01-26,3,6,2248.25
33,2025-01-27,2025-02-02,4,7,4443.50
33,2025-02-03,2025-02-09,5,11,7765.53
33,2025-02-10,2025-02-16,6,13,7918.38
33,2025-02-17,2025-02-23,7,7,3999.31
33,2025-02-24,2025-03-02,8,15,8021.75
33,2025-03-03,2025-03-09,9,7,2664.51
33,2025-03-10,2025-03-16,10,6,3157.26
33,2025-03-17,2025-03-23,11,10,5312.29
33,2025-03-24,2025-03-30,12,7,5668.89
33,2025-03-31,2025-04-06,13,7,4226.20
33,2025-04-07,2025-04-13,14,11,5117.43
33,2025-04-14,2025-04-20,15,6,1817.81
33,2025-04-21,2025-04-27,16,10,3691.98
33,2025-04-28,2025-05-04,17,9,5399.31
33,2025-05-05,2025-05-11,18,5,4584.40
33,2025-05-12,2025-05-18,19,8,4407.77
33,2025-05-19,2025-05-25,20,9,4041.50
33,2025-05-26,2025-06-01,21,8,3558.77
33,2025-06-02,2025-06-08,22,6,1842.46
33,2025-06-09,2025-06-15,23,6,4300.92
33,2025-06-16,2025-06-22,24,7,2885.81
33,2025-06-23,2025-06-29,25,12,8427.23
33,2025-06-30,2025-07-06,26,9,3832.45
33,2025-07-07,2025-07-13,27,11,8459.95
33,2025-07-14,2025-07-20,28,10,5243.08
33,2025-07-21,2025-07-27,29,10,4744.63
33,2025-07-28,2025-08-03,30,7,3552.47
33,2025-08-04,2025-08-10,31,9,6199.84
33,2025-08-11,2025-08-17,32,12,5348.38
33,2025-08-18,2025-08-24,33,8,4653.79
33,2025-08-25,2025-08-31,34,9,5492.55
33,2025-09-01,2025-09-07,35,8,4573.41
33,2025-09-08,2025-09-14,36,12,5680.85
33,2025-09-15,2025-09-21,37,8,6741.95
33,2025-09-22,2025-09-28,38,7,3328.65
33,2025-09-29,2025-10-05,39,15,5903.74
33,2025-10-06,2025-10-12,40,14,6319.05
33,2025-10-13,2025-10-19,41,8,7254.88
33,2025-10-20,2025-10-26,42,9,2006.73
33,2025-10-27,2025-11-02,43,9,4564.53
33,2025-11-03,2025-11-09,44,13,8598.65
33,2025-11-10,2025-11-16,45,10,4957.35
33,2025-11-17,2025-11-23,46,14,8125.31
33,2025-11-24,2025-11-30,47,7,4097.05
33,2025-12-01,2025-12-07,48,3,607.43
33,2025-12-08,2025-12-14,49,9,4474.37
33,2025-12-15,2025-12-21,50,8,4823.36
33,2025-12-22,2025-12-28,51,10,5189.68
33,2025-12-29,2026-01-04,52,4,1842.02
34,2024-12-30,2025-01-05,0,11,5487.61
34,2025-01-06,2025-01-12,1,9,5671.94
34,2025-01-13,2025-01-19,2,10,6015.34
34,2025-01-20,2025-01-26,3,5,5182.26
34,2025-01-27,2025-02-02,4,10,7608.84
34,2025-02-03,2025-02-09,5,9,4570.30
34,2025-02-10,2025-02-16,6,8,3396.93
34,2025-02-17,2025-02-23,7,10,6355.95
34,2025-02-24,2025-03-02,8,9,3886.18
34,2025-03-03,2025-03-09,9,8,3313.66
34,2025-03-10,2025-03-16,10,14,5376.66
34,2025-03-17,2025-03-23,11,10,5715.17
34,2025-03-24,2025-03-30,12,10,3172.93
34,2025-03-31,2025-04-06,13,9,4245.02
34,2025-04-07,2025-04-13,14,9,3460.58
34,2025-04-14,2025-04-20,15,7,5108.08
34,2025-04-21,2025-04-27,16,7,3358.73
34,2025-04-28,2025-05-04,17,9,3198.69
34,2025-05-05,2025-05-11,18,8,3938.78
34,2025-05-12,2025-05-18,19,7,3406.36
34,2025-05-19,2025-05-25,20,13,5955.35
34,2025-05-26,2025-06-01,21,12,8078.68
34,2025-06-02,2025-06-08,22,10,6127.66
34,2025-06-09,2025-06-15,23,12,6232.46
34,2025-06-16,2025-06-22,24,6,2175.59
34,2025-06-23,2025-06-29,25,10,6095.79
34,2025-06-30,2025-07-06,26,11,4525.14
34,2025-07-07,2025-07-13,27,15,9354.91
34,2025-07-14,2025-07-20,28,14,9814.70
34,2025-07-21,2025-07-27,29,6,3864.59
34,2025-07-28,2025-08-03,30,9,4226.54
34,2025-08-04,2025-08-10,31,10,4165.48
34,2025-08-11,2025-08-17,32,4,1771.81
34,2025-08-18,2025-08-24,33,9,6347.86
34,2025-08-25,2025-08-31,34,16,7322.74
34,2025-09-01,2025-09-07,35,9,7486.47
34,2025-09-08,2025-09-14,36,8,6968.61
34,2025-09-15,2025-09-21,37,12,6126.02
34,2025-09-22,2025-09-28,38,12,7142.92
34,2025-09-29,2025-10-05,39,6,4187.27
34,2025-10-06,2025-10-12,40,14,8579.33
34,2025-10-13,2025-10-19,41,10,6508.57
34,2025-10-20,2025-10-26,42,9,3712.85
34,2025-10-27,2025-11-02,43,12,4990.40
34,2025-11-03,2025-11-09,44,6,2054.03
34,2025-11-10,2025-11-16,45,14,7034.74
34,2025-11-17,2025-11-23,46,15,5604.49
34,2025-11-24,2025-11-30,47,10,3588.15
34,2025-12-01,2025-12-07,48,18,11671.00
34,2025-12-08,2025-12-14,49,9,3284.61
34,2025-12-15,2025-12-21,50,9,4628.39
34,2025-12-22,2025-12-28,51,7,5669.72
34,2025-12-29,2026-01-04,52,3,1342.63
35,2024-12-30,2025-01-05,0,6,3327.84
35,2025-01-06,2025-01-12,1,7,3542.88
35,2025-01-13,2025-01-19,2,14,9804.00
35,2025-01-20,2025-01-26,3,4,1854.09
35,2025-01-27,2025-02-02,4,11,3615.96
35,2025-02-03,2025-02-09,5,14,9240.96
35,2025-02-10,2025-02-16,6,9,6787.86
35,2025-02-17,2025-02-23,7,13,6530.98
35,2025-02-24,2025-03-02,8,8,4653.01
35,2025-03-03,2025-03-09,9,8,5083.55
35,2025-03-10,2025-03-16,10,7,4453.73
35,2025-03-17,2025-03-23,11,6,5689.81
35,2025-03-24,2025-03-30,12,11,4983.89
35,2025-03-31,2025-04-06,13,8,3902.22
35,2025-04-07,2025-04-13,14,5,1913.30
35,2025-04-14,2025-04-20,15,14,7404.92
35,2025-04-21,2025-04-27,16,7,2230.38
35,2025-04-28,2025-05-04,17,8,4026.49
35,2025-05-05,2025-05-11,18,11,3270.52
35,2025-05-12,2025-05-18,19,12,9438.16
35,2025-05-19,2025-05-25,20,15,4595.22
35,2025-05-26,2025-06-01,21,7,2163.34
35,2025-06-02,2025-06-08,22,12,5496.75
35,2025-06-09,2025-06-15,23,9,8158.67
35,2025-06-16,2025-06-22,24,11,6317.60
35,2025-06-23,2025-06-29,25,5,2311.28
35,2025-06-30,2025-07-06,26,12,6525.97
35,2025-07-07,2025-07-13,27,8,4050.21
35,2025-07-14,2025-07-20,28,9,3543.96
35,2025-07-21,2025-07-27,29,11,5841.11
35,2025-07-28,2025-08-03,30,9,6586.89
35,2025-08-04,2025-08-10,31,7,4603.01
35,2025-08-11,2025-08-17,32,10,6044.95
35,2025-08-18,2025-08-24,33,14,8231.66
35,2025-08-25,2025-08-31,34,10,4359.58
35,2025-09-01,2025-09-07,35,14,9067.51
35,2025-09-08,2025-09-14,36,4,1188.32
35,2025-09-15,2025-09-21,37,6,4182.86
35,2025-09-22,2025-09-28,38,7,3882.98
35,2025-09-29,2025-10-05,39,10,6113.63
35,2025-10-06,2025-10-12,40,6,3655.19
35,2025-10-13,2025-10-19,41,15,8684.46
35,2025-10-20,2025-10-26,42,9,5055.86
35,2025-10-27,2025-11-02,43,12,4606.62
35,2025-11-03,2025-11-09,44,8,6087.51
35,2025-11-10,2025-11-16,45,9,3109.98
35,2025-11-17,2025-11-23,46,11,5244.88
35,2025-11-24,2025-11-30,47,12,6519.86
35,2025-12-01,2025-12-07,48,13,6990.90
35,2025-12-08,2025-12-14,49,7,2233.44
35,2025-12-15,2025-12-21,50,10,5441.59
35,2025-12-22,2025-12-28,51,9,2754.55
35,2025-12-29,2026-01-04,52,2,2039.10
36,2024-12-30,2025-01-05,0,5,1822.21
36,2025-01-06,2025-01-12,1,10,6899.17
36,2025-01-13,2025-01-19,2,9,4478.95
36,2025-01-20,2025-01-26,3,10,3894.41
36,2025-01-27,2025-02-02,4,4,1996.36
36,2025-02-03,2025-02-09,5,10,4727.62
36,2025-02-10,2025-02-16,6,7,2301.56
36,2025-02-17,2025-02-23,7,7,3909.06
36,2025-02-24,2025-03-02,8,5,3548.80
36,2025-03-03,2025-03-09,9,7,2261.52
36,2025-03-10,2025-03-16,10,10,3975.00
36,2025-03-17,2025-03-23,11,6,4655.03
36,2025-03-24,2025-03-30,12,6,2506.46
36,2025-03-31,2025-04-06,13,7,5447.94
36,2025-04-07,2025-04-13,14,12,8857.99
36,2025-04-14,2025-04-20,15,9,4041.04
36,2025-04-21,2025-04-27,16,4,1225.59
36,2025-04-28,2025-05-04,17,8,3699.72
36,2025-05-05,2025-05-11,18,9,6562.80
36,2025-05-12,2025-05-18,19,7,2472.66
36,2025-05-19,2025-05-25,20,8,4450.37
36,2025-05-26,2025-06-01,21,12,2993.88
36,2025-06-02,2025-06-08,22,9,3345.42
36,2025-06-09,2025-06-15,23,5,4791.69
36,2025-06-16,2025-06-22,24,13,5673.03
36,2025-06-23,2025-06-29,25,9,4735.04
36,2025-06-30,2025-07-06,26,8,3948.19
36,2025-07-07,2025-07-13,27,11,5309.35
36,2025-07-14,2025-07-20,28,7,4422.64
36,2025-07-21,2025-07-27,29,5,3692.10
36,2025-07-28,2025-08-03,30,12,4633.31
36,2025-08-04,2025-08-10,31,6,3900.10
36,2025-08-11,2025-08-17,32,8,4803.16
36,2025-08-18,2025-08-24,33,10,6456.92
36,2025-08-25,2025-08-31,34,11,5127.79
36,2025-09-01,2025-09-07,35,13,6260.52
36,2025-09-08,2025-09-14,36,15,8944.25
36,2025-09-15,2025-09-21,37,8,7124.59
36,2025-09-22,2025-09-28,38,10,3650.86
36,2025-09-29,2025-10-05,39,5,2831.65
36,2025-10-06,2025-10-12,40,9,5441.73
36,2025-10-13,2025-10-19,41,5,2456.75
36,2025-10-20,2025-10-26,42,10,5423.61
36,2025-10-27,2025-11-02,43,9,5194.79
36,2025-11-03,2025-11-09,44,8,3440.34
36,2025-11-10,2025-11-16,45,12,5690.62
36,2025-11-17,2025-11-23,46,6,2634.39
36,2025-11-24,2025-11-30,47,7,4171.24
36,2025-12-01,2025-12-07,48,8,5460.90
36,2025-12-08,2025-12-14,49,8,3702.20
36,2025-12-15,2025-12-21,50,7,2905.01
36,2025-12-22,2025-12-28,51,8,5721.77
36,2025-12-29,2026-01-04,52,3,1239.48
37,2024-12-30,2025-01-05,0,4,2304.54
37,2025-01-06,2025-01-12,1,8,1869.78
37,2025-01-13,2025-01-19,2,12,5179.32
37,2025-01-20,2025-01-26,3,10,8269.92
37,2025-01-27,2025-02-02,4,4,3211.22
37,2025-02-03,2025-02-09,5,5,2561.14
37,2025-02-10,2025-02-16,6,11,6297.60
37,2025-02-17,2025-02-23,7,8,3896.26
37,2025-02-24,2025-03-02,8,5,3586.56
37,2025-03-03,2025-03-09,9,15,8073.56
37,2025-03-10,2025-03-16,10,5,4765.87
37,2025-03-17,2025-03-23,11,8,4600.67
37,2025-03-24,2025-03-30,12,13,7747.28
37,2025-03-31,2025-04-06,13,11,3951.62
37,2025-04-07,2025-04-13,14,8,6088.15
37,2025-04-14,2025-04-20,15,12,5562.21
37,2025-04-21,2025-04-27,16,13,7345.35
37,2025-04-28,2025-05-04,17,10,6458.86
37,2025-05-05,2025-05-11,18,8,3613.33
37,2025-05-12,2025-05-18,19,14,7369.66
37,2025-05-19,2025-05-25,20,10,3558.56
37,2025-05-26,2025-06-01,21,13,9472.97
37,2025-06-02,2025-06-08,22,13,6675.57
37,2025-06-09,2025-06-15,23,6,2833.85
37,2025-06-16,2025-06-22,24,7,1773.03
37,2025-06-23,2025-06-29,25,8,3059.64
37,2025-06-30,2025-07-06,26,5,2715.81
37,2025-07-07,2025-07-13,27,10,5097.10
37,2025-07-14,2025-07-20,28,7,1634.85
37,2025-07-21,2025-07-27,29,8,4949.73
37,2025-07-28,2025-08-03,30,9,3947.45
37,2025-08-04,2025-08-10,31,9,4249.66
37,2025-08-11,2025-08-17,32,10,3591.70
37,2025-08-18,2025-08-24,33,9,6043.92
37,2025-08-25,2025-08-31,34,6,1919.79
37,2025-09-01,2025-09-07,35,13,4018.96
37,2025-09-08,2025-09-14,36,9,6361.17
37,2025-09-15,2025-09-21,37,14,7129.35
37,2025-09-22,2025-09-28,38,17,13099.04
37,2025-09-29,2025-10-05,39,7,3277.05
37,2025-10-06,2025-10-12,40,11,5009.96
37,2025-10-13,2025-10-19,41,12,8334.04
37,2025-10-20,2025-10-26,42,12,7200.92
37,2025-10-27,2025-11-02,43,6,1879.46
37,2025-11-03,2025-11-09,44,12,7737.31
37,2025-11-10,2025-11-16,45,4,832.48
37,2025-11-17,2025-11-23,46,5,1818.77
37,2025-11-24,2025-11-30,47,4,1205.02
37,2025-12-01,2025-12-07,48,10,6083.62
37,2025-12-08,2025-12-14,49,9,3533.20
37,2025-12-15,2025-12-21,50,10,4557.94
37,2025-12-22,2025-12-28,51,6,1863.15
37,2025-12-29,2026-01-04,52,3,771.57
38,2024-12-30,2025-01-05,0,3,1244.74
38,2025-01-06,2025-01-12,1,9,4068.74
38,2025-01-13,2025-01-19,2,11,5567.50
38,2025-01-20,2025-01-26,3,6,2120.67
38,2025-01-27,2025-02-02,4,6,4227.16
38,2025-02-03,2025-02-09,5,10,6043.03
38,2025-02-10,2025-02-16,6,16,6111.02
38,2025-02-17,2025-02-23,7,8,3018.34
38,2025-02-24,2025-03-02,8,5,3067.98
38,2025-03-03,2025-03-09,9,5,1571.60
38,2025-03-10,2025-03-16,10,12,6783.60
38,2025-03-17,2025-03-23,11,11,5296.14
38,2025-03-24,2025-03-30,12,9,5460.08
38,2025-03-31,2025-04-06,13,13,6631.24
38,2025-04-07,2025-04-13,14,11,4736.03
38,2025-04-14,2025-04-20,15,6,5191.35
38,2025-04-21,2025-04-27,16,14,8136.05
38,2025-04-28,2025-05-04,17,10,6012.41
38,2025-05-05,2025-05-11,18,6,2643.96
38,2025-05-12,2025-05-18,19,7,5050.45
38,2025-05-19,2025-05-25,20,8,3687.11
38,2025-05-26,2025-06-01,21,10,5221.47
38,2025-06-02,2025-06-08,22,8,3787.92
38,2025-06-09,2025-06-15,23,9,6411.70
38,2025-06-16,2025-06-22,24,7,4529.22
38,2025-06-23,2025-06-29,25,6,1536.58
38,2025-06-30,2025-07-06,26,9,3882.17
38,2025-07-07,2025-07-13,27,12,7469.92
38,2025-07-14,2025-07-20,28,12,6756.70
38,2025-07-21,2025-07-27,29,19,9140.36
38,2025-07-28,2025-08-03,30,14,8542.37
38,2025-08-04,2025-08-10,31,12,5485.65
38,2025-08-11,2025-08-17,32,6,1673.22
38,2025-08-18,2025-08-24,33,13,4683.66
38,2025-08-25,2025-08-31,34,8,3215.41
38,2025-09-01,2025-09-07,35,10,5756.70
38,2025-09-08,2025-09-14,36,7,2867.82
38,2025-09-15,2025-09-21,37,6,1174.53
38,2025-09-22,2025-09-28,38,7,3266.52
38,2025-09-29,2025-10-05,39,12,5436.17
38,2025-10-06,2025-10-12,40,7,4691.49
38,2025-10-13,2025-10-19,41,6,2543.93
38,2025-10-20,2025-10-26,42,5,2163.05
38,2025-10-27,2025-11-02,43,11,7416.79
38,2025-11-03,2025-11-09,44,5,2920.55
38,2025-11-10,2025-11-16,45,7,3452.14
38,2025-11-17,2025-11-23,46,3,1171.72
38,2025-11-24,2025-11-30,47,7,2419.12
38,2025-12-01,2025-12-07,48,6,1713.86
38,2025-12-08,2025-12-14,49,7,3544.13
38,2025-12-15,2025-12-21,50,10,3292.51
38,2025-12-22,2025-12-28,51,8,5366.99
38,2025-12-29,2026-01-04,52,3,1077.93
39,2024-12-30,2025-01-05,0,9,4650.62
39,2025-01-06,2025-01-12,1,10,5395.95
39,2025-01-13,2025-01-19,2,7,2487.05
39,2025-01-20,2025-01-26,3,11,5568.48
39,2025-01-27,2025-02-02,4,10,5870.07
39,2025-02-03,2025-02-09,5,12,7009.20
39,2025-02-10,2025-02-16,6,11,4975.43
39,2025-02-17,2025-02-23,7,7,6608.57
39,2025-02-24,2025-03-02,8,17,8965.74
39,2025-03-03,2025-03-09,9,11,6901.24
39,2025-03-10,2025-03-16,10,6,2239.39
39,2025-03-17,2025-03-23,11,7,5029.74
39,2025-03-24,2025-03-30,12,6,2306.87
39,2025-03-31,2025-04-06,13,12,6074.69
39,2025-04-07,2025-04-13,14,9,5004.06
39,2025-04-14,2025-04-20,15,11,5112.71
39,2025-04-21,2025-04-27,16,9,4602.17
39,2025-04-28,2025-05-04,17,9,6780.91
39,2025-05-05,2025-05-11,18,9,2601.76
39,2025-05-12,2025-05-18,19,10,6155.05
39,2025-05-19,2025-05-25,20,9,4714.62
39,2025-05-26,2025-06-01,21,5,4415.21
39,2025-06-02,2025-06-08,22,13,5618.81
39,2025-06-09,2025-06-15,23,8,5696.55
39,2025-06-16,2025-06-22,24,6,3251.14
39,2025-06-23,2025-06-29,25,11,4087.03
39,2025-06-30,2025-07-06,26,10,5431.75
39,2025-07-07,2025-07-13,27,15,9007.97
39,2025-07-14,2025-07-20,28,6,2455.62
39,2025-07-21,2025-07-27,29,6,4029.78
39,2025-07-28,2025-08-03,30,12,6054.65
39,2025-08-04,2025-08-10,31,13,9233.60
39,2025-08-11,2025-08-17,32,6,2703.60
39,2025-08-18,2025-08-24,33,12,4939.67
39,2025-08-25,2025-08-31,34,12,4905.66
39,2025-09-01,2025-09-07,35,10,4122.49
39,2025-09-08,2025-09-14,36,15,9417.88
39,2025-09-15,2025-09-21,37,11,7532.85
39,2025-09-22,2025-09-28,38,6,4252.40
39,2025-09-29,2025-10-05,39,10,3703.26
39,2025-10-06,2025-10-12,40,13,6108.35
39,2025-10-13,2025-10-19,41,12,3887.52
39,2025-10-20,2025-10-26,42,9,7188.79
39,2025-10-27,2025-11-02,43,10,4442.03
39,2025-11-03,2025-11-09,44,5,3407.08
39,2025-11-10,2025-11-16,45,10,3288.20
39,2025-11-17,2025-11-23,46,8,4833.50
39,2025-11-24,2025-11-30,47,11,7702.08
39,2025-12-01,2025-12-07,48,7,3204.46
39,2025-12-08,2025-12-14,49,9,5074.00
39,2025-12-15,2025-12-21,50,9,4066.82
39,2025-12-22,2025-12-28,51,6,2683.83
39,2025-12-29,2026-01-04,52,6,1883.44
4,2024-12-30,2025-01-05,0,9,3297.72
4,2025-01-06,2025-01-12,1,9,6200.60
4,2025-01-13,2025-01-19,2,9,4835.86
4,2025-01-20,2025-01-26,3,6,3703.24
4,2025-01-27,2025-02-02,4,3,1320.22
4,2025-02-03,2025-02-09,5,5,3511.32
4,2025-02-10,2025-02-16,6,10,3161.14
4,2025-02-17,2025-02-23,7,7,2848.37
4,2025-02-24,2025-03-02,8,11,4237.43
4,2025-03-03,2025-03-09,9,8,4891.09
4,2025-03-10,2025-03-16,10,10,6931.05
4,2025-03-17,2025-03-23,11,6,4571.52
4,2025-03-24,2025-03-30,12,10,4853.62
4,2025-03-31,2025-04-06,13,12,6003.18
4,2025-04-07,2025-04-13,14,10,6004.02
4,2025-04-14,2025-04-20,15,11,8758.45
4,2025-04-21,2025-04-27,16,10,5621.76
4,2025-04-28,2025-05-04,17,13,5737.60
4,2025-05-05,2025-05-11,18,8,3898.17
4,2025-05-12,2025-05-18,19,8,2122.18
4,2025-05-19,2025-05-25,20,10,7205.47
4,2025-05-26,2025-06-01,21,17,7727.79
4,2025-06-02,2025-06-08,22,9,6446.87
4,2025-06-09,2025-06-15,23,9,4783.24
4,2025-06-16,2025-06-22,24,12,3443.01
4,2025-06-23,2025-06-29,25,11,7762.79
4,2025-06-30,2025-07-06,26,11,7766.22
4,2025-07-07,2025-07-13,27,7,3744.72
4,2025-07-14,2025-07-20,28,13,4889.49
4,2025-07-21,2025-07-27,29,8,7008.15
4,2025-07-28,2025-08-03,30,13,6756.56
4,2025-08-04,2025-08-10,31,7,3279.65
4,2025-08-11,2025-08-17,32,11,3865.56
4,2025-08-18,2025-08-24,33,5,1353.45
4,2025-08-25,2025-08-31,34,7,3462.40
4,2025-09-01,2025-09-07,35,12,6237.97
4,2025-09-08,2025-09-14,36,14,5771.96
4,2025-09-15,2025-09-21,37,13,6248.43
4,2025-09-22,2025-09-28,38,9,4998.84
4,2025-09-29,2025-10-05,39,14,7358.79
4,2025-10-06,2025-10-12,40,5,3970.21
4,2025-10-13,2025-10-19,41,8,6675.34
4,2025-10-20,2025-10-26,42,8,3311.41
4,2025-10-27,2025-11-02,43,9,3151.38
4,2025-11-03,2025-11-09,44,8,5335.03
4,2025-11-10,2025-11-16,45,12,7077.88
4,2025-11-17,2025-11-23,46,9,5695.58
4,2025-11-24,2025-11-30,47,8,2752.49
4,2025-12-01,2025-12-07,48,10,6618.28
4,2025-12-08,2025-12-14,49,13,8712.47
4,2025-12-15,2025-12-21,50,10,7522.21
4,2025-12-22,2025-12-28,51,14,6381.70
4,2025-12-29,2026-01-04,52,9,3619.00
40,2024-12-30,2025-01-05,0,9,3585.17
40,2025-01-06,2025-01-12,1,9,4684.26
40,2025-01-13,2025-01-19,2,14,7841.71
40,2025-01-20,2025-01-26,3,9,3824.77
40,2025-01-27,2025-02-02,4,17,8754.30
40,2025-02-03,2025-02-09,5,18,11370.95
40,2025-02-10,2025-02-16,6,6,1667.32
40,2025-02-17,2025-02-23,7,13,8878.54
40,2025-02-24,2025-03-02,8,7,2993.48
40,2025-03-03,2025-03-09,9,6,1694.58
40,2025-03-10,2025-03-16,10,7,5413.79
40,2025-03-17,2025-03-23,11,10,4641.38
40,2025-03-24,2025-03-30,12,8,5508.98
40,2025-03-31,2025-04-06,13,6,2006.43
40,2025-04-07,2025-04-13,14,12,6650.63
40,2025-04-14,2025-04-20,15,7,3269.78
40,2025-04-21,2025-04-27,16,10,6379.10
40,2025-04-28,2025-05-04,17,15,9403.32
40,2025-05-05,2025-05-11,18,12,7377.80
40,2025-05-12,2025-05-18,19,8,3535.66
40,2025-05-19,2025-05-25,20,7,2459.15
40,2025-05-26,2025-06-01,21,6,1958.05
40,2025-06-02,2025-06-08,22,12,6208.80
40,2025-06-09,2025-06-15,23,7,2653.50
40,2025-06-16,2025-06-22,24,11,5524.39
40,2025-06-23,2025-06-29,25,11,7030.22
40,2025-06-30,2025-07-06,26,12,8091.18
40,2025-07-07,2025-07-13,27,14,6898.79
40,2025-07-14,2025-07-20,28,10,7568.41
40,2025-07-21,2025-07-27,29,10,4188.60
40,2025-07-28,2025-08-03,30,12,6642.75
40,2025-08-04,2025-08-10,31,10,5689.21
40,2025-08-11,2025-08-17,32,7,4892.24
40,2025-08-18,2025-08-24,33,12,6646.00
40,2025-08-25,2025-08-31,34,5,2123.90
40,2025-09-01,2025-09-07,35,15,8684.96
40,2025-09-08,2025-09-14,36,16,8833.65
40,2025-09-15,2025-09-21,37,6,4167.72
40,2025-09-22,2025-09-28,38,7,3073.33
40,2025-09-29,2025-10-05,39,10,3743.26
40,2025-10-06,2025-10-12,40,13,7760.60
40,2025-10-13,2025-10-19,41,12,4575.05
40,2025-10-20,2025-10-26,42,9,4358.22
40,2025-10-27,2025-11-02,43,6,2795.74
40,2025-11-03,2025-11-09,44,9,2945.46
40,2025-11-10,2025-11-16,45,9,4859.25
40,2025-11-17,2025-11-23,46,11,8193.47
40,2025-11-24,2025-11-30,47,10,3222.91
40,2025-12-01,2025-12-07,48,6,3818.63
40,2025-12-08,2025-12-14,49,15,7348.64
40,2025-12-15,2025-12-21,50,8,5451.44
40,2025-12-22,2025-12-28,51,12,7728.37
40,2025-12-29,2026-01-04,52,1,892.74
5,2024-12-30,2025-01-05,0,7,2349.20
5,2025-01-06,2025-01-12,1,9,5014.45
5,2025-01-13,2025-01-19,2,11,7392.12
5,2025-01-20,2025-01-26,3,9,3500.06
5,2025-01-27,2025-02-02,4,8,4541.66
5,2025-02-03,2025-02-09,5,13,5535.77
5,2025-02-10,2025-02-16,6,11,5923.16
5,2025-02-17,2025-02-23,7,5,1920.27
5,2025-02-24,2025-03-02,8,4,3963.77
5,2025-03-03,2025-03-09,9,11,3870.27
5,2025-03-10,2025-03-16,10,12,5299.70
5,2025-03-17,2025-03-23,11,10,6122.29
5,2025-03-24,2025-03-30,12,9,3668.02
5,2025-03-31,2025-04-06,13,16,6143.42
5,2025-04-07,2025-04-13,14,8,4316.44
5,2025-04-14,2025-04-20,15,15,8013.70
5,2025-04-21,2025-04-27,16,7,2219.70
5,2025-04-28,2025-05-04,17,15,10055.76
5,2025-05-05,2025-05-11,18,9,3426.49
5,2025-05-12,2025-05-18,19,10,5073.78
5,2025-05-19,2025-05-25,20,9,3120.73
5,2025-05-26,2025-06-01,21,10,5390.13
5,2025-06-02,2025-06-08,22,10,5922.07
5,2025-06-09,2025-06-15,23,14,5621.53
5,2025-06-16,2025-06-22,24,7,3175.89
5,2025-06-23,2025-06-29,25,11,5192.91
5,2025-06-30,2025-07-06,26,5,2123.03
5,2025-07-07,2025-07-13,27,10,5584.90
5,2025-07-14,2025-07-20,28,6,3492.16
5,2025-07-21,2025-07-27,29,14,5993.42
5,2025-07-28,2025-08-03,30,11,5811.17
5,2025-08-04,2025-08-10,31,12,5976.10
5,2025-08-11,2025-08-17,32,10,8222.61
5,2025-08-18,2025-08-24,33,9,4389.09
5,2025-08-25,2025-08-31,34,10,6282.54
5,2025-09-01,2025-09-07,35,14,6730.31
5,2025-09-08,2025-09-14,36,14,7506.74
5,2025-09-15,2025-09-21,37,15,6256.77
5,2025-09-22,2025-09-28,38,13,7196.61
5,2025-09-29,2025-10-05,39,11,6993.70
5,2025-10-06,2025-10-12,40,14,8062.00
5,2025-10-13,2025-10-19,41,3,1798.51
5,2025-10-20,2025-10-26,42,11,6073.59
5,2025-10-27,2025-11-02,43,12,5261.52
5,2025-11-03,2025-11-09,44,9,5620.59
5,2025-11-10,2025-11-16,45,15,8157.30
5,2025-11-17,2025-11-23,46,11,4782.39
5,2025-11-24,2025-11-30,47,10,5201.84
5,2025-12-01,2025-12-07,48,13,8013.45
5,2025-12-08,2025-12-14,49,10,5507.91
5,2025-12-15,2025-12-21,50,12,5471.46
5,2025-12-22,2025-12-28,51,14,8088.33
5,2025-12-29,2026-01-04,52,1,207.43
6,2024-12-30,2025-01-05,0,5,4077.53
6,2025-01-06,2025-01-12,1,5,2368.19
6,2025-01-13,2025-01-19,2,6,2279.02
6,2025-01-20,2025-01-26,3,8,3241.63
6,2025-01-27,2025-02-02,4,12,8595.74
6,2025-02-03,2025-02-09,5,10,4147.50
6,2025-02-10,2025-02-16,6,13,7135.13
6,2025-02-17,2025-02-23,7,9,6556.14
6,2025-02-24,2025-03-02,8,8,5715.12
6,2025-03-03,2025-03-09,9,6,2124.46
6,2025-03-10,2025-03-16,10,6,3323.88
6,2025-03-17,2025-03-23,11,12,5823.08
6,2025-03-24,2025-03-30,12,8,3555.94
6,2025-03-31,2025-04-06,13,9,4861.77
6,2025-04-07,2025-04-13,14,17,9322.29
6,2025-04-14,2025-04-20,15,11,7850.98
6,2025-04-21,2025-04-27,16,8,5229.00
6,2025-04-28,2025-05-04,17,14,7848.90
6,2025-05-05,2025-05-11,18,12,4990.44
6,2025-05-12,2025-05-18,19,6,2362.08
6,2025-05-19,2025-05-25,20,11,8836.02
6,2025-05-26,2025-06-01,21,11,5669.33
6,2025-06-02,2025-06-08,22,7,4821.65
6,2025-06-09,2025-06-15,23,6,2189.20
6,2025-06-16,2025-06-22,24,13,6410.20
6,2025-06-23,2025-06-29,25,7,3746.53
6,2025-06-30,2025-07-06,26,11,6163.46
6,2025-07-07,2025-07-13,27,10,3995.65
6,2025-07-14,2025-07-20,28,15,6785.51
6,2025-07-21,2025-07-27,29,11,4314.54
6,2025-07-28,2025-08-03,30,6,2267.83
6,2025-08-04,2025-08-10,31,6,4167.65
6,2025-08-11,2025-08-17,32,8,3325.90
6,2025-08-18,2025-08-24,33,6,5135.22
6,2025-08-25,2025-08-31,34,6,2293.04
6,2025-09-01,2025-09-07,35,7,4065.17
6,2025-09-08,2025-09-14,36,13,8571.58
6,2025-09-15,2025-09-21,37,12,4636.21
6,2025-09-22,2025-09-28,38,9,3539.14
6,2025-09-29,2025-10-05,39,14,5487.07
6,2025-10-06,2025-10-12,40,9,4651.39
6,2025-10-13,2025-10-19,41,11,6401.17
6,2025-10-20,2025-10-26,42,9,4722.45
6,2025-10-27,2025-11-02,43,10,3851.13
6,2025-11-03,2025-11-09,44,12,7021.13
6,2025-11-10,2025-11-16,45,7,2939.81
6,2025-11-17,2025-11-23,46,10,5041.21
6,2025-11-24,2025-11-30,47,10,3385.66
6,2025-12-01,2025-12-07,48,10,3797.88
6,2025-12-08,2025-12-14,49,7,3263.83
6,2025-12-15,2025-12-21,50,5,1929.15
6,2025-12-22,2025-12-28,51,11,5480.41
6,2025-12-29,2026-01-04,52,4,756.55
7,2024-12-30,2025-01-05,0,8,7022.44
7,2025-01-06,2025-01-12,1,12,5957.48
7,2025-01-13,2025-01-19,2,9,4228.92
7,2025-01-20,2025-01-26,3,9,6853.65
7,2025-01-27,2025-02-02,4,7,2210.21
7,2025-02-03,2025-02-09,5,10,5436.38
7,2025-02-10,2025-02-16,6,6,3947.79
7,2025-02-17,2025-02-23,7,7,2018.55
7,2025-02-24,2025-03-02,8,11,5219.40
7,2025-03-03,2025-03-09,9,11,8991.98
7,2025-03-10,2025-03-16,10,12,6748.49
7,2025-03-17,2025-03-23,11,10,7107.83
7,2025-03-24,2025-03-30,12,11,4581.23
7,2025-03-31,2025-04-06,13,16,10467.54
7,2025-04-07,2025-04-13,14,8,5309.11
7,2025-04-14,2025-04-20,15,9,3508.46
7,2025-04-21,2025-04-27,16,14,8311.87
7,2025-04-28,2025-05-04,17,8,7146.20
7,2025-05-05,2025-05-11,18,10,3391.65
7,2025-05-12,2025-05-18,19,8,5941.92
7,2025-05-19,2025-05-25,20,10,2325.98
7,2025-05-26,2025-06-01,21,10,7797.93
7,2025-06-02,2025-06-08,22,9,3128.37
7,2025-06-09,2025-06-15,23,12,4941.43
7,2025-06-16,2025-06-22,24,7,3618.62
7,2025-06-23,2025-06-29,25,12,6230.62
7,2025-06-30,2025-07-06,26,12,5038.58
7,2025-07-07,2025-07-13,27,4,2760.74
7,2025-07-14,2025-07-20,28,7,4130.84
7,2025-07-21,2025-07-27,29,15,5746.64
7,2025-07-28,2025-08-03,30,9,2781.19
7,2025-08-04,2025-08-10,31,9,7610.28
7,2025-08-11,2025-08-17,32,10,4761.24
7,2025-08-18,2025-08-24,33,7,4249.40
7,2025-08-25,2025-08-31,34,9,8532.46
7,2025-09-01,2025-09-07,35,10,4367.25
7,2025-09-08,2025-09-14,36,6,2630.26
7,2025-09-15,2025-09-21,37,7,4059.35
7,2025-09-22,2025-09-28,38,12,7913.73
7,2025-09-29,2025-10-05,39,15,8602.36
7,2025-10-06,2025-10-12,40,12,9642.30
7,2025-10-13,2025-10-19,41,14,7523.19
7,2025-10-20,2025-10-26,42,13,7932.35
7,2025-10-27,2025-11-02,43,11,4602.30
7,2025-11-03,2025-11-09,44,7,3277.09
7,2025-11-10,2025-11-16,45,10,6882.83
7,2025-11-17,2025-11-23,46,10,6118.03
7,2025-11-24,2025-11-30,47,9,6174.49
7,2025-12-01,2025-12-07,48,7,3023.82
7,2025-12-08,2025-12-14,49,6,3244.23
7,2025-12-15,2025-12-21,50,5,2339.17
7,2025-12-22,2025-12-28,51,11,7552.28
7,2025-12-29,2026-01-04,52,4,2921.66
8,2024-12-30,2025-01-05,0,7,2765.22
8,2025-01-06,2025-01-12,1,13,6709.34
8,2025-01-13,2025-01-19,2,8,4087.55
8,2025-01-20,2025-01-26,3,11,7812.69
8,2025-01-27,2025-02-02,4,14,9601.47
8,2025-02-03,2025-02-09,5,13,5631.08
8,2025-02-10,2025-02-16,6,12,7535.18
8,2025-02-17,2025-02-23,7,7,2981.39
8,2025-02-24,2025-03-02,8,12,8374.66
8,2025-03-03,2025-03-09,9,9,3934.64
8,2025-03-10,2025-03-16,10,10,5704.56
8,2025-03-17,2025-03-23,11,10,4038.33
8,2025-03-24,2025-03-30,12,11,6033.72
8,2025-03-31,2025-04-06,13,9,4508.43
8,2025-04-07,2025-04-13,14,17,10750.15
8,2025-04-14,2025-04-20,15,8,3833.93
8,2025-04-21,2025-04-27,16,15,3742.82
8,2025-04-28,2025-05-04,17,8,2705.49
8,2025-05-05,2025-05-11,18,8,3183.72
8,2025-05-12,2025-05-18,19,14,8617.78
8,2025-05-19,2025-05-25,20,9,6234.39
8,2025-05-26,2025-06-01,21,10,6737.30
8,2025-06-02,2025-06-08,22,7,3949.07
8,2025-06-09,2025-06-15,23,5,2432.91
8,2025-06-16,2025-06-22,24,12,6515.17
8,2025-06-23,2025-06-29,25,11,6535.04
8,2025-06-30,2025-07-06,26,7,2338.12
8,2025-07-07,2025-07-13,27,4,1708.21
8,2025-07-14,2025-07-20,28,5,2738.03
8,2025-07-21,2025-07-27,29,10,3227.36
8,2025-07-28,2025-08-03,30,8,3516.90
8,2025-08-04,2025-08-10,31,5,2676.69
8,2025-08-11,2025-08-17,32,9,4863.93
8,2025-08-18,2025-08-24,33,5,2768.86
8,2025-08-25,2025-08-31,34,10,5592.44
8,2025-09-01,2025-09-07,35,9,6847.90
8,2025-09-08,2025-09-14,36,13,6730.50
8,2025-09-15,2025-09-21,37,14,7049.61
8,2025-09-22,2025-09-28,38,14,8270.90
8,2025-09-29,2025-10-05,39,11,7155.64
8,2025-10-06,2025-10-12,40,5,1869.63
8,2025-10-13,2025-10-19,41,6,3828.09
8,2025-10-20,2025-10-26,42,9,5074.94
8,2025-10-27,2025-11-02,43,6,2646.93
8,2025-11-03,2025-11-09,44,7,4121.57
8,2025-11-10,2025-11-16,45,10,4812.83
8,2025-11-17,2025-11-23,46,10,5050.06
8,2025-11-24,2025-11-30,47,8,2978.99
8,2025-12-01,2025-12-07,48,6,3947.19
8,2025-12-08,2025-12-14,49,8,6436.82
8,2025-12-15,2025-12-21,50,8,4158.72
8,2025-12-22,2025-12-28,51,13,6226.07
8,2025-12-29,2026-01-04,52,4,1383.29
9,2024-12-30,2025-01-05,0,11,4802.59
9,2025-01-06,2025-01-12,1,8,3626.21
9,2025-01-13,2025-01-19,2,7,4667.05
9,2025-01-20,2025-01-26,3,7,2738.23
9,2025-01-27,2025-02-02,4,11,5169.08
9,2025-02-03,2025-02-09,5,9,6178.22
9,2025-02-10,2025-02-16,6,14,7291.71
9,2025-02-17,2025-02-23,7,6,2900.19
9,2025-02-24,2025-03-02,8,13,6367.24
9,2025-03-03,2025-03-09,9,12,9029.73
9,2025-03-10,2025-03-16,10,8,4157.76
9,2025-03-17,2025-03-23,11,14,6356.20
9,2025-03-24,2025-03-30,12,14,8265.91
9,2025-03-31,2025-04-06,13,11,6706.35
9,2025-04-07,2025-04-13,14,9,3308.71
9,2025-04-14,2025-04-20,15,15,6584.55
9,2025-04-21,2025-04-27,16,9,6617.43
9,2025-04-28,2025-05-04,17,8,3593.65
9,2025-05-05,2025-05-11,18,9,4197.65
9,2025-05-12,2025-05-18,19,11,7315.74
9,2025-05-19,2025-05-25,20,13,5229.66
9,2025-05-26,2025-06-01,21,17,8771.41
9,2025-06-02,2025-06-08,22,14,6242.96
9,2025-06-09,2025-06-15,23,10,6016.41
9,2025-06-16,2025-06-22,24,12,4145.38
9,2025-06-23,2025-06-29,25,8,2795.34
9,2025-06-30,2025-07-06,26,7,5362.03
9,2025-07-07,2025-07-13,27,9,7013.43
9,2025-07-14,2025-07-20,28,10,4918.25
9,2025-07-21,2025-07-27,29,9,4532.29
9,2025-07-28,2025-08-03,30,9,5678.37
9,2025-08-04,2025-08-10,31,11,6779.75
9,2025-08-11,2025-08-17,32,4,1451.13
9,2025-08-18,2025-08-24,33,21,9394.84
9,2025-08-25,2025-08-31,34,11,4885.76
9,2025-09-01,2025-09-07,35,12,7640.41
9,2025-09-08,2025-09-14,36,8,5006.97
9,2025-09-15,2025-09-21,37,9,7056.05
9,2025-09-22,2025-09-28,38,6,3448.08
9,2025-09-29,2025-10-05,39,6,4967.88
9,2025-10-06,2025-10-12,40,13,6953.19
9,2025-10-13,2025-10-19,41,12,3946.70
9,2025-10-20,2025-10-26,42,11,5171.56
9,2025-10-27,2025-11-02,43,9,4519.99
9,2025-11-03,2025-11-09,44,10,4181.54
9,2025-11-10,2025-11-16,45,5,3065.25
9,2025-11-17,2025-11-23,46,10,5661.95
9,2025-11-24,2025-11-30,47,2,873.08
9,2025-12-01,2025-12-07,48,6,3173.56
9,2025-12-08,2025-12-14,49,10,5340.40
9,2025-12-15,2025-12-21,50,11,6698.50
9,2025-12-22,2025-12-28,51,12,7747.76
9,2025-12-29,2026-01-04,52,4,1896.82
