order_date,sales_channel,order_count,revenue
2025-01-01,mobile,11,6456.57
2025-01-01,phone,10,5133.51
2025-01-01,store,9,4902.76
2025-01-01,web,12,3614.55
2025-01-02,mobile,11,7796.81
2025-01-02,phone,30,14448.92
2025-01-02,store,16,7396.03
2025-01-02,web,18,9242.06
2025-01-03,mobile,14,7459.10
2025-01-03,phone,17,9211.77
2025-01-03,store,9,3675.65
2025-01-03,web,10,3147.55
2025-01-04,mobile,19,8190.35
2025-01-04,phone,11,4831.98
2025-01-04,store,17,9144.77
2025-01-04,web,18,6985.85
2025-01-05,mobile,15,7325.06
2025-01-05,phone,12,6649.93
2025-01-05,store,14,6742.66
2025-01-05,web,11,4549.37
2025-01-06,mobile,10,5955.16
2025-01-06,phone,19,13152.18
2025-01-06,store,11,5515.31
2025-01-06,web,11,4245.55
2025-01-07,mobile,10,3437.72
2025-01-07,phone,11,6917.33
2025-01-07,store,11,6072.76
2025-01-07,web,16,9785.63
2025-01-08,mobile,12,4525.91
2025-01-08,phone,13,5685.69
2025-01-08,store,20,9388.53
2025-01-08,web,14,7978.66
2025-01-09,mobile,16,9048.82
2025-01-09,phone,14,8150.48
2025-01-09,store,15,5436.80
2025-01-09,web,21,11586.17
2025-01-10,mobile,11,8106.94
2025-01-10,phone,14,6434.50
2025-01-10,store,25,12917.38
2025-01-10,web,10,6756.48
2025-01-11,mobile,10,4304.86
2025-01-11,phone,10,4081.87
2025-01-11,store,13,5545.93
2025-01-11,web,18,10043.67
2025-01-12,mobile,12,9510.19
2025-01-12,phone,17,11903.85
2025-01-12,store,8,4325.22
2025-01-12,web,10,5889.82
2025-01-13,mobile,16,8141.10
2025-01-13,phone,13,9295.44
2025-01-13,store,17,7181.85
2025-01-13,web,17,11949.10
2025-01-14,mobile,12,5683.07
2025-01-14,phone,13,5127.58
2025-01-14,store,11,5839.63
2025-01-14,web,14,10167.33
2025-01-15,mobile,17,8291.77
2025-01-15,phone,7,3230.55
2025-01-15,store,15,4901.70
2025-01-15,web,10,6874.10
2025-01-16,mobile,11,6053.17
2025-01-16,phone,18,6630.07
2025-01-16,store,11,6281.73
2025-01-16,web,16,8213.56
2025-01-17,mobile,15,8033.80
2025-01-17,phone,15,7360.12
2025-01-17,store,16,7431.86
2025-01-17,web,14,5445.06
2025-01-18,mobile,11,7650.51
2025-01-18,phone,12,5886.64
2025-01-18,store,14,5695.83
2025-01-18,web,16,7073.34
2025-01-19,mobile,16,7166.97
2025-01-19,phone,16,8318.12
2025-01-19,store,16,9686.34
2025-01-19,web,8,3700.56
2025-01-20,mobile,14,6212.11
2025-01-20,phone,14,7448.71
2025-01-20,store,13,9043.59
2025-01-20,web,6,3954.61
2025-01-21,mobile,8,4886.78
2025-01-21,phone,10,4928.91
2025-01-21,store,15,8071.54
2025-01-21,web,8,3187.07
2025-01-22,mobile,13,5052.25
2025-01-22,phone,11,6865.13
2025-01-22,store,15,10702.03
2025-01-22,web,12,6804.84
2025-01-23,mobile,11,3396.21
2025-01-23,phone,12,6017.17
2025-01-23,store,18,9694.06
2025-01-23,web,10,5333.29
2025-01-24,mobile,19,8639.48
2025-01-24,phone,13,5394.81
2025-01-24,store,7,4256.11
2025-01-24,web,9,4813.28
2025-01-25,mobile,12,7066.32
2025-01-25,phone,11,5720.94
2025-01-25,store,10,4823.29
2025-01-25,web,17,8661.66
2025-01-26,mobile,11,6749.94
2025-01-26,phone,12,6621.21
2025-01-26,store,8,5871.68
2025-01-26,web,14,9262.32
2025-01-27,mobile,15,6171.59
2025-01-27,phone,12,6199.87
2025-01-27,store,7,3598.32
2025-01-27,web,21,11495.52
2025-01-28,mobile,12,7680.27
2025-01-28,phone,15,7777.46
2025-01-28,store,15,8641.67
2025-01-28,web,10,7710.98
2025-01-29,mobile,11,5956.09
2025-01-29,phone,20,10840.06
2025-01-29,store,13,6940.48
2025-01-29,web,13,6378.06
2025-01-30,mobile,11,6861.23
2025-01-30,phone,11,7031.60
2025-01-30,store,13,9046.11
2025-01-30,web,10,5326.26
2025-01-31,mobile,11,5847.43
2025-01-31,phone,16,8073.20
2025-01-31,store,14,7995.56
2025-01-31,web,15,7840.12
2025-02-01,mobile,13,6581.60
2025-02-01,phone,12,5446.82
2025-02-01,store,17,9244.57
2025-02-01,web,10,4586.08
2025-02-02,mobile,9,5574.40
2025-02-02,phone,9,6217.00
2025-02-02,store,16,8654.23
2025-02-02,web,10,6898.55
2025-02-03,mobile,19,10336.04
2025-02-03,phone,11,8847.17
2025-02-03,store,10,6760.07
2025-02-03,web,15,10271.36
2025-02-04,mobile,13,7008.84
2025-02-04,phone,17,11368.21
2025-02-04,store,15,11726.65
2025-02-04,web,8,2972.87
2025-02-05,mobile,14,9380.52
2025-02-05,phone,21,7458.78
2025-02-05,store,13,8062.21
2025-02-05,web,17,9182.31
2025-02-06,mobile,14,6595.93
2025-02-06,phone,15,7667.82
2025-02-06,store,15,6740.21
2025-02-06,web,9,4617.90
2025-02-07,mobile,9,4498.46
2025-02-07,phone,15,7328.06
2025-02-07,store,13,10038.01
2025-02-07,web,10,5255.25
2025-02-08,mobile,22,8884.04
2025-02-08,phone,28,13196.53
2025-02-08,store,12,5653.66
2025-02-08,web,9,5156.03
2025-02-09,mobile,18,10014.50
2025-02-09,phone,19,11002.91
2025-02-09,store,16,9713.53
2025-02-09,web,13,7969.08
2025-02-10,mobile,16,5029.92
2025-02-10,phone,12,2948.19
2025-02-10,store,15,10829.65
2025-02-10,web,13,5671.68
2025-02-11,mobile,14,6590.44
2025-02-11,phone,11,6577.26
2025-02-11,store,11,4515.05
2025-02-11,web,11,4552.49
2025-02-12,mobile,15,9192.22
2025-02-12,phone,12,5287.03
2025-02-12,store,18,9034.27
2025-02-12,web,19,10555.73
2025-02-13,mobile,14,12979.50
2025-02-13,phone,14,5893.85
2025-02-13,store,24,12359.31
2025-02-13,web,16,9585.02
2025-02-14,mobile,17,12256.56
2025-02-14,phone,9,4757.40
2025-02-14,store,18,9097.16
2025-02-14,web,19,7759.44
2025-02-15,mobile,18,8995.45
2025-02-15,phone,8,3356.43
2025-02-15,store,13,6140.40
2025-02-15,web,12,7632.56
2025-02-16,mobile,8,2390.29
2025-02-16,phone,12,5495.46
2025-02-16,store,15,8925.54
2025-02-16,web,14,6369.14
2025-02-17,mobile,9,4408.34
2025-02-17,phone,11,5118.60
2025-02-17,store,15,9268.47
2025-02-17,web,16,8251.99
2025-02-18,mobile,8,3602.09
2025-02-18,phone,13,9824.68
2025-02-18,store,7,5350.54
2025-02-18,web,18,6728.44
2025-02-19,mobile,15,6861.16
2025-02-19,phone,10,5434.96
2025-02-19,store,16,9430.09
2025-02-19,web,16,7724.33
2025-02-20,mobile,12,5865.71
2025-02-20,phone,19,10910.48
2025-02-20,store,10,4635.15
2025-02-20,web,10,7779.85
2025-02-21,mobile,12,3969.43
2025-02-21,phone,13,8883.25
2025-02-21,store,12,7594.50
2025-02-21,web,10,6400.12
2025-02-22,mobile,15,9859.67
2025-02-22,phone,8,5750.33
2025-02-22,store,12,7031.86
2025-02-22,web,12,9139.91
2025-02-23,mobile,16,10211.16
2025-02-23,phone,10,4403.72
2025-02-23,store,17,9463.21
2025-02-23,web,6,4496.99
2025-02-24,mobile,15,9014.45
2025-02-24,phone,9,4465.72
2025-02-24,store,9,5503.18
2025-02-24,web,11,4661.63
2025-02-25,mobile,15,10853.19
2025-02-25,phone,12,8096.04
2025-02-25,store,16,5854.88
2025-02-25,web,8,7043.78
2025-02-26,mobile,21,10998.29
2025-02-26,phone,12,7167.95
2025-02-26,store,18,13306.75
2025-02-26,web,12,5611.18
2025-02-27,mobile,14,7597.88
2025-02-27,phone,10,7136.74
2025-02-27,store,14,6795.28
2025-02-27,web,10,4582.16
2025-02-28,mobile,14,6783.09
2025-02-28,phone,9,4222.64
2025-02-28,store,19,11915.69
2025-02-28,web,8,2772.61
2025-03-01,mobile,10,8191.26
2025-03-01,phone,15,8128.65
2025-03-01,store,12,4955.72
2025-03-01,web,12,5210.90
2025-03-02,mobile,14,9648.50
2025-03-02,phone,8,4265.57
2025-03-02,store,17,8129.66
2025-03-02,web,21,10696.77
2025-03-03,mobile,7,3971.86
2025-03-03,phone,11,3570.92
2025-03-03,store,11,5431.57
2025-03-03,web,17,7266.28
2025-03-04,mobile,20,8382.99
2025-03-04,phone,14,6459.36
2025-03-04,store,12,5944.00
2025-03-04,web,8,4805.56
2025-03-05,mobile,12,4097.61
2025-03-05,phone,16,13023.41
2025-03-05,store,14,6367.44
2025-03-05,web,13,7861.53
2025-03-06,mobile,13,7183.82
2025-03-06,phone,11,5256.38
2025-03-06,store,14,9264.03
2025-03-06,web,22,11930.93
2025-03-07,mobile,19,7715.21
2025-03-07,phone,10,6708.41
2025-03-07,store,11,6869.15
2025-03-07,web,11,5467.13
2025-03-08,mobile,17,9743.26
2025-03-08,phone,15,8617.26
2025-03-08,store,11,4931.59
2025-03-08,web,16,8934.55
2025-03-09,mobile,14,8238.28
2025-03-09,phone,12,3774.01
2025-03-09,store,15,7222.96
2025-03-09,web,14,6278.28
2025-03-10,mobile,14,11401.67
2025-03-10,phone,20,8999.30
2025-03-10,store,14,6485.01
2025-03-10,web,8,4679.73
2025-03-11,mobile,14,12798.91
2025-03-11,phone,14,9391.28
2025-03-11,store,12,8769.22
2025-03-11,web,18,8516.21
2025-03-12,mobile,16,7993.07
2025-03-12,phone,13,8661.94
2025-03-12,store,12,11093.45
2025-03-12,web,22,12299.48
2025-03-13,mobile,3,1042.37
2025-03-13,phone,16,8631.29
2025-03-13,store,17,9840.20
2025-03-13,web,10,3783.45
2025-03-14,mobile,13,4882.24
2025-03-14,phone,14,7222.78
2025-03-14,store,7,5737.90
2025-03-14,web,11,3980.56
2025-03-15,mobile,14,5197.77
2025-03-15,phone,16,9227.47
2025-03-15,store,11,5094.83
2025-03-15,web,12,4177.20
2025-03-16,mobile,8,3224.95
2025-03-16,phone,10,5123.25
2025-03-16,store,13,5443.48
2025-03-16,web,12,5431.45
2025-03-17,mobile,20,12461.30
2025-03-17,phone,14,6610.53
2025-03-17,store,19,6829.75
2025-03-17,web,10,5941.56
2025-03-18,mobile,14,5441.84
2025-03-18,phone,10,3544.52
2025-03-18,store,16,10099.49
2025-03-18,web,20,13473.33
2025-03-19,mobile,7,2415.99
2025-03-19,phone,10,5284.17
2025-03-19,store,21,14246.05
2025-03-19,web,18,10262.22
2025-03-20,mobile,17,10472.80
2025-03-20,phone,15,7679.26
2025-03-20,store,20,16023.99
2025-03-20,web,20,9674.55
2025-03-21,mobile,12,6669.53
2025-03-21,phone,18,9033.48
2025-03-21,store,13,7490.04
2025-03-21,web,18,11473.45
2025-03-22,mobile,11,5077.38
2025-03-22,phone,12,5765.56
2025-03-22,store,14,7553.75
2025-03-22,web,9,4429.24
2025-03-23,mobile,12,5130.30
2025-03-23,phone,8,3795.88
2025-03-23,store,10,4314.77
2025-03-23,web,11,4423.39
2025-03-24,mobile,18,7946.85
2025-03-24,phone,9,5581.89
2025-03-24,store,5,1224.61
2025-03-24,web,17,9383.45
2025-03-25,mobile,19,7446.79
2025-03-25,phone,14,8229.09
2025-03-25,store,24,9540.41
2025-03-25,web,19,13024.28
2025-03-26,mobile,11,6091.80
2025-03-26,phone,14,7601.99
2025-03-26,store,18,8321.43
2025-03-26,web,8,4220.90
2025-03-27,mobile,9,4293.14
2025-03-27,phone,15,7141.66
2025-03-27,store,10,4012.86
2025-03-27,web,12,5746.69
2025-03-28,mobile,16,5627.93
2025-03-28,phone,16,7197.89
2025-03-28,store,14,6556.98
2025-03-28,web,14,8711.34
2025-03-29,mobile,12,6330.22
2025-03-29,phone,16,8688.92
2025-03-29,store,17,10041.87
2025-03-29,web,11,5891.19
2025-03-30,mobile,17,10356.41
2025-03-30,phone,16,9415.81
2025-03-30,store,10,5988.49
2025-03-30,web,14,7346.01
2025-03-31,mobile,16,7456.47
2025-03-31,phone,11,5353.11
2025-03-31,store,13,5926.72
2025-03-31,web,11,4980.89
2025-04-01,mobile,15,8094.40
2025-04-01,phone,18,6440.35
2025-04-01,store,13,7826.47
2025-04-01,web,12,7187.30
2025-04-02,mobile,16,9495.66
2025-04-02,phone,10,4867.37
2025-04-02,store,17,11142.28
2025-04-02,web,11,6966.39
2025-04-03,mobile,11,5606.51
2025-04-03,phone,13,6305.55
2025-04-03,store,10,3643.18
2025-04-03,web,13,6885.56
2025-04-04,mobile,18,8142.70
2025-04-04,phone,12,4423.19
2025-04-04,store,16,7655.15
2025-04-04,web,19,8840.18
2025-04-05,mobile,16,10182.96
2025-04-05,phone,10,4666.17
2025-04-05,store,8,6965.44
2025-04-05,web,6,2578.79
2025-04-06,mobile,20,7857.44
2025-04-06,phone,13,4868.11
2025-04-06,store,15,8169.02
2025-04-06,web,17,10106.13
2025-04-07,mobile,15,8511.79
2025-04-07,phone,12,7516.86
2025-04-07,store,13,5407.04
2025-04-07,web,10,2983.32
2025-04-08,mobile,13,6609.98
2025-04-08,phone,14,7536.52
2025-04-08,store,14,7337.49
2025-04-08,web,22,12942.07
2025-04-09,mobile,19,11329.90
2025-04-09,phone,19,11235.60
2025-04-09,store,15,4966.15
2025-04-09,web,15,6929.65
2025-04-10,mobile,14,8970.90
2025-04-10,phone,19,8861.36
2025-04-10,store,8,5036.30
2025-04-10,web,18,6216.34
2025-04-11,mobile,9,4600.51
2025-04-11,phone,18,12915.89
2025-04-11,store,14,4683.63
2025-04-11,web,20,11044.14
2025-04-12,mobile,12,7283.80
2025-04-12,phone,8,3717.97
2025-04-12,store,13,7099.24
2025-04-12,web,19,9680.70
2025-04-13,mobile,21,13282.87
2025-04-13,phone,8,3828.98
2025-04-13,store,16,6113.24
2025-04-13,web,10,5616.04
2025-04-14,mobile,14,8812.89
2025-04-14,phone,12,7872.34
2025-04-14,store,7,4709.20
2025-04-14,web,15,6717.15
2025-04-15,mobile,13,8518.37
2025-04-15,phone,13,5052.84
2025-04-15,store,14,9547.98
2025-04-15,web,9,4829.56
2025-04-16,mobile,12,7813.86
2025-04-16,phone,18,9898.34
2025-04-16,store,9,2231.14
2025-04-16,web,18,10399.20
2025-04-17,mobile,10,2912.75
2025-04-17,phone,13,9041.17
2025-04-17,store,18,8637.38
2025-04-17,web,12,8733.96
2025-04-18,mobile,12,7743.87
2025-04-18,phone,11,4845.72
2025-04-18,store,10,2832.99
2025-04-18,web,15,7251.43
2025-04-19,mobile,19,11337.00
2025-04-19,phone,13,8265.69
2025-04-19,store,15,8902.87
2025-04-19,web,16,12170.11
2025-04-20,mobile,21,11274.64
2025-04-20,phone,20,11009.88
2025-04-20,store,13,6509.05
2025-04-20,web,17,10871.27
2025-04-21,mobile,17,10483.81
2025-04-21,phone,12,6670.82
2025-04-21,store,18,8070.85
2025-04-21,web,22,12684.76
2025-04-22,mobile,22,10603.67
2025-04-22,phone,16,9808.72
2025-04-22,store,12,5611.86
2025-04-22,web,14,5435.98
2025-04-23,mobile,8,4312.64
2025-04-23,phone,18,7089.97
2025-04-23,store,16,8395.88
2025-04-23,web,16,8544.08
2025-04-24,mobile,13,8680.91
2025-04-24,phone,15,6037.43
2025-04-24,store,14,5442.85
2025-04-24,web,16,7517.22
2025-04-25,mobile,14,6528.67
2025-04-25,phone,17,8591.70
2025-04-25,store,16,7971.30
2025-04-25,web,15,6127.33
2025-04-26,mobile,6,2660.04
2025-04-26,phone,15,5547.93
2025-04-26,store,10,4343.22
2025-04-26,web,16,9063.75
2025-04-27,mobile,17,11286.72
2025-04-27,phone,21,13867.94
2025-04-27,store,7,2960.99
2025-04-27,web,13,6005.66
2025-04-28,mobile,20,13835.59
2025-04-28,phone,14,4887.88
2025-04-28,store,15,8485.96
2025-04-28,web,18,6240.11
2025-04-29,mobile,13,7107.43
2025-04-29,phone,15,7194.31
2025-04-29,store,8,1373.13
2025-04-29,web,18,9949.97
2025-04-30,mobile,15,11864.06
2025-04-30,phone,14,9352.80
2025-04-30,store,11,4380.86
2025-04-30,web,14,9533.68
2025-05-01,mobile,11,8163.94
2025-05-01,phone,8,4269.59
2025-05-01,store,17,11659.47
2025-05-01,web,20,10122.68
2025-05-02,mobile,10,5300.35
2025-05-02,phone,14,5689.86
2025-05-02,store,15,7288.00
2025-05-02,web,13,6648.12
2025-05-03,mobile,16,5812.27
2025-05-03,phone,17,9748.44
2025-05-03,store,15,6953.91
2025-05-03,web,13,8426.60
2025-05-04,mobile,24,10316.00
2025-05-04,phone,11,7590.56
2025-05-04,store,16,5340.97
2025-05-04,web,17,9251.96
2025-05-05,mobile,8,5101.97
2025-05-05,phone,13,4866.09
2025-05-05,store,15,8564.23
2025-05-05,web,11,5307.37
2025-05-06,mobile,16,7808.54
2025-05-06,phone,6,1546.30
2025-05-06,store,18,8775.51
2025-05-06,web,12,3081.63
2025-05-07,mobile,15,9012.10
2025-05-07,phone,15,6744.47
2025-05-07,store,13,7994.68
2025-05-07,web,16,6658.23
2025-05-08,mobile,16,8255.71
2025-05-08,phone,13,8242.09
2025-05-08,store,14,5167.01
2025-05-08,web,20,10905.38
2025-05-09,mobile,19,7595.27
2025-05-09,phone,8,3380.18
2025-05-09,store,13,7046.50
2025-05-09,web,14,7016.04
2025-05-10,mobile,19,6476.19
2025-05-10,phone,11,7189.37
2025-05-10,store,14,7458.23
2025-05-10,web,8,3701.16
2025-05-11,mobile,9,3821.58
2025-05-11,phone,14,6691.44
2025-05-11,store,13,4707.86
2025-05-11,web,9,4993.50
2025-05-12,mobile,10,5525.78
2025-05-12,phone,12,3996.75
2025-05-12,store,11,5590.66
2025-05-12,web,12,5773.72
2025-05-13,mobile,6,5123.43
2025-05-13,phone,12,9009.88
2025-05-13,store,22,15478.75
2025-05-13,web,17,12604.56
2025-05-14,mobile,11,7406.83
2025-05-14,phone,16,11076.09
2025-05-14,store,13,6098.72
2025-05-14,web,10,7585.18
2025-05-15,mobile,11,4715.12
2025-05-15,phone,17,5515.44
2025-05-15,store,11,7403.86
2025-05-15,web,12,9547.17
2025-05-16,mobile,15,8452.47
2025-05-16,phone,14,7011.59
2025-05-16,store,17,10588.21
2025-05-16,web,16,7556.48
2025-05-17,mobile,12,7649.01
2025-05-17,phone,11,5935.66
2025-05-17,store,9,4224.64
2025-05-17,web,24,15634.53
2025-05-18,mobile,9,3427.37
2025-05-18,phone,13,8567.95
2025-05-18,store,16,9619.69
2025-05-18,web,22,11206.92
2025-05-19,mobile,14,6303.24
2025-05-19,phone,18,9669.59
2025-05-19,store,12,7273.31
2025-05-19,web,21,9900.54
2025-05-20,mobile,14,4799.81
2025-05-20,phone,10,4335.70
2025-05-20,store,20,8674.26
2025-05-20,web,15,7499.21
2025-05-21,mobile,16,6855.21
2025-05-21,phone,10,3676.84
2025-05-21,store,19,8599.55
2025-05-21,web,17,7395.05
2025-05-22,mobile,16,8933.75
2025-05-22,phone,8,6299.31
2025-05-22,store,21,9610.95
2025-05-22,web,17,7277.05
2025-05-23,mobile,15,6953.65
2025-05-23,phone,10,2897.83
2025-05-23,store,15,7488.38
2025-05-23,web,15,5876.39
2025-05-24,mobile,13,4736.66
2025-05-24,phone,11,5587.15
2025-05-24,store,6,3877.13
2025-05-24,web,11,6549.82
2025-05-25,mobile,7,4606.56
2025-05-25,phone,15,7210.68
2025-05-25,store,16,7404.75
2025-05-25,web,26,11971.65
2025-05-26,mobile,11,4748.97
2025-05-26,phone,9,4974.89
2025-05-26,store,16,7732.99
2025-05-26,web,18,8770.09
2025-05-27,mobile,16,9200.88
2025-05-27,phone,9,5028.78
2025-05-27,store,15,9012.91
2025-05-27,web,10,6853.88
2025-05-28,mobile,20,10711.69
2025-05-28,phone,12,6916.42
2025-05-28,store,11,4199.84
2025-05-28,web,17,8840.02
2025-05-29,mobile,11,8409.29
2025-05-29,phone,17,12270.31
2025-05-29,store,18,10579.31
2025-05-29,web,15,6497.90
2025-05-30,mobile,14,7953.63
2025-05-30,phone,17,8415.34
2025-05-30,store,9,3694.31
2025-05-30,web,16,7222.37
2025-05-31,mobile,15,6492.73
2025-05-31,phone,11,5431.91
2025-05-31,store,12,4538.84
2025-05-31,web,17,9032.46
2025-06-01,mobile,18,8796.51
2025-06-01,phone,16,10997.64
2025-06-01,store,8,5424.57
2025-06-01,web,15,10195.77
2025-06-02,mobile,11,4853.22
2025-06-02,phone,19,7655.31
2025-06-02,store,10,4632.58
2025-06-02,web,8,5306.60
2025-06-03,mobile,18,10342.92
2025-06-03,phone,16,7735.92
2025-06-03,store,16,8173.13
2025-06-03,web,10,3625.97
2025-06-04,mobile,17,6671.83
2025-06-04,phone,10,4967.34
2025-06-04,store,11,6112.22
2025-06-04,web,12,8966.86
2025-06-05,mobile,16,10945.63
2025-06-05,phone,13,4918.74
2025-06-05,store,15,9832.38
2025-06-05,web,14,4278.18
2025-06-06,mobile,9,5179.51
2025-06-06,phone,17,8043.79
2025-06-06,store,17,9734.61
2025-06-06,web,13,9913.83
2025-06-07,mobile,10,4464.04
2025-06-07,phone,18,9399.69
2025-06-07,store,17,9129.69
2025-06-07,web,14,6702.20
2025-06-08,mobile,11,4776.03
2025-06-08,phone,17,7082.49
2025-06-08,store,19,9827.96
2025-06-08,web,15,6975.66
2025-06-09,mobile,11,7428.02
2025-06-09,phone,16,9122.94
2025-06-09,store,13,7963.55
2025-06-09,web,9,4270.08
2025-06-10,mobile,20,9529.35
2025-06-10,phone,9,4857.08
2025-06-10,store,10,4678.14
2025-06-10,web,14,8103.67
2025-06-11,mobile,10,5644.64
2025-06-11,phone,12,7225.93
2025-06-11,store,6,2914.05
2025-06-11,web,16,9183.27
2025-06-12,mobile,8,2756.12
2025-06-12,phone,5,3613.03
2025-06-12,store,15,6775.68
2025-06-12,web,14,9673.11
2025-06-13,mobile,15,10254.87
2025-06-13,phone,23,11712.93
2025-06-13,store,13,5820.34
2025-06-13,web,16,7334.96
2025-06-14,mobile,11,3985.75
2025-06-14,phone,12,7778.23
2025-06-14,store,19,9174.60
2025-06-14,web,13,7888.12
2025-06-15,mobile,9,2879.33
2025-06-15,phone,12,11365.21
2025-06-15,store,14,9596.94
2025-06-15,web,8,2645.86
2025-06-16,mobile,16,7568.33
2025-06-16,phone,9,4670.23
2025-06-16,store,11,4864.52
2025-06-16,web,22,9387.48
2025-06-17,mobile,14,8827.77
2025-06-17,phone,9,3051.14
2025-06-17,store,17,10579.60
2025-06-17,web,15,7437.23
2025-06-18,mobile,23,14502.05
2025-06-18,phone,18,10287.53
2025-06-18,store,9,5705.73
2025-06-18,web,9,3904.33
2025-06-19,mobile,6,3516.23
2025-06-19,phone,17,7018.79
2025-06-19,store,15,5374.58
2025-06-19,web,12,4587.21
2025-06-20,mobile,12,5741.24
2025-06-20,phone,9,3268.27
2025-06-20,store,7,3534.03
2025-06-20,web,10,5617.56
2025-06-21,mobile,9,5099.57
2025-06-21,phone,12,5840.55
2025-06-21,store,18,11642.33
2025-06-21,web,18,10663.32
2025-06-22,mobile,14,6900.72
2025-06-22,phone,8,2190.62
2025-06-22,store,14,7831.14
2025-06-22,web,8,5585.99
2025-06-23,mobile,18,6382.40
2025-06-23,phone,9,4293.60
2025-06-23,store,11,3590.60
2025-06-23,web,15,6732.59
2025-06-24,mobile,12,4882.65
2025-06-24,phone,11,6065.62
2025-06-24,store,4,1520.12
2025-06-24,web,18,10295.25
2025-06-25,mobile,13,7172.56
2025-06-25,phone,16,9788.92
2025-06-25,store,9,4226.27
2025-06-25,web,12,5299.87
2025-06-26,mobile,12,6454.99
2025-06-26,phone,14,6035.49
2025-06-26,store,10,5600.11
2025-06-26,web,16,10213.94
2025-06-27,mobile,16,8867.38
2025-06-27,phone,11,3855.42
2025-06-27,store,14,5100.52
2025-06-27,web,14,9620.19
2025-06-28,mobile,12,8616.40
2025-06-28,phone,18,10013.98
2025-06-28,store,13,7261.19
2025-06-28,web,16,8666.89
2025-06-29,mobile,15,5818.26
2025-06-29,phone,11,5720.13
2025-06-29,store,10,3959.42
2025-06-29,web,18,8489.37
2025-06-30,mobile,15,8059.02
2025-06-30,phone,11,6452.35
2025-06-30,store,10,5136.52
2025-06-30,web,16,8499.24
2025-07-01,mobile,7,4081.31
2025-07-01,phone,15,9273.17
2025-07-01,store,20,11118.81
2025-07-01,web,10,4817.15
2025-07-02,mobile,6,6030.07
2025-07-02,phone,17,10815.09
2025-07-02,store,14,8882.33
2025-07-02,web,13,6745.05
2025-07-03,mobile,11,5173.55
2025-07-03,phone,17,8284.46
2025-07-03,store,10,4375.48
2025-07-03,web,10,5900.69
2025-07-04,mobile,9,3792.06
2025-07-04,phone,12,7606.87
2025-07-04,store,15,7703.78
2025-07-04,web,16,7895.75
2025-07-05,mobile,19,11270.00
2025-07-05,phone,12,7056.54
2025-07-05,store,12,6499.36
2025-07-05,web,15,8563.30
2025-07-06,mobile,15,6793.65
2025-07-06,phone,11,5735.31
2025-07-06,store,24,10896.13
2025-07-06,web,14,8737.62
2025-07-07,mobile,12,5486.98
2025-07-07,phone,19,9937.68
2025-07-07,store,15,8191.20
2025-07-07,web,10,5698.44
2025-07-08,mobile,17,9451.65
2025-07-08,phone,14,6378.09
2025-07-08,store,13,7709.57
2025-07-08,web,18,9917.85
2025-07-09,mobile,18,9256.65
2025-07-09,phone,10,4304.40
2025-07-09,store,19,10290.69
2025-07-09,web,10,4063.30
2025-07-10,mobile,12,4176.24
2025-07-10,phone,20,10664.82
2025-07-10,store,13,8366.85
2025-07-10,web,11,5317.17
2025-07-11,mobile,15,9913.10
2025-07-11,phone,18,11041.85
2025-07-11,store,12,5285.48
2025-07-11,web,19,10174.66
2025-07-12,mobile,18,11699.96
2025-07-12,phone,8,7401.97
2025-07-12,store,13,7962.29
2025-07-12,web,18,10503.35
2025-07-13,mobile,5,3722.34
2025-07-13,phone,20,10959.06
2025-07-13,store,10,6628.37
2025-07-13,web,15,6638.05
2025-07-14,mobile,13,7979.21
2025-07-14,phone,10,5827.83
2025-07-14,store,14,6604.64
2025-07-14,web,22,11238.01
2025-07-15,mobile,12,4261.71
2025-07-15,phone,8,4143.86
2025-07-15,store,17,9278.02
2025-07-15,web,14,9883.58
2025-07-16,mobile,11,5653.67
2025-07-16,phone,21,8977.92
2025-07-16,store,20,10110.96
2025-07-16,web,14,5288.23
2025-07-17,mobile,12,4453.25
2025-07-17,phone,24,14511.29
2025-07-17,store,10,7644.19
2025-07-17,web,17,9271.64
2025-07-18,mobile,14,3819.01
2025-07-18,phone,17,6111.36
2025-07-18,store,14,8979.75
2025-07-18,web,9,3855.72
2025-07-19,mobile,13,7901.09
2025-07-19,phone,14,8632.19
2025-07-19,store,14,7745.70
2025-07-19,web,14,7207.49
2025-07-20,mobile,16,6372.48
2025-07-20,phone,9,3263.53
2025-07-20,store,13,5993.65
2025-07-20,web,22,8988.06
2025-07-21,mobile,19,10432.55
2025-07-21,phone,14,7435.75
2025-07-21,store,10,5162.54
2025-07-21,web,17,9747.49
2025-07-22,mobile,9,3760.33
2025-07-22,phone,12,5577.64
2025-07-22,store,13,8623.03
2025-07-22,web,17,9350.03
2025-07-23,mobile,14,6515.14
2025-07-23,phone,14,7784.28
2025-07-23,store,13,6654.59
2025-07-23,web,13,6903.38
2025-07-24,mobile,11,7248.51
2025-07-24,phone,26,12011.90
2025-07-24,store,13,7176.65
2025-07-24,web,12,5248.15
2025-07-25,mobile,20,6653.64
2025-07-25,phone,13,8517.46
2025-07-25,store,17,7548.59
2025-07-25,web,20,9025.48
2025-07-26,mobile,13,5058.13
2025-07-26,phone,11,2861.03
2025-07-26,store,14,11664.40
2025-07-26,web,15,9997.82
2025-07-27,mobile,16,6178.16
2025-07-27,phone,19,9540.04
2025-07-27,store,13,7034.49
2025-07-27,web,12,6140.64
2025-07-28,mobile,14,5619.81
2025-07-28,phone,12,4296.14
2025-07-28,store,11,5908.09
2025-07-28,web,11,4993.54
2025-07-29,mobile,12,6117.78
2025-07-29,phone,19,11034.69
2025-07-29,store,7,2265.12
2025-07-29,web,10,5854.64
2025-07-30,mobile,15,7473.82
2025-07-30,phone,11,6483.20
2025-07-30,store,16,7474.28
2025-07-30,web,8,3534.18
2025-07-31,mobile,14,7988.61
2025-07-31,phone,16,10466.23
2025-07-31,store,7,3923.88
2025-07-31,web,12,4223.57
2025-08-01,mobile,12,8514.67
2025-08-01,phone,17,8289.23
2025-08-01,store,15,6945.45
2025-08-01,web,12,4949.21
2025-08-02,mobile,24,10872.28
2025-08-02,phone,12,6062.67
2025-08-02,store,10,4006.71
2025-08-02,web,11,5572.60
2025-08-03,mobile,12,5560.90
2025-08-03,phone,18,9700.91
2025-08-03,store,11,5344.41
2025-08-03,web,15,8596.56
2025-08-04,mobile,11,3116.12
2025-08-04,phone,11,8317.30
2025-08-04,store,12,6505.02
2025-08-04,web,19,9561.14
2025-08-05,mobile,17,10270.13
2025-08-05,phone,8,2353.29
2025-08-05,store,12,6075.53
2025-08-05,web,16,7362.68
2025-08-06,mobile,11,7230.43
2025-08-06,phone,12,7682.70
2025-08-06,store,16,7265.06
2025-08-06,web,13,5694.68
2025-08-07,mobile,5,2267.83
2025-08-07,phone,11,4676.27
2025-08-07,store,15,4108.15
2025-08-07,web,12,4627.89
2025-08-08,mobile,13,6981.79
2025-08-08,phone,18,13276.51
2025-08-08,store,15,8821.48
2025-08-08,web,15,12492.25
2025-08-09,mobile,20,9578.36
2025-08-09,phone,11,6683.67
2025-08-09,store,15,9791.01
2025-08-09,web,13,6998.86
2025-08-10,mobile,10,5931.71
2025-08-10,phone,14,10446.01
2025-08-10,store,16,11498.12
2025-08-10,web,20,10238.46
2025-08-11,mobile,16,8505.79
2025-08-11,phone,9,3706.05
2025-08-11,store,27,17677.43
2025-08-11,web,22,14374.13
2025-08-12,mobile,9,6849.88
2025-08-12,phone,13,8544.48
2025-08-12,store,12,4741.22
2025-08-12,web,12,4962.43
2025-08-13,mobile,8,4872.09
2025-08-13,phone,8,3098.31
2025-08-13,store,16,5549.15
2025-08-13,web,12,5191.68
2025-08-14,mobile,10,7196.92
2025-08-14,phone,15,5475.05
2025-08-14,store,14,6897.45
2025-08-14,web,14,7007.51
2025-08-15,mobile,10,3989.66
2025-08-15,phone,12,6145.72
2025-08-15,store,8,5008.94
2025-08-15,web,6,2131.24
2025-08-16,mobile,10,5652.58
2025-08-16,phone,10,3566.34
2025-08-16,store,17,8746.07
2025-08-16,web,13,7188.94
2025-08-17,mobile,13,4843.97
2025-08-17,phone,12,6695.04
2025-08-17,store,10,4159.15
2025-08-17,web,17,6517.78
2025-08-18,mobile,11,5502.93
2025-08-18,phone,12,8792.92
2025-08-18,store,8,3574.17
2025-08-18,web,13,7988.75
2025-08-19,mobile,14,7313.79
2025-08-19,phone,16,5031.00
2025-08-19,store,14,7308.03
2025-08-19,web,16,6273.45
2025-08-20,mobile,10,3830.11
2025-08-20,phone,13,7923.03
2025-08-20,store,8,3824.84
2025-08-20,web,18,10221.45
2025-08-21,mobile,16,6919.03
2025-08-21,phone,15,8089.38
2025-08-21,store,9,3644.19
2025-08-21,web,16,5008.92
2025-08-22,mobile,11,4478.75
2025-08-22,phone,19,12039.31
2025-08-22,store,9,5868.74
2025-08-22,web,12,5106.57
2025-08-23,mobile,16,6723.63
2025-08-23,phone,17,9124.91
2025-08-23,store,16,8306.85
2025-08-23,web,17,9113.63
2025-08-24,mobile,10,4837.04
2025-08-24,phone,14,8071.12
2025-08-24,store,22,13672.70
2025-08-24,web,5,3410.96
2025-08-25,mobile,10,6662.79
2025-08-25,phone,14,5459.96
2025-08-25,store,15,8090.30
2025-08-25,web,12,7548.08
2025-08-26,mobile,18,10894.66
2025-08-26,phone,20,9959.44
2025-08-26,store,15,6694.23
2025-08-26,web,10,4618.84
2025-08-27,mobile,15,6579.88
2025-08-27,phone,11,6471.92
2025-08-27,store,16,7100.88
2025-08-27,web,9,2789.74
2025-08-28,mobile,16,7529.22
2025-08-28,phone,18,8534.29
2025-08-28,store,15,5738.58
2025-08-28,web,12,6775.37
2025-08-29,mobile,15,15290.47
2025-08-29,phone,14,10650.89
2025-08-29,store,12,6766.16
2025-08-29,web,13,4343.70
2025-08-30,mobile,15,9296.68
2025-08-30,phone,20,8079.21
2025-08-30,store,10,5281.20
2025-08-30,web,10,5814.99
2025-08-31,mobile,17,7780.89
2025-08-31,phone,10,4450.11
2025-08-31,store,20,9299.28
2025-08-31,web,12,5454.63
2025-09-01,mobile,13,5981.98
2025-09-01,phone,14,6869.09
2025-09-01,store,11,6125.33
2025-09-01,web,13,10026.06
2025-09-02,mobile,19,9199.27
2025-09-02,phone,15,4216.05
2025-09-02,store,10,5051.63
2025-09-02,web,13,8469.96
2025-09-03,mobile,18,9315.54
2025-09-03,phone,13,7860.90
2025-09-03,store,16,9609.78
2025-09-03,web,14,7182.40
2025-09-04,mobile,21,12753.95
2025-09-04,phone,16,6855.55
2025-09-04,store,15,10737.23
2025-09-04,web,13,6782.62
2025-09-05,mobile,7,5388.51
2025-09-05,phone,21,14582.49
2025-09-05,store,15,6839.11
2025-09-05,web,14,6517.22
2025-09-06,mobile,17,9652.01
2025-09-06,phone,13,9015.59
2025-09-06,store,10,5416.66
2025-09-06,web,11,6050.40
2025-09-07,mobile,9,6105.11
2025-09-07,phone,25,14160.10
2025-09-07,store,18,8702.66
2025-09-07,web,18,7490.25
2025-09-08,mobile,13,8018.34
2025-09-08,phone,15,8903.98
2025-09-08,store,19,10604.30
2025-09-08,web,19,9679.59
2025-09-09,mobile,16,8517.66
2025-09-09,phone,12,6639.67
2025-09-09,store,16,8668.54
2025-09-09,web,11,6809.51
2025-09-10,mobile,16,11514.51
2025-09-10,phone,12,7554.40
2025-09-10,store,16,5155.53
2025-09-10,web,12,9431.46
2025-09-11,mobile,21,9968.72
2025-09-11,phone,15,4950.00
2025-09-11,store,15,7434.85
2025-09-11,web,13,11498.50
2025-09-12,mobile,10,4070.26
2025-09-12,phone,12,7866.25
2025-09-12,store,16,9919.14
2025-09-12,web,11,5780.74
2025-09-13,mobile,11,5739.54
2025-09-13,phone,13,4807.59
2025-09-13,store,13,4928.04
2025-09-13,web,23,11421.41
2025-09-14,mobile,16,6021.62
2025-09-14,phone,24,14067.19
2025-09-14,store,13,4463.51
2025-09-14,web,15,9415.34
2025-09-15,mobile,14,6313.75
2025-09-15,phone,8,3477.16
2025-09-15,store,16,6089.54
2025-09-15,web,12,5925.64
2025-09-16,mobile,12,8854.59
2025-09-16,phone,12,6430.19
2025-09-16,store,4,3212.44
2025-09-16,web,24,10933.53
2025-09-17,mobile,5,2707.27
2025-09-17,phone,18,7286.51
2025-09-17,store,16,9012.03
2025-09-17,web,12,4767.07
2025-09-18,mobile,11,4791.07
2025-09-18,phone,15,7077.29
2025-09-18,store,8,4687.80
2025-09-18,web,12,8048.79
2025-09-19,mobile,15,6734.94
2025-09-19,phone,16,7305.18
2025-09-19,store,18,9909.98
2025-09-19,web,11,5110.27
2025-09-20,mobile,10,5923.77
2025-09-20,phone,14,9335.87
2025-09-20,store,17,11499.91
2025-09-20,web,9,7548.42
2025-09-21,mobile,10,5412.89
2025-09-21,phone,21,12474.67
2025-09-21,store,13,5097.39
2025-09-21,web,13,5489.58
2025-09-22,mobile,12,6220.25
2025-09-22,phone,14,7271.24
2025-09-22,store,8,5383.37
2025-09-22,web,12,6379.93
2025-09-23,mobile,14,8335.85
2025-09-23,phone,12,8681.94
2025-09-23,store,11,4108.10
2025-09-23,web,10,6064.19
2025-09-24,mobile,13,5528.58
2025-09-24,phone,13,7411.34
2025-09-24,store,13,7771.60
2025-09-24,web,15,6874.92
2025-09-25,mobile,12,6724.44
2025-09-25,phone,7,5232.94
2025-09-25,store,20,10559.46
2025-09-25,web,14,8535.15
2025-09-26,mobile,7,3390.33
2025-09-26,phone,15,7698.56
2025-09-26,store,9,7068.21
2025-09-26,web,18,14324.79
2025-09-27,mobile,23,12117.52
2025-09-27,phone,14,6476.57
2025-09-27,store,16,9886.09
2025-09-27,web,13,5988.81
2025-09-28,mobile,17,9036.28
2025-09-28,phone,16,9612.38
2025-09-28,store,10,4330.61
2025-09-28,web,20,11157.78
2025-09-29,mobile,18,8045.27
2025-09-29,phone,13,6684.91
2025-09-29,store,7,4133.05
2025-09-29,web,15,7113.93
2025-09-30,mobile,20,9178.74
2025-09-30,phone,16,7428.39
2025-09-30,store,20,8843.20
2025-09-30,web,13,5169.45
2025-10-01,mobile,9,5194.76
2025-10-01,phone,12,7556.32
2025-10-01,store,18,9724.34
2025-10-01,web,13,6080.66
2025-10-02,mobile,11,6932.87
2025-10-02,phone,10,7148.93
2025-10-02,store,14,6577.21
2025-10-02,web,13,4303.21
2025-10-03,mobile,18,7875.18
2025-10-03,phone,17,8677.12
2025-10-03,store,18,10138.48
2025-10-03,web,13,7941.10
2025-10-04,mobile,11,3736.93
2025-10-04,phone,11,5102.14
2025-10-04,store,21,13487.59
2025-10-04,web,8,3633.40
2025-10-05,mobile,10,3979.40
2025-10-05,phone,15,6330.63
2025-10-05,store,7,5163.85
2025-10-05,web,17,10480.35
2025-10-06,mobile,12,5849.73
2025-10-06,phone,10,3804.39
2025-10-06,store,12,5938.60
2025-10-06,web,13,5429.08
2025-10-07,mobile,16,9281.47
2025-10-07,phone,16,9781.21
2025-10-07,store,15,8284.65
2025-10-07,web,15,4429.10
2025-10-08,mobile,11,8340.07
2025-10-08,phone,13,6024.70
2025-10-08,store,16,6289.92
2025-10-08,web,13,6912.08
2025-10-09,mobile,8,3552.52
2025-10-09,phone,15,9848.79
2025-10-09,store,20,12884.79
2025-10-09,web,13,5860.67
2025-10-10,mobile,7,2820.71
2025-10-10,phone,13,8302.19
2025-10-10,store,15,7758.91
2025-10-10,web,20,9857.03
2025-10-11,mobile,20,10565.04
2025-10-11,phone,22,14676.26
2025-10-11,store,10,6814.04
2025-10-11,web,15,8416.05
2025-10-12,mobile,18,9323.55
2025-10-12,phone,14,8665.86
2025-10-12,store,15,8728.64
2025-10-12,web,16,8655.98
2025-10-13,mobile,13,6293.48
2025-10-13,phone,18,10424.64
2025-10-13,store,6,2457.68
2025-10-13,web,9,3891.04
2025-10-14,mobile,14,6970.13
2025-10-14,phone,10,3348.65
2025-10-14,store,14,6695.97
2025-10-14,web,22,14630.52
2025-10-15,mobile,14,7218.78
2025-10-15,phone,15,7326.25
2025-10-15,store,12,5232.81
2025-10-15,web,12,7983.81
2025-10-16,mobile,14,7846.86
2025-10-16,phone,15,4617.87
2025-10-16,store,5,3237.14
2025-10-16,web,14,7233.08
2025-10-17,mobile,17,5631.75
2025-10-17,phone,9,3105.03
2025-10-17,store,15,11174.89
2025-10-17,web,12,8042.94
2025-10-18,mobile,13,11062.95
2025-10-18,phone,13,7649.72
2025-10-18,store,8,2211.62
2025-10-18,web,11,7807.10
2025-10-19,mobile,16,8816.13
2025-10-19,phone,11,4210.19
2025-10-19,store,15,6901.01
2025-10-19,web,18,9297.55
2025-10-20,mobile,8,3294.40
2025-10-20,phone,16,10271.23
2025-10-20,store,12,7307.06
2025-10-20,web,11,4288.36
2025-10-21,mobile,15,6914.27
2025-10-21,phone,20,10087.25
2025-10-21,store,13,9145.13
2025-10-21,web,12,7609.78
2025-10-22,mobile,16,6898.93
2025-10-22,phone,17,13518.37
2025-10-22,store,6,4089.46
2025-10-22,web,15,11411.79
2025-10-23,mobile,12,5392.13
2025-10-23,phone,17,8174.84
2025-10-23,store,12,4902.56
2025-10-23,web,15,6301.58
2025-10-24,mobile,17,8141.38
2025-10-24,phone,16,7907.75
2025-10-24,store,14,8270.35
2025-10-24,web,9,5979.28
2025-10-25,mobile,12,6427.96
2025-10-25,phone,13,7321.46
2025-10-25,store,15,8894.28
2025-10-25,web,12,6210.52
2025-10-26,mobile,13,5860.64
2025-10-26,phone,19,9779.47
2025-10-26,store,11,5302.34
2025-10-26,web,18,9663.69
2025-10-27,mobile,11,5945.56
2025-10-27,phone,13,6994.86
2025-10-27,store,18,9413.00
2025-10-27,web,16,11290.43
2025-10-28,mobile,14,8788.04
2025-10-28,phone,12,8696.05
2025-10-28,store,16,7546.95
2025-10-28,web,18,9096.87
2025-10-29,mobile,15,7390.51
2025-10-29,phone,4,1608.49
2025-10-29,store,15,3801.59
2025-10-29,web,9,3571.43
2025-10-30,mobile,9,4551.79
2025-10-30,phone,12,8877.37
2025-10-30,store,16,7205.02
2025-10-30,web,13,6472.81
2025-10-31,mobile,9,3923.93
2025-10-31,phone,18,11948.54
2025-10-31,store,14,5509.72
2025-10-31,web,11,6791.52
2025-11-01,mobile,15,8077.39
2025-11-01,phone,17,6696.72
2025-11-01,store,14,6661.07
2025-11-01,web,11,7673.28
2025-11-02,mobile,11,5076.81
2025-11-02,phone,8,4861.76
2025-11-02,store,14,7473.65
2025-11-02,web,15,4732.60
2025-11-03,mobile,9,6791.95
2025-11-03,phone,14,5492.26
2025-11-03,store,17,12836.35
2025-11-03,web,10,6653.15
2025-11-04,mobile,10,4368.68
2025-11-04,phone,9,6102.15
2025-11-04,store,13,9646.57
2025-11-04,web,18,10013.64
2025-11-05,mobile,19,12188.57
2025-11-05,phone,8,3045.68
2025-11-05,store,12,5697.84
2025-11-05,web,19,10126.90
2025-11-06,mobile,9,7778.98
2025-11-06,phone,16,8056.18
2025-11-06,store,21,10315.16
2025-11-06,web,13,6203.42
2025-11-07,mobile,11,6987.83
2025-11-07,phone,14,8055.07
2025-11-07,store,14,8497.75
2025-11-07,web,20,12300.61
2025-11-08,mobile,18,6087.15
2025-11-08,phone,15,7309.73
2025-11-08,store,5,2313.32
2025-11-08,web,15,6412.36
2025-11-09,mobile,17,7945.44
2025-11-09,phone,21,11028.20
2025-11-09,store,12,5546.90
2025-11-09,web,21,12608.49
2025-11-10,mobile,12,6803.63
2025-11-10,phone,15,8477.31
2025-11-10,store,15,11144.96
2025-11-10,web,16,9068.57
2025-11-11,mobile,15,7426.14
2025-11-11,phone,18,9393.31
2025-11-11,store,11,5124.05
2025-11-11,web,16,7942.33
2025-11-12,mobile,10,5260.51
2025-11-12,phone,18,8960.60
2025-11-12,store,15,5923.29
2025-11-12,web,20,9574.87
2025-11-13,mobile,15,7215.97
2025-11-13,phone,13,8612.17
2025-11-13,store,18,9956.94
2025-11-13,web,15,8626.21
2025-11-14,mobile,12,6132.69
2025-11-14,phone,8,5165.09
2025-11-14,store,17,5346.02
2025-11-14,web,15,8169.08
2025-11-15,mobile,10,4244.94
2025-11-15,phone,15,6072.90
2025-11-15,store,9,8168.61
2025-11-15,web,17,9742.00
2025-11-16,mobile,11,6271.63
2025-11-16,phone,17,9387.16
2025-11-16,store,11,3942.35
2025-11-16,web,12,7255.57
2025-11-17,mobile,7,4072.31
2025-11-17,phone,14,6138.82
2025-11-17,store,20,6883.65
2025-11-17,web,9,4748.82
2025-11-18,mobile,16,9495.54
2025-11-18,phone,10,4490.16
2025-11-18,store,15,8225.55
2025-11-18,web,16,6280.58
2025-11-19,mobile,15,7452.54
2025-11-19,phone,13,7010.17
2025-11-19,store,5,2547.38
2025-11-19,web,14,6416.81
2025-11-20,mobile,17,7228.44
2025-11-20,phone,13,6785.37
2025-11-20,store,10,7555.81
2025-11-20,web,13,6836.96
2025-11-21,mobile,8,3751.30
2025-11-21,phone,14,5405.26
2025-11-21,store,8,3339.71
2025-11-21,web,16,11789.62
2025-11-22,mobile,12,5167.82
2025-11-22,phone,14,8252.48
2025-11-22,store,12,4936.54
2025-11-22,web,11,4361.98
2025-11-23,mobile,23,10669.13
2025-11-23,phone,20,10328.49
2025-11-23,store,14,8051.99
2025-11-23,web,17,8735.46
2025-11-24,mobile,16,9895.54
2025-11-24,phone,16,9726.82
2025-11-24,store,6,1222.38
2025-11-24,web,13,5137.83
2025-11-25,mobile,7,3276.58
2025-11-25,phone,9,2485.97
2025-11-25,store,10,6028.20
2025-11-25,web,13,10716.87
2025-11-26,mobile,19,12651.35
2025-11-26,phone,16,6809.36
2025-11-26,store,11,6730.69
2025-11-26,web,10,7049.26
2025-11-27,mobile,14,8107.82
2025-11-27,phone,16,9395.27
2025-11-27,store,19,9608.84
2025-11-27,web,9,5384.41
2025-11-28,mobile,11,4159.94
2025-11-28,phone,12,5744.38
2025-11-28,store,8,5951.92
2025-11-28,web,6,3750.95
2025-11-29,mobile,16,8211.25
2025-11-29,phone,14,9001.04
2025-11-29,store,12,7348.18
2025-11-29,web,10,8037.04
2025-11-30,mobile,10,5503.52
2025-11-30,phone,15,6956.08
2025-11-30,store,19,8974.77
2025-11-30,web,10,5530.05
2025-12-01,mobile,15,7180.64
2025-12-01,phone,15,6203.85
2025-12-01,store,17,9564.79
2025-12-01,web,11,6613.66
2025-12-02,mobile,12,3389.25
2025-12-02,phone,12,6985.42
2025-12-02,store,11,6928.52
2025-12-02,web,19,9194.90
2025-12-03,mobile,11,6062.12
2025-12-03,phone,11,5883.29
2025-12-03,store,17,9410.37
2025-12-03,web,12,5865.48
2025-12-04,mobile,12,6448.59
2025-12-04,phone,12,5847.91
2025-12-04,store,13,5877.35
2025-12-04,web,10,4834.64
2025-12-05,mobile,9,3331.83
2025-12-05,phone,12,6137.86
2025-12-05,store,17,7245.60
2025-12-05,web,11,4904.78
2025-12-06,mobile,13,7961.64
2025-12-06,phone,17,8941.53
2025-12-06,store,11,5654.60
2025-12-06,web,10,6089.14
2025-12-07,mobile,13,7497.21
2025-12-07,phone,19,10044.45
2025-12-07,store,18,10211.06
2025-12-07,web,11,5924.23
2025-12-08,mobile,13,6395.62
2025-12-08,phone,17,9701.47
2025-12-08,store,13,8376.06
2025-12-08,web,16,6025.49
2025-12-09,mobile,10,4562.42
2025-12-09,phone,17,8065.11
2025-12-09,store,12,6222.19
2025-12-09,web,15,5445.34
2025-12-10,mobile,11,6765.69
2025-12-10,phone,20,9186.36
2025-12-10,store,19,11953.10
2025-12-10,web,17,10273.99
2025-12-11,mobile,10,4771.37
2025-12-11,phone,9,5904.12
2025-12-11,store,15,7346.06
2025-12-11,web,15,9292.70
2025-12-12,mobile,14,5542.01
2025-12-12,phone,15,6359.71
2025-12-12,store,12,5332.85
2025-12-12,web,15,8061.35
2025-12-13,mobile,13,5856.45
2025-12-13,phone,16,6477.56
2025-12-13,store,8,6353.52
2025-12-13,web,16,10977.90
2025-12-14,mobile,12,4395.61
2025-12-14,phone,11,4097.41
2025-12-14,store,19,12558.00
2025-12-14,web,14,8818.06
2025-12-15,mobile,17,10697.50
2025-12-15,phone,14,6165.90
2025-12-15,store,12,5624.61
2025-12-15,web,12,5559.00
2025-12-16,mobile,10,6068.27
2025-12-16,phone,8,3744.20
2025-12-16,store,12,4544.45
2025-12-16,web,9,5633.71
2025-12-17,mobile,16,8208.55
2025-12-17,phone,19,9589.31
2025-12-17,store,10,5860.23
2025-12-17,web,14,7339.00
2025-12-18,mobile,12,6317.67
2025-12-18,phone,13,5058.74
2025-12-18,store,15,6250.60
2025-12-18,web,12,7304.41
2025-12-19,mobile,17,6784.18
2025-12-19,phone,15,9794.82
2025-12-19,store,13,6830.89
2025-12-19,web,12,6564.69
2025-12-20,mobile,17,7179.34
2025-12-20,phone,20,10694.10
2025-12-20,store,18,13239.07
2025-12-20,web,23,11886.56
2025-12-21,mobile,10,5049.30
2025-12-21,phone,12,6849.07
2025-12-21,store,15,8519.37
2025-12-21,web,9,6389.91
2025-12-22,mobile,19,9558.82
2025-12-22,phone,9,5858.54
2025-12-22,store,19,9435.69
2025-12-22,web,10,5723.71
2025-12-23,mobile,9,5280.72
2025-12-23,phone,13,7013.66
2025-12-23,store,22,13085.22
2025-12-23,web,14,7330.01
2025-12-24,mobile,7,3865.64
2025-12-24,phone,17,8029.99
2025-12-24,store,9,3196.62
2025-12-24,web,15,8535.90
2025-12-25,mobile,17,10077.35
2025-12-25,phone,20,8900.46
2025-12-25,store,9,4623.58
2025-12-25,web,10,3703.78
2025-12-26,mobile,14,9490.83
2025-12-26,phone,18,10641.12
2025-12-26,store,10,4260.89
2025-12-26,web,15,9286.81
2025-12-27,mobile,13,6661.78
2025-12-27,phone,12,4617.17
2025-12-27,store,19,10999.61
2025-12-27,web,8,6193.23
2025-12-28,mobile,12,6885.78
2025-12-28,phone,17,9506.35
2025-12-28,store,4,1810.66
2025-12-28,web,14,8333.01
2025-12-29,mobile,14,6805.45
2025-12-29,phone,11,3926.17
2025-12-29,store,9,5478.51
2025-12-29,web,17,8102.78
2025-12-30,mobile,20,7261.69
2025-12-30,phone,7,2677.80
2025-12-30,store,9,4462.79
2025-12-30,web,13,5037.76
2025-12-31,mobile,17,7501.07
2025-12-31,phone,18,8814.61
2025-12-31,store,17,9923.04
2025-12-31,web,12,5617.26
