order_month,sales_channel,order_count,revenue
2025-01-01,mobile,397,207657.58
2025-01-01,phone,429,225369.60
2025-01-01,store,416,216767.18
2025-01-01,web,409,218016.42
2025-02-01,mobile,399,216333.17
2025-02-01,phone,361,194264.03
2025-02-01,store,406,233644.12
2025-02-01,web,342,184228.48
2025-03-01,mobile,419,216932.52
2025-03-01,phone,413,217985.04
2025-03-01,store,427,229751.42
2025-03-01,web,439,230302.50
2025-04-01,mobile,445,255746.34
2025-04-01,phone,431,222219.40
2025-04-01,store,385,186452.14
2025-04-01,web,456,240051.83
2025-05-01,mobile,419,210670.00
2025-05-01,phone,382,199786.50
2025-05-01,store,452,232647.43
2025-05-01,web,481,249707.66
2025-06-01,mobile,401,206917.34
2025-06-01,phone,398,205028.91
2025-06-01,store,375,195717.12
2025-06-01,web,410,220064.60
2025-07-01,mobile,412,204334.46
2025-07-01,phone,463,246935.65
2025-07-01,store,426,233702.91
2025-07-01,web,438,225724.03
2025-08-01,mobile,405,215874.98
2025-08-01,phone,424,227397.04
2025-08-01,store,430,218310.50
2025-08-01,web,417,207937.12
2025-09-01,mobile,420,221562.56
2025-09-01,phone,444,238233.99
2025-09-01,store,409,215249.09
2025-09-01,web,423,235987.71
2025-10-01,mobile,403,204821.85
2025-10-01,phone,436,241786.57
2025-10-01,store,418,221089.60
2025-10-01,web,426,229572.81
2025-11-01,mobile,395,208301.39
2025-11-01,phone,422,215245.96
2025-11-01,store,387,206000.44
2025-11-01,web,420,231879.72
2025-12-01,mobile,409,203854.39
2025-12-01,phone,446,221718.06
2025-12-01,store,424,231179.90
2025-12-01,web,411,220863.19
