campaign_id,touch_channel,touches,customers_reached
CMP-001,affiliate,190,174
CMP-001,display,196,184
CMP-001,email,203,188
CMP-001,search_ad,212,195
CMP-001,social,191,177
CMP-002,affiliate,194,178
CMP-002,display,213,196
CMP-002,email,213,201
CMP-002,search_ad,206,191
CMP-002,social,209,195
CMP-003,affiliate,203,187
CMP-003,display,199,180
CMP-003,email,209,192
CMP-003,search_ad,195,181
CMP-003,social,195,178
CMP-004,affiliate,206,188
CMP-004,display,200,184
CMP-004,email,193,177
CMP-004,search_ad,203,188
CMP-004,social,193,181
CMP-005,affiliate,208,188
CMP-005,display,215,197
CMP-005,email,191,175
CMP-005,search_ad,194,175
CMP-005,social,174,170
CMP-006,affiliate,197,186
CMP-006,display,200,188
CMP-006,email,208,187
CMP-006,search_ad,190,177
CMP-006,social,219,205
CMP-007,affiliate,181,165
CMP-007,display,206,194
CMP-007,email,207,193
CMP-007,search_ad,207,192
CMP-007,social,180,169
CMP-008,affiliate,200,187
CMP-008,display,199,184
CMP-008,email,184,170
CMP-008,search_ad,186,167
CMP-008,social,225,206
CMP-009,affiliate,205,192
CMP-009,display,202,186
CMP-009,email,188,177
CMP-009,search_ad,218,206
CMP-009,social,199,192
CMP-010,affiliate,210,197
CMP-010,display,210,188
CMP-010,email,220,202
CMP-010,search_ad,185,173
CMP-010,social,195,182
CMP-011,affiliate,194,185
CMP-011,display,210,197
CMP-011,email,170,158
CMP-011,search_ad,218,203
CMP-011,social,210,186
CMP-012,affiliate,198,184
CMP-012,display,201,186
CMP-012,email,204,184
CMP-012,search_ad,229,210
CMP-012,social,206,194
CMP-013,affiliate,216,202
CMP-013,display,157,147
CMP-013,email,210,188
CMP-013,search_ad,196,184
CMP-013,social,206,190
CMP-014,affiliate,189,176
CMP-014,display,176,166
CMP-014,email,192,180
CMP-014,search_ad,213,198
CMP-014,social,217,206
CMP-015,affiliate,197,184
CMP-015,display,207,185
CMP-015,email,200,185
CMP-015,search_ad,177,164
CMP-015,social,180,172
CMP-016,affiliate,226,205
CMP-016,display,193,183
CMP-016,email,199,185
CMP-016,search_ad,188,173
CMP-016,social,186,174
CMP-017,affiliate,198,184
CMP-017,display,196,187
CMP-017,email,201,188
CMP-017,search_ad,204,186
CMP-017,social,192,180
CMP-018,affiliate,203,190
CMP-018,display,175,156
CMP-018,email,201,185
CMP-018,search_ad,200,190
CMP-018,social,196,181
CMP-019,affiliate,211,192
CMP-019,display,221,208
CMP-019,email,205,188
CMP-019,search_ad,202,185
CMP-019,social,185,171
CMP-020,affiliate,196,182
CMP-020,display,204,186
CMP-020,email,195,184
CMP-020,search_ad,209,195
CMP-020,social,218,198
