cohort_month,month_offset,cohort_size,active_buyers
2025-01-01,0,937,937
2025-01-01,1,937,622
2025-01-01,10,937,660
2025-01-01,11,937,660
2025-01-01,2,937,679
2025-01-01,3,937,682
2025-01-01,4,937,681
2025-01-01,5,937,641
2025-01-01,6,937,681
2025-01-01,7,937,652
2025-01-01,8,937,686
2025-01-01,9,937,665
2025-02-01,0,301,301
2025-02-01,1,301,222
2025-02-01,10,301,208
2025-02-01,2,301,214
2025-02-01,3,301,209
2025-02-01,4,301,203
2025-02-01,5,301,224
2025-02-01,6,301,214
2025-02-01,7,301,199
2025-02-01,8,301,221
2025-02-01,9,301,213
2025-03-01,0,86,86
2025-03-01,1,86,68
2025-03-01,2,86,67
2025-03-01,3,86,56
2025-03-01,4,86,61
2025-03-01,5,86,62
2025-03-01,6,86,62
2025-03-01,7,86,58
2025-03-01,8,86,54
2025-03-01,9,86,56
2025-04-01,0,22,22
2025-04-01,1,22,17
2025-04-01,2,22,17
2025-04-01,3,22,16
2025-04-01,4,22,19
2025-04-01,5,22,15
2025-04-01,6,22,16
2025-04-01,7,22,13
2025-04-01,8,22,18
2025-05-01,0,5,5
2025-05-01,1,5,2
2025-05-01,2,5,4
2025-05-01,3,5,5
2025-05-01,4,5,3
2025-05-01,5,5,3
2025-05-01,6,5,2
2025-05-01,7,5,3
2025-06-01,0,1,1
2025-06-01,1,1,1
2025-06-01,2,1,1
2025-06-01,3,1,1
2025-06-01,5,1,1
2025-06-01,6,1,1
2025-07-01,0,1,1
2025-07-01,1,1,1
2025-07-01,2,1,1
2025-07-01,3,1,1
2025-07-01,4,1,1
2025-08-01,0,1,1
2025-08-01,2,1,1
2025-08-01,3,1,1
2025-08-01,4,1,1
