cohort_month,month_offset,cohort_size,active_buyers,retention_pct
2025-01-01,0,937,937,100.00
2025-01-01,1,937,622,66.38
2025-01-01,10,937,660,70.44
2025-01-01,11,937,660,70.44
2025-01-01,2,937,679,72.47
2025-01-01,3,937,682,72.79
2025-01-01,4,937,681,72.68
2025-01-01,5,937,641,68.41
2025-01-01,6,937,681,72.68
2025-01-01,7,937,652,69.58
2025-01-01,8,937,686,73.21
2025-01-01,9,937,665,70.97
2025-02-01,0,301,301,100.00
2025-02-01,1,301,222,73.75
2025-02-01,10,301,208,69.10
2025-02-01,2,301,214,71.10
2025-02-01,3,301,209,69.44
2025-02-01,4,301,203,67.44
2025-02-01,5,301,224,74.42
2025-02-01,6,301,214,71.10
2025-02-01,7,301,199,66.11
2025-02-01,8,301,221,73.42
2025-02-01,9,301,213,70.76
2025-03-01,0,86,86,100.00
2025-03-01,1,86,68,79.07
2025-03-01,2,86,67,77.91
2025-03-01,3,86,56,65.12
2025-03-01,4,86,61,70.93
2025-03-01,5,86,62,72.09
2025-03-01,6,86,62,72.09
2025-03-01,7,86,58,67.44
2025-03-01,8,86,54,62.79
2025-03-01,9,86,56,65.12
2025-04-01,0,22,22,100.00
2025-04-01,1,22,17,77.27
2025-04-01,2,22,17,77.27
2025-04-01,3,22,16,72.73
2025-04-01,4,22,19,86.36
2025-04-01,5,22,15,68.18
2025-04-01,6,22,16,72.73
2025-04-01,7,22,13,59.09
2025-04-01,8,22,18,81.82
2025-05-01,0,5,5,100.00
2025-05-01,1,5,2,40.00
2025-05-01,2,5,4,80.00
2025-05-01,3,5,5,100.00
2025-05-01,4,5,3,60.00
2025-05-01,5,5,3,60.00
2025-05-01,6,5,2,40.00
2025-05-01,7,5,3,60.00
2025-06-01,0,1,1,100.00
2025-06-01,1,1,1,100.00
2025-06-01,2,1,1,100.00
2025-06-01,3,1,1,100.00
2025-06-01,5,1,1,100.00
2025-06-01,6,1,1,100.00
2025-07-01,0,1,1,100.00
2025-07-01,1,1,1,100.00
2025-07-01,2,1,1,100.00
2025-07-01,3,1,1,100.00
2025-07-01,4,1,1,100.00
2025-08-01,0,1,1,100.00
2025-08-01,2,1,1,100.00
2025-08-01,3,1,1,100.00
2025-08-01,4,1,1,100.00
