rfm_segment,customers,total_monetary,avg_frequency
111,57,675756.71,21
112,15,133758.83,19
113,9,69076.81,18
114,1,5337.91,18
121,26,286128.36,17
122,23,200932.74,16
123,18,131091.57,16
124,10,58928.83,15
131,6,63256.72,13
132,14,122047.50,14
133,16,114843.71,13
134,16,93356.08,14
135,4,17626.49,13
142,10,87195.29,12
143,15,106343.56,11
144,27,156404.51,11
145,14,57140.59,11
153,2,13720.28,9
154,7,37669.83,9
155,10,39299.16,8
211,53,618597.47,20
212,13,115603.99,19
213,6,43001.94,19
221,17,186329.55,16
222,31,274491.58,16
223,17,121597.75,16
224,13,78338.70,16
225,2,9355.22,15
231,2,22436.56,15
232,20,171871.43,14
233,24,173969.12,14
234,15,88397.45,13
235,4,17016.94,14
241,1,9692.47,11
242,9,77598.08,12
243,19,134886.51,12
244,25,139443.33,11
245,9,40276.06,11
253,1,6944.16,10
254,8,45084.36,8
255,11,40910.75,9
311,51,591297.64,19
312,19,172826.61,19
313,9,66655.08,18
314,1,6455.69,18
321,17,184588.07,16
322,19,165586.19,16
323,15,109300.27,16
324,5,30373.46,15
331,3,33345.07,14
332,18,157767.75,14
333,25,178503.28,13
334,16,94801.10,14
335,2,8617.28,14
341,3,30360.60,12
342,8,69969.60,12
343,19,136356.00,11
344,27,152731.13,11
345,8,32028.07,11
352,1,8658.08,9
353,2,13723.27,10
354,13,73052.17,9
355,19,71262.55,8
411,34,395639.00,20
412,15,132796.00,18
413,6,45553.10,18
414,1,6247.87,18
421,10,103491.72,16
422,27,234837.16,16
423,14,102992.92,16
424,9,55843.60,15
425,1,4732.58,16
431,5,51854.35,14
432,24,205896.13,14
433,26,189562.17,14
434,16,93977.56,14
435,3,11491.35,13
442,7,60317.22,12
443,16,116565.65,11
444,25,148159.36,11
445,17,74127.08,11
452,1,8329.97,10
453,3,21135.01,8
454,19,106346.57,9
455,21,78474.25,8
511,6,67035.76,20
512,4,35196.44,19
521,6,61739.64,16
522,7,61650.35,16
523,8,56545.93,16
524,5,27812.14,15
531,3,36387.43,15
532,11,95041.00,14
533,12,87940.82,13
534,13,76696.59,13
535,2,7707.77,13
542,4,35240.35,12
543,11,78902.71,12
544,21,118008.09,11
545,5,19296.70,11
553,7,48273.15,9
554,7,37830.01,9
555,168,70131.89,0
