customer_id,recency_days,frequency,monetary,r_tile,f_tile,m_tile,rfm_segment
1,1,17,12440.40,1,2,1,121
10,3,24,13627.47,1,1,1,111
100,6,9,3754.31,1,5,5,155
1000,11,8,6385.48,2,5,4,254
1001,9,16,8486.96,2,2,2,222
1002,36,17,10441.85,4,2,1,421
1003,24,14,9686.50,3,3,2,332
1004,19,16,5600.10,3,2,4,324
1005,31,18,8358.71,4,1,2,412
1006,21,14,7532.93,3,3,3,333
1007,142,10,5162.18,5,5,4,554
1008,5,17,9771.93,1,2,1,121
1009,6,15,8571.77,2,3,2,232
101,17,13,6725.10,3,3,3,333
1010,8,25,11023.76,2,1,1,211
1011,28,22,11845.36,4,1,1,411
1012,24,11,6151.76,3,4,4,344
1013,15,15,6843.30,3,3,3,333
1014,22,10,2654.40,3,5,5,355
1015,24,14,5604.48,3,3,4,334
1016,101,10,7125.14,5,5,3,553
1017,9,17,10377.37,2,2,1,221
1018,5,16,10283.09,1,2,1,121
1019,\N,0,0.00,5,5,5,555
102,3,15,7158.32,1,2,3,123
1020,39,10,5099.00,4,5,4,454
1021,38,14,8681.97,4,3,2,432
1022,69,13,5904.23,5,4,4,544
1023,48,14,3550.71,4,3,5,435
1024,14,16,7554.13,2,2,3,223
1025,123,15,8310.03,5,3,2,532
1026,62,8,6650.50,5,5,3,553
1027,17,19,9509.44,3,1,2,312
1028,2,24,11393.22,1,1,1,111
1029,22,15,6559.95,3,3,3,333
103,27,14,7893.14,3,3,3,333
1030,7,17,11191.60,2,2,1,221
1031,56,15,7787.17,5,3,3,533
1032,5,12,6084.87,1,4,4,144
1033,1,8,3983.42,1,5,5,155
1034,128,12,6947.91,5,4,3,543
1035,13,16,8519.51,2,2,2,222
1036,56,13,8191.33,5,4,2,542
1037,3,18,7732.32,1,1,3,113
1038,2,18,12571.76,1,2,1,121
1039,10,14,4842.34,2,3,4,234
104,7,13,7948.13,2,3,3,233
1040,26,14,7963.71,3,3,2,332
1041,53,10,7205.88,5,5,3,553
1042,12,13,7344.38,2,4,3,243
1043,9,10,4750.46,2,5,5,255
1044,7,17,10099.02,2,2,1,221
1045,2,20,9734.15,1,1,1,111
1046,1,19,9652.74,1,1,2,112
1047,17,18,9265.70,3,2,2,322
1048,24,11,8007.55,3,4,2,342
1049,4,12,7356.56,1,4,3,143
105,36,12,7255.05,4,4,3,443
1050,\N,0,0.00,5,5,5,555
1051,\N,0,0.00,5,5,5,555
1052,21,20,10611.68,3,1,1,311
1053,23,11,5704.79,3,4,4,344
1054,6,13,8022.13,2,4,2,242
1055,25,12,8831.67,3,4,2,342
1056,33,14,8446.63,4,3,2,432
1057,0,13,5252.35,1,4,4,144
1058,52,15,8989.33,4,3,2,432
1059,16,19,11104.62,3,1,1,311
106,36,15,8078.19,4,2,2,422
1060,6,9,3356.07,2,5,5,255
1061,47,10,8329.97,4,5,2,452
1062,17,16,6302.03,3,2,4,324
1063,14,14,6727.36,2,3,3,233
1064,6,12,6094.91,2,4,4,244
1065,34,8,4752.38,4,5,5,455
1066,39,8,3862.50,4,5,5,455
1067,89,15,8136.59,5,3,2,532
1068,0,18,11486.58,1,2,1,121
1069,51,11,7596.96,4,4,3,443
107,\N,0,0.00,5,5,5,555
1070,9,16,10511.55,2,2,1,221
1071,38,11,7439.75,4,4,3,443
1072,0,16,6812.10,1,2,3,123
1073,55,11,3125.69,5,4,5,545
1074,10,12,6899.25,2,4,3,243
1075,31,12,7315.66,4,4,3,443
1076,12,16,6822.30,2,2,3,223
1077,45,11,5583.99,4,4,4,444
1078,8,18,6778.81,2,2,3,223
1079,64,13,5874.71,5,4,4,544
108,90,13,7305.41,5,3,3,533
1080,4,30,12159.98,1,1,1,111
1081,2,13,6706.65,1,4,3,143
1082,22,12,5413.22,3,4,4,344
1083,16,14,3825.82,3,3,5,335
1084,1,13,9134.07,1,4,2,142
1085,4,19,10202.72,1,1,1,111
1086,22,15,6941.28,3,3,3,333
1087,31,7,1793.64,4,5,5,455
1088,21,16,7523.30,3,2,3,323
1089,\N,0,0.00,5,5,5,555
109,126,5,2606.58,5,5,5,555
1090,0,16,9980.25,1,2,1,121
1091,6,17,6014.83,2,2,4,224
1092,58,16,6954.06,5,2,3,523
1093,4,19,8368.29,1,1,2,112
1094,37,15,7631.76,4,3,3,433
1095,38,13,7669.42,4,4,3,443
1096,\N,0,0.00,5,5,5,555
1097,9,13,7376.45,2,4,3,243
1098,54,15,12448.03,5,3,1,531
1099,7,13,8064.38,2,4,2,242
11,17,19,7146.19,3,1,3,313
110,\N,0,0.00,5,5,5,555
1100,26,21,11608.06,3,1,1,311
1101,10,21,7530.16,2,1,3,213
1102,6,16,8907.40,2,2,2,222
1103,15,14,8464.86,3,3,2,332
1104,2,15,8640.61,1,3,2,132
1105,21,16,7271.97,3,2,3,323
1106,9,13,6121.37,2,4,4,244
1107,22,13,7524.98,3,4,3,343
1108,8,12,5072.92,2,4,4,244
1109,2,28,10578.31,1,1,1,111
111,0,16,9557.19,1,2,2,122
1110,37,14,6312.02,4,3,4,434
1111,11,11,5576.84,2,4,4,244
1112,47,18,8813.27,4,2,2,422
1113,23,12,4871.68,3,4,4,344
1114,0,18,8148.79,1,2,2,122
1115,30,15,8632.83,4,3,2,432
1116,\N,0,0.00,5,5,5,555
1117,19,15,9614.54,3,3,2,332
1118,26,17,9042.75,3,2,2,322
1119,\N,0,0.00,5,5,5,555
112,31,13,7053.56,4,3,3,433
1120,9,16,9349.27,2,2,2,222
1121,8,20,12722.11,2,1,1,211
1122,11,21,10437.07,2,1,1,211
1123,21,19,9281.46,3,1,2,312
1124,31,11,5837.93,4,4,4,444
1125,\N,0,0.00,5,5,5,555
1126,9,17,9170.77,2,2,2,222
1127,22,22,9759.73,3,1,1,311
1128,0,13,9010.82,1,4,2,142
1129,8,8,4221.31,2,5,5,255
113,102,9,3233.98,5,5,5,555
1130,33,13,6457.61,4,4,4,444
1131,76,13,6591.77,5,4,3,543
1132,66,15,11319.98,5,3,1,531
1133,\N,0,0.00,5,5,5,555
1134,\N,0,0.00,5,5,5,555
1135,9,15,7121.75,2,3,3,233
1136,5,14,7504.61,1,3,3,133
1137,60,13,5708.00,5,4,4,544
1138,7,10,3880.14,2,5,5,255
1139,28,8,4736.76,4,5,5,455
114,11,18,13465.34,2,1,1,211
1140,52,14,9125.74,4,3,2,432
1141,1,14,7187.37,1,3,3,133
1142,22,13,6637.77,3,4,3,343
1143,23,12,4068.43,3,4,5,345
1144,14,13,7317.06,2,4,3,243
1145,16,11,5811.18,3,4,4,344
1146,11,19,10422.38,2,1,1,211
1147,52,9,2884.73,4,5,5,455
1148,14,17,11704.16,2,2,1,221
1149,38,12,4204.56,4,4,5,445
115,66,17,10311.75,5,2,1,521
1150,78,15,8837.10,5,3,2,532
1151,\N,0,0.00,5,5,5,555
1152,78,14,3966.18,5,3,5,535
1153,15,13,6135.68,3,4,4,344
1154,29,9,4774.15,4,5,5,455
1155,\N,0,0.00,5,5,5,555
1156,2,12,6472.41,1,4,4,144
1157,12,15,7589.64,2,3,3,233
1158,6,20,14514.91,2,1,1,211
1159,\N,0,0.00,5,5,5,555
116,35,20,12912.50,4,1,1,411
1160,80,9,6708.04,5,5,3,553
1161,37,17,8375.42,4,2,2,422
1162,3,10,6359.22,1,5,4,154
1163,34,15,7001.96,4,3,3,433
1164,5,14,6374.33,1,3,4,134
1165,3,15,9271.43,1,3,2,132
1166,64,7,4445.11,5,5,5,555
1167,3,21,8886.41,1,1,2,112
1168,2,25,15069.90,1,1,1,111
1169,23,12,9591.73,3,4,2,342
117,5,10,6812.05,1,4,3,143
1170,14,18,8541.70,2,2,2,222
1171,1,16,7345.20,1,2,3,123
1172,21,8,4835.90,3,5,5,355
1173,73,13,7832.66,5,4,3,543
1174,67,14,7230.32,5,3,3,533
1175,1,13,5895.04,1,4,4,144
1176,33,16,8922.67,4,2,2,422
1177,17,12,6237.30,3,4,4,344
1178,\N,0,0.00,5,5,5,555
1179,15,19,8720.79,3,1,2,312
118,3,16,11231.22,1,2,1,121
1180,22,20,10183.84,3,1,1,311
1181,8,20,6807.14,2,1,3,213
1182,61,18,7048.87,5,2,3,523
1183,21,14,8487.09,3,3,2,332
1184,153,16,9038.38,5,2,2,522
1185,0,17,7696.53,1,2,3,123
1186,0,20,11944.32,1,1,1,111
1187,41,10,3349.88,4,5,5,455
1188,0,21,11943.37,1,1,1,111
1189,9,15,7242.11,2,3,3,233
119,68,20,11612.43,5,1,1,511
1190,5,19,8367.63,1,1,2,112
1191,20,16,6195.47,3,2,4,324
1192,22,12,4633.14,3,4,5,345
1193,1,11,6303.46,1,4,4,144
1194,6,20,11152.74,2,1,1,211
1195,38,9,5260.59,4,5,4,454
1196,35,16,6246.40,4,2,4,424
1197,\N,0,0.00,5,5,5,555
1198,44,13,5591.19,4,4,4,444
1199,34,10,6337.81,4,5,4,454
12,0,18,7481.16,1,1,3,113
120,8,10,5374.80,2,4,4,244
1200,24,9,2814.64,3,5,5,355
1201,60,17,10745.99,5,2,1,521
1202,1,15,6115.08,1,3,4,134
1203,14,15,4210.03,2,3,5,235
1204,55,16,9167.28,5,2,2,522
1205,78,9,2856.23,5,5,5,555
1206,18,15,9554.52,3,3,2,332
1207,21,18,11775.59,3,2,1,321
1208,61,14,5363.10,5,3,4,534
1209,63,18,7833.27,5,2,3,523
121,14,16,6941.56,2,2,3,223
1210,24,15,5650.29,3,3,4,334
1211,3,18,9974.99,1,2,1,121
1212,61,10,5056.55,5,5,4,554
1213,41,8,4901.85,4,5,4,454
1214,23,19,10357.03,3,1,1,311
1215,36,15,9236.46,4,3,2,432
1216,130,11,5081.79,5,4,4,544
1217,64,16,9286.82,5,2,2,522
1218,54,14,6342.26,5,3,4,534
1219,23,7,2080.54,3,5,5,355
122,6,17,10600.59,1,2,1,121
1220,35,20,9935.55,4,1,1,411
1221,30,11,6380.29,4,4,4,444
1222,67,15,12619.42,5,3,1,531
1223,8,14,9000.71,2,3,2,232
1224,79,17,6701.80,5,2,3,523
1225,8,17,8263.92,2,2,2,222
1226,3,16,7703.79,1,2,3,123
1227,2,19,11443.16,1,1,1,111
1228,23,19,10177.17,3,1,1,311
1229,71,13,5056.67,5,4,4,544
123,5,12,4812.82,1,4,5,145
1230,1,16,9772.07,1,2,1,121
1231,8,19,7959.11,2,1,3,213
1232,0,24,14699.88,1,1,1,111
1233,39,20,7690.55,4,1,3,413
1234,17,14,7307.16,3,3,3,333
1235,37,21,9535.25,4,1,2,412
1236,16,12,7197.09,3,4,3,343
1237,8,18,10605.25,2,2,1,221
1238,23,14,7003.60,3,3,3,333
1239,6,21,11770.50,2,1,1,211
124,20,19,7223.66,3,1,3,313
1240,45,19,9281.23,4,1,2,412
1241,5,24,12607.00,1,1,1,111
1242,35,15,7617.94,4,3,3,433
1243,7,14,5600.90,2,3,4,234
1244,12,13,4787.32,2,4,5,245
1245,14,11,4707.63,2,4,5,245
1246,37,14,10950.31,4,3,1,431
1247,70,12,4911.47,5,4,4,544
1248,8,13,6872.81,2,4,3,243
1249,34,11,5334.10,4,4,4,444
125,4,14,8930.83,1,3,2,132
1250,30,15,7977.37,4,3,2,432
1251,1,9,7022.36,1,5,3,153
1252,\N,0,0.00,5,5,5,555
1253,6,22,9679.45,2,1,2,212
1254,33,14,8487.33,4,3,2,432
1255,1,14,6709.56,1,3,3,133
1256,23,17,9693.15,3,2,1,321
1257,11,14,8557.81,2,3,2,232
1258,33,11,4398.89,4,4,5,445
1259,23,12,4371.84,3,4,5,345
126,8,11,4963.15,2,4,4,244
1260,5,18,8962.04,1,2,2,122
1261,16,18,7471.58,3,2,3,323
1262,73,14,8270.76,5,3,2,532
1263,20,10,5781.18,3,5,4,354
1264,13,12,8440.13,2,4,2,242
1265,2,13,7759.07,1,4,3,143
1266,13,17,11378.01,2,2,1,221
1267,39,11,8771.93,4,4,2,442
1268,\N,0,0.00,5,5,5,555
1269,30,18,10968.02,4,2,1,421
127,0,19,12095.74,1,1,1,111
1270,17,13,8683.39,3,4,2,342
1271,59,13,5765.93,5,4,4,544
1272,9,20,12707.23,2,1,1,211
1273,12,19,13536.73,2,1,1,211
1274,25,15,8954.52,3,3,2,332
1275,5,12,8460.94,1,4,2,142
1276,\N,0,0.00,5,5,5,555
1277,38,18,9641.69,4,2,2,422
1278,29,15,6170.03,4,3,4,434
1279,\N,0,0.00,5,5,5,555
128,17,14,7485.15,3,3,3,333
1280,4,14,5434.03,1,3,4,134
1281,29,15,5671.23,4,3,4,434
1282,0,15,8709.73,1,3,2,132
1283,8,13,6854.82,2,4,3,243
1284,32,20,11530.40,4,1,1,411
1285,55,11,5915.35,5,4,4,544
1286,\N,0,0.00,5,5,5,555
1287,1,14,10894.57,1,3,1,131
1288,12,15,6360.46,2,3,4,234
1289,25,23,14327.09,3,1,1,311
129,54,10,4074.06,5,4,5,545
1290,28,12,6003.10,4,4,4,444
1291,157,7,5885.95,5,5,4,554
1292,17,11,6091.10,3,4,4,344
1293,39,10,5475.88,4,5,4,454
1294,64,7,2845.20,5,5,5,555
1295,41,15,7549.76,4,3,3,433
1296,\N,0,0.00,5,5,5,555
1297,29,15,7639.45,4,3,3,433
1298,19,15,5738.64,3,3,4,334
1299,18,15,6445.03,3,3,4,334
13,10,14,4085.47,2,3,5,235
130,23,17,10484.98,3,2,1,321
1300,11,15,6369.91,2,3,4,234
1301,0,12,9419.08,1,4,2,142
1302,11,11,5019.21,2,4,4,244
1303,22,10,5052.48,3,5,4,354
1304,\N,0,0.00,5,5,5,555
1305,41,14,7150.61,4,3,3,433
1306,0,20,11596.82,1,1,1,111
1307,7,11,7533.63,2,4,3,243
1308,\N,0,0.00,5,5,5,555
1309,6,22,10946.50,2,1,1,211
131,29,8,3420.25,4,5,5,455
1310,14,12,6974.28,2,4,3,243
1311,61,18,10527.75,5,2,1,521
1312,80,10,6734.30,5,5,3,553
1313,24,8,4251.86,3,5,5,355
1314,10,13,7733.25,2,4,3,243
1315,3,11,6477.07,1,4,4,144
1316,3,18,7572.26,1,2,3,123
1317,38,11,4605.73,4,4,5,445
1318,9,22,12295.77,2,1,1,211
1319,\N,0,0.00,5,5,5,555
132,69,12,3935.05,5,4,5,545
1320,40,11,6216.01,4,4,4,444
1321,\N,0,0.00,5,5,5,555
1322,9,16,6504.36,2,2,4,224
1323,\N,0,0.00,5,5,5,555
1324,38,15,6524.26,4,3,3,433
1325,13,18,10315.02,2,2,1,221
1326,26,13,9499.82,3,4,2,342
1327,5,13,8269.21,1,4,2,142
1328,26,12,5593.81,3,4,4,344
1329,4,11,8814.39,1,4,2,142
133,39,11,6368.06,4,4,4,444
1330,7,14,7856.97,2,3,3,233
1331,20,9,8658.08,3,5,2,352
1332,5,18,9893.69,1,2,1,121
1333,11,15,6523.91,2,3,3,233
1334,7,18,10769.23,2,2,1,221
1335,37,17,9142.51,4,2,2,422
1336,11,13,6957.49,2,4,3,243
1337,38,13,8837.76,4,4,2,442
1338,84,6,1674.82,5,5,5,555
1339,41,13,9187.34,4,4,2,442
134,27,18,8759.37,3,1,2,312
1340,15,18,7076.10,3,2,3,323
1341,19,10,4588.60,3,5,5,355
1342,35,15,8909.93,4,3,2,432
1343,37,7,6257.31,4,5,4,454
1344,9,15,8652.14,2,3,2,232
1345,3,13,6460.06,1,4,4,144
1346,23,24,10471.38,3,1,1,311
1347,18,7,4277.22,3,5,5,355
1348,51,12,4460.36,4,4,5,445
1349,48,15,8208.17,4,3,2,432
135,3,19,11154.85,1,1,1,111
1350,20,17,8949.51,3,2,2,322
1351,16,16,8714.29,3,2,2,322
1352,69,17,5328.91,5,2,4,524
1353,14,20,10226.45,2,1,1,211
1354,88,15,9559.16,5,3,2,532
1355,3,16,6573.07,1,2,3,123
1356,12,23,12159.38,2,1,1,211
1357,3,12,6549.97,1,4,3,143
1358,1,15,5765.70,1,3,4,134
1359,58,13,7191.78,5,4,3,543
136,\N,0,0.00,5,5,5,555
1360,22,12,4886.56,3,4,4,344
1361,29,17,8582.12,4,2,2,422
1362,34,18,7088.52,4,2,3,423
1363,86,23,12854.49,5,1,1,511
1364,\N,0,0.00,5,5,5,555
1365,20,8,5432.01,3,5,4,354
1366,11,8,4131.33,2,5,5,255
1367,17,21,9154.25,3,1,2,312
1368,17,19,11451.08,3,1,1,311
1369,6,12,8212.45,2,4,2,242
137,49,13,8707.05,4,3,2,432
1370,29,18,9239.99,4,2,2,422
1371,40,20,10926.46,4,1,1,411
1372,21,16,6826.30,3,2,3,323
1373,21,10,4298.94,3,5,5,355
1374,10,16,7422.73,2,2,3,223
1375,2,13,5221.83,1,4,4,144
1376,20,18,9137.38,3,2,2,322
1377,6,15,7560.75,2,3,3,233
1378,5,18,11377.49,1,2,1,121
1379,10,11,6803.96,2,4,3,243
138,4,10,4579.84,1,4,5,145
1380,\N,0,0.00,5,5,5,555
1381,11,16,9511.59,2,2,2,222
1382,43,19,11509.61,4,1,1,411
1383,7,12,6508.84,2,4,4,244
1384,\N,0,0.00,5,5,5,555
1385,65,13,6905.94,5,4,3,543
1386,49,15,10305.67,4,3,1,431
1387,2,7,3652.02,1,5,5,155
1388,25,15,9759.40,3,3,1,331
1389,49,13,7114.66,4,4,3,443
139,35,16,9776.90,4,2,1,421
1390,11,13,5037.59,2,4,4,244
1391,42,13,7722.15,4,4,3,443
1392,20,17,7137.76,3,2,3,323
1393,19,17,16018.50,3,2,1,321
1394,9,16,8789.14,2,2,2,222
1395,71,9,3688.42,5,5,5,555
1396,39,19,10086.28,4,1,1,411
1397,5,15,8969.95,1,3,2,132
1398,36,19,9083.83,4,1,2,412
1399,7,18,8628.33,2,2,2,222
14,16,13,6323.16,3,3,4,334
140,8,16,9025.79,2,2,2,222
1400,11,15,10814.29,2,3,1,231
1401,37,9,5529.57,4,5,4,454
1402,23,15,5258.09,3,3,4,334
1403,33,19,10788.05,4,1,1,411
1404,24,17,10052.72,3,2,1,321
1405,\N,0,0.00,5,5,5,555
1406,107,15,6659.27,5,3,3,533
1407,83,12,6791.48,5,4,3,543
1408,23,10,6271.45,3,5,4,354
1409,0,15,7143.38,1,3,3,133
141,16,14,7559.86,3,3,3,333
1410,28,18,8539.39,4,2,2,422
1411,7,11,5661.75,2,4,4,244
1412,29,9,3672.44,4,5,5,455
1413,12,16,8189.13,2,2,2,222
1414,1,12,4851.70,1,4,4,144
1415,\N,0,0.00,5,5,5,555
1416,7,13,6739.63,2,4,3,243
1417,4,14,9117.00,1,3,2,132
1418,4,18,10583.43,1,2,1,121
1419,38,14,6151.76,4,3,4,434
142,3,21,10922.83,1,1,1,111
1420,13,11,3478.67,2,4,5,245
1421,5,21,11478.97,1,1,1,111
1422,14,15,7504.43,2,3,3,233
1423,3,21,12772.89,1,1,1,111
1424,34,17,8167.90,4,2,2,422
1425,29,17,7460.80,4,2,3,423
1426,70,13,5527.69,5,4,4,544
1427,17,19,11900.54,3,1,1,311
1428,56,14,8551.37,5,3,2,532
1429,16,25,11452.03,3,1,1,311
143,25,20,9224.83,3,1,2,312
1430,31,15,8890.51,4,3,2,432
1431,24,16,10283.71,3,2,1,321
1432,5,12,5689.34,1,4,4,144
1433,4,12,7100.00,1,4,3,143
1434,17,18,10682.46,3,2,1,321
1435,29,15,5616.01,4,3,4,434
1436,21,11,3583.51,3,4,5,345
1437,66,21,10132.06,5,1,1,511
1438,13,10,4845.27,2,5,4,254
1439,40,17,9295.84,4,2,2,422
144,3,12,3980.48,1,4,5,145
1440,2,18,9795.28,1,2,1,121
1441,14,16,9453.60,2,2,2,222
1442,6,12,6245.44,2,4,4,244
1443,13,11,5440.82,2,4,4,244
1444,86,9,6595.29,5,5,3,553
1445,65,11,5822.89,5,4,4,544
1446,51,5,3112.02,4,5,5,455
1447,26,15,6685.56,3,3,3,333
1448,6,23,12242.02,2,1,1,211
1449,\N,0,0.00,5,5,5,555
145,12,26,12242.88,2,1,1,211
1450,8,19,6828.57,2,1,3,213
1451,8,17,6790.85,2,2,3,223
1452,30,19,11179.35,4,1,1,411
1453,24,20,9861.10,3,1,1,311
1454,11,15,11622.27,2,3,1,231
1455,\N,0,0.00,5,5,5,555
1456,102,8,4117.37,5,5,5,555
1457,4,15,8386.36,1,3,2,132
1458,26,13,5735.26,3,4,4,344
1459,30,15,8052.84,4,3,2,432
146,5,10,3768.68,1,4,5,145
1460,30,15,6439.56,4,3,4,434
1461,27,9,4767.22,3,5,5,355
1462,45,16,7965.04,4,2,2,422
1463,13,21,10542.61,2,1,1,211
1464,1,24,13052.88,1,1,1,111
1465,13,12,4729.70,2,4,5,245
1466,12,16,6355.31,2,2,4,224
1467,66,18,8207.22,5,2,2,522
1468,\N,0,0.00,5,5,5,555
1469,31,15,7517.80,4,3,3,433
147,14,9,3522.09,2,5,5,255
1470,\N,0,0.00,5,5,5,555
1471,3,10,3647.95,1,5,5,155
1472,48,15,8300.22,4,3,2,432
1473,19,17,10190.89,3,2,1,321
1474,5,17,6256.52,1,2,4,124
1475,8,13,8897.05,2,4,2,242
1476,0,19,11274.08,1,1,1,111
1477,12,17,7136.02,2,2,3,223
1478,10,12,6559.41,2,4,3,243
1479,7,14,7099.85,2,3,3,233
148,21,19,11973.29,3,1,1,311
1480,84,12,5938.61,5,4,4,544
1481,32,15,7512.31,4,3,3,433
1482,4,18,12785.11,1,2,1,121
1483,38,15,8582.03,4,3,2,432
1484,47,11,8579.76,4,4,2,442
1485,10,9,5334.53,2,5,4,254
1486,39,17,7563.45,4,2,3,423
1487,28,14,5874.58,4,3,4,434
1488,30,11,2736.82,4,4,5,445
1489,\N,0,0.00,5,5,5,555
149,\N,0,0.00,5,5,5,555
1490,9,11,9692.47,2,4,1,241
1491,2,13,4797.93,1,4,5,145
1492,3,13,7062.02,1,4,3,143
1493,\N,0,0.00,5,5,5,555
1494,41,13,8790.91,4,4,2,442
1495,0,14,8298.49,1,3,2,132
1496,12,17,9047.41,2,2,2,222
1497,24,17,7613.67,3,2,3,323
1498,14,13,7302.35,3,4,3,343
1499,30,10,2927.56,4,5,5,455
15,8,16,9358.48,2,2,2,222
150,16,15,8625.45,3,2,2,322
1500,21,10,6454.14,3,5,4,354
151,0,18,10784.85,1,1,1,111
152,30,16,6349.94,4,2,4,424
153,15,19,9881.70,3,1,1,311
154,33,12,6075.17,4,4,4,444
155,\N,0,0.00,5,5,5,555
156,2,13,5164.15,1,3,4,134
157,71,7,3179.38,5,5,5,555
158,22,13,6595.12,3,3,3,333
159,64,13,7679.95,5,3,3,533
16,40,15,6169.63,4,2,4,424
160,1,22,12521.77,1,1,1,111
161,75,14,9430.03,5,3,2,532
162,41,11,6315.69,4,4,4,444
163,9,16,7143.66,2,2,3,223
164,12,19,11872.66,2,1,1,211
165,\N,0,0.00,5,5,5,555
166,39,14,7389.32,4,3,3,433
167,6,16,10356.96,1,2,1,121
168,3,19,10769.95,1,1,1,111
169,36,14,7918.91,4,3,3,433
17,10,12,7706.99,2,4,3,243
170,\N,0,0.00,5,5,5,555
171,24,11,6431.07,3,4,4,344
172,1,11,8314.94,1,4,2,142
173,10,14,5976.28,2,3,4,234
174,2,19,9188.69,1,1,2,112
175,3,15,6393.67,1,2,4,124
176,\N,0,0.00,5,5,5,555
177,28,18,11005.85,3,1,1,311
178,7,21,10198.96,2,1,1,211
179,14,22,13361.94,2,1,1,211
18,\N,0,0.00,5,5,5,555
180,21,12,6608.13,3,4,3,343
181,43,19,7547.66,4,1,3,413
182,8,17,7060.58,2,2,3,223
183,8,14,7907.35,2,3,3,233
184,\N,0,0.00,5,5,5,555
185,1,17,8511.49,1,2,2,122
186,23,19,10782.84,3,1,1,311
187,2,15,8847.23,1,2,2,122
188,31,17,8601.88,4,2,2,422
189,11,17,5765.75,2,2,4,224
19,70,8,4899.58,5,5,4,554
190,16,12,8057.50,3,4,2,342
191,21,13,5974.74,3,3,4,334
192,0,22,12825.51,1,1,1,111
193,24,14,9152.80,3,3,2,332
194,0,14,5792.64,1,3,4,134
195,\N,0,0.00,5,5,5,555
196,\N,0,0.00,5,5,5,555
197,31,22,10444.83,4,1,1,411
198,52,10,6530.22,4,4,3,443
199,70,6,2464.35,5,5,5,555
2,11,10,4526.65,2,4,5,245
20,43,14,4915.20,4,3,4,434
200,9,15,7695.88,2,2,3,223
201,5,17,9297.11,1,2,2,122
202,53,13,6166.61,4,3,4,434
203,18,12,6969.35,3,4,3,343
204,\N,0,0.00,5,5,5,555
205,54,16,10440.53,5,2,1,521
206,18,19,12753.66,3,1,1,311
207,121,15,9847.35,5,2,1,521
208,45,11,5268.71,4,4,4,444
209,41,16,4732.58,4,2,5,425
21,121,9,2646.47,5,5,5,555
210,12,11,5133.38,2,4,4,244
211,22,9,5526.32,3,5,4,354
212,6,15,5914.42,1,2,4,124
213,\N,0,0.00,5,5,5,555
214,20,20,11758.31,3,1,1,311
215,18,18,9074.43,3,1,2,312
216,67,16,6090.72,5,2,4,524
217,9,17,9460.32,2,2,2,222
218,27,13,6551.86,3,3,3,333
219,1,11,6349.04,1,4,4,144
22,4,16,8865.96,1,2,2,122
220,27,6,2225.68,3,5,5,355
221,133,11,5853.20,5,4,4,544
222,\N,0,0.00,5,5,5,555
223,40,24,12151.85,4,1,1,411
224,3,11,6119.40,1,4,4,144
225,18,10,5335.00,3,4,4,344
226,19,19,10482.48,3,1,1,311
227,2,18,11854.77,1,1,1,111
228,38,15,7941.27,4,2,3,423
229,16,10,3868.98,3,4,5,345
23,8,17,5940.00,2,2,4,224
230,72,15,6200.00,5,2,4,524
231,12,13,6575.32,2,3,3,233
232,4,20,17009.44,1,1,1,111
233,17,12,10270.27,3,4,1,341
234,27,10,5144.05,3,4,4,344
235,46,13,4038.08,4,3,5,435
236,26,11,6303.27,3,4,4,344
237,63,19,8454.85,5,1,2,512
238,10,22,12737.63,2,1,1,211
239,41,18,7683.99,4,1,3,413
24,14,16,8410.76,2,2,2,222
240,26,19,8420.80,3,1,2,312
241,\N,0,0.00,5,5,5,555
242,32,19,8393.93,4,1,2,412
243,9,16,9142.22,2,2,2,222
244,\N,0,0.00,5,5,5,555
245,29,15,5997.87,4,2,4,424
246,7,15,6071.19,2,2,4,224
247,3,11,4252.44,1,4,5,145
248,40,17,8358.46,4,2,2,422
249,22,16,9402.93,3,2,2,322
25,4,12,5557.09,1,4,4,144
250,26,13,6150.08,3,3,4,334
251,57,9,4278.65,5,5,5,555
252,43,15,7132.67,4,2,3,423
253,19,20,10062.49,3,1,1,311
254,\N,0,0.00,5,5,5,555
255,3,13,7202.14,1,3,3,133
256,\N,0,0.00,5,5,5,555
257,7,17,8312.73,2,2,2,222
258,78,12,6742.31,5,4,3,543
259,\N,0,0.00,5,5,5,555
26,38,18,13781.89,4,1,1,411
260,9,16,8944.74,2,2,2,222
261,79,15,6870.91,5,2,3,523
262,90,6,2224.20,5,5,5,555
263,13,14,5460.23,2,3,4,234
264,0,18,9211.49,1,1,2,112
265,2,13,7672.03,1,3,3,133
266,31,18,8704.68,4,1,2,412
267,11,21,8116.52,2,1,2,212
268,24,13,7453.88,3,3,3,333
269,1,11,5435.81,1,4,4,144
27,1,12,5584.25,1,4,4,144
270,16,12,6188.42,3,4,4,344
271,23,16,10567.63,3,2,1,321
272,9,12,7124.05,2,4,3,243
273,7,17,6320.08,2,2,4,224
274,29,11,5131.91,4,4,4,444
275,11,18,10952.22,2,1,1,211
276,5,13,6822.31,1,3,3,133
277,13,20,9480.04,2,1,2,212
278,0,11,2854.29,1,4,5,145
279,10,6,5550.91,2,5,4,254
28,17,19,12866.47,3,1,1,311
280,33,23,10909.01,4,1,1,411
281,70,6,2930.61,5,5,5,555
282,83,14,7080.13,5,3,3,533
283,11,11,5573.92,2,4,4,244
284,2,12,5747.62,1,4,4,144
285,0,16,6353.60,1,2,4,124
286,25,16,8778.06,3,2,2,322
287,1,11,5745.60,1,4,4,144
288,4,22,9732.14,1,1,1,111
289,38,12,6898.87,4,4,3,443
29,49,11,4642.10,4,4,5,445
290,\N,0,0.00,5,5,5,555
291,15,11,6198.27,3,4,4,344
292,20,11,5481.09,3,4,4,344
293,2,24,13359.58,1,1,1,111
294,11,14,8659.60,2,3,2,232
295,14,16,8662.00,2,2,2,222
296,48,14,6193.41,4,3,4,434
297,19,10,6715.76,3,4,3,343
298,6,21,11289.16,1,1,1,111
299,3,13,6254.02,1,3,4,134
3,18,18,10585.31,3,1,1,311
30,\N,0,0.00,5,5,5,555
300,18,9,5533.20,3,5,4,354
301,52,14,6464.48,4,3,4,434
302,\N,0,0.00,5,5,5,555
303,3,9,5340.08,1,5,4,154
304,10,14,9317.44,2,3,2,232
305,1,21,10716.68,1,1,1,111
306,14,17,10302.87,2,2,1,221
307,13,15,7607.12,2,2,3,223
308,30,13,6462.40,4,3,4,434
309,1,19,10493.84,1,1,1,111
31,27,19,7144.54,3,1,3,313
310,6,14,6776.95,1,3,3,133
311,15,16,8570.98,3,2,2,322
312,1,18,10579.75,1,1,1,111
313,5,25,17224.03,1,1,1,111
314,37,12,6409.45,4,4,4,444
315,\N,0,0.00,5,5,5,555
316,123,6,2880.18,5,5,5,555
317,11,13,4608.23,2,3,5,235
318,8,18,9817.25,2,1,1,211
319,\N,0,0.00,5,5,5,555
32,39,12,6050.72,4,4,4,444
320,\N,0,0.00,5,5,5,555
321,94,12,7300.20,5,4,3,543
322,7,14,8045.42,2,3,2,232
323,0,19,10691.53,1,1,1,111
324,1,16,7842.49,1,2,3,123
325,28,16,6944.55,3,2,3,323
326,6,12,3922.42,1,4,5,145
327,21,15,9757.61,3,2,1,321
328,12,19,11269.64,2,1,1,211
329,60,18,9201.86,5,1,2,512
33,59,12,8568.48,5,4,2,542
330,19,12,5451.13,3,4,4,344
331,1,16,8789.65,1,2,2,122
332,174,5,2007.81,5,5,5,555
333,38,10,4811.96,4,4,5,445
334,\N,0,0.00,5,5,5,555
335,2,10,4344.67,1,4,5,145
336,48,16,7520.13,4,2,3,423
337,7,14,8035.77,2,3,2,232
338,5,17,9969.41,1,2,1,121
339,\N,0,0.00,5,5,5,555
34,7,21,10689.96,2,1,1,211
340,35,14,7985.10,4,3,2,432
341,5,10,5206.26,1,4,4,144
342,44,20,13967.86,4,1,1,411
343,9,19,10861.36,2,1,1,211
344,\N,0,0.00,5,5,5,555
345,40,12,5681.64,4,4,4,444
346,37,13,8322.31,4,3,2,432
347,9,15,8849.93,2,2,2,222
348,12,19,7180.76,2,1,3,213
349,74,11,5652.28,5,4,4,544
35,25,8,4011.90,3,5,5,355
350,10,26,16497.55,2,1,1,211
351,19,15,6655.75,3,2,3,323
352,21,11,4536.43,3,4,5,345
353,\N,0,0.00,5,5,5,555
354,38,16,7291.68,4,2,3,423
355,40,20,10606.42,4,1,1,411
356,11,19,9884.32,2,1,1,211
357,8,19,9203.34,2,1,2,212
358,11,26,11434.26,2,1,1,211
359,4,11,5861.13,1,4,4,144
36,42,14,6521.77,4,3,3,433
360,38,11,3994.26,4,4,5,445
361,27,16,8700.10,3,2,2,322
362,7,23,14485.72,2,1,1,211
363,3,14,10169.33,1,3,1,131
364,0,14,11807.87,1,3,1,131
365,11,12,5525.35,2,4,4,244
366,0,14,7761.38,1,3,3,133
367,33,15,7926.25,4,2,3,423
368,6,18,7342.56,1,1,3,113
369,0,13,5968.53,1,3,4,134
37,3,12,5399.97,1,4,4,144
370,57,10,4930.05,5,5,4,554
371,2,6,3502.56,1,5,5,155
372,68,14,5391.77,5,3,4,534
373,10,13,7671.93,2,3,3,233
374,29,10,6403.81,4,5,4,454
375,11,17,6492.22,2,2,4,224
376,25,18,7515.84,3,1,3,313
377,13,21,9852.63,2,1,1,211
378,37,16,6258.16,4,2,4,424
379,96,7,4569.92,5,5,5,555
38,13,15,5474.27,2,2,4,224
380,31,11,5062.42,4,4,4,444
381,7,18,9032.63,2,1,2,212
382,16,10,6816.91,3,5,3,353
383,10,10,3423.75,2,5,5,255
384,18,17,8393.64,3,2,2,322
385,42,19,10189.48,4,1,1,411
386,\N,0,0.00,5,5,5,555
387,30,12,4652.05,4,4,5,445
388,20,16,8710.54,3,2,2,322
389,43,7,3691.42,4,5,5,455
39,39,16,9330.94,4,2,2,422
390,42,15,7539.42,4,2,3,423
391,16,18,11059.56,3,1,1,311
392,35,17,6722.68,4,2,3,423
393,13,15,6738.35,2,2,3,223
394,5,11,3022.27,1,4,5,145
395,6,12,7796.18,1,4,3,143
396,8,11,4419.32,2,4,5,245
397,6,14,8177.17,1,3,2,132
398,4,11,3674.48,1,4,5,145
399,7,15,10225.32,2,2,1,221
4,\N,0,0.00,5,5,5,555
40,5,17,8068.71,1,2,2,122
400,19,13,8288.48,3,3,2,332
401,1,22,9487.40,1,1,2,112
402,2,15,4865.82,1,2,4,124
403,11,25,13496.11,2,1,1,211
404,25,11,7674.18,3,4,3,343
405,39,13,4836.30,4,3,4,434
406,14,18,9960.08,2,1,1,211
407,11,16,12491.19,2,2,1,221
408,20,9,6186.53,3,5,4,354
409,\N,0,0.00,5,5,5,555
41,5,9,4432.09,1,5,5,155
410,39,14,6908.81,4,3,3,433
411,39,10,3360.18,4,5,5,455
412,\N,0,0.00,5,5,5,555
413,4,13,4758.28,1,3,5,135
414,\N,0,0.00,5,5,5,555
415,18,20,7681.84,3,1,3,313
416,18,18,10026.00,3,1,1,311
417,33,27,16472.26,4,1,1,411
418,6,16,9387.78,1,2,2,122
419,\N,0,0.00,5,5,5,555
42,50,15,6334.32,4,2,4,424
420,30,20,8753.35,4,1,2,412
421,43,19,10126.07,4,1,1,411
422,1,16,10422.69,1,2,1,121
423,11,20,8972.76,2,1,2,212
424,82,14,6254.84,5,3,4,534
425,\N,0,0.00,5,5,5,555
426,33,8,2890.07,4,5,5,455
427,20,16,6544.60,3,2,3,323
428,\N,0,0.00,5,5,5,555
429,10,12,6460.69,2,4,4,244
43,\N,0,0.00,5,5,5,555
430,\N,0,0.00,5,5,5,555
431,28,21,10242.67,3,1,1,311
432,\N,0,0.00,5,5,5,555
433,37,19,8140.35,4,1,2,412
434,16,20,11896.98,3,1,1,311
435,34,10,5816.02,4,5,4,454
436,7,18,9814.23,2,1,1,211
437,1,12,7434.10,1,4,3,143
438,3,17,7774.18,1,2,3,123
439,8,11,3974.64,2,4,5,245
44,26,20,14341.02,3,1,1,311
440,36,18,10329.12,4,1,1,411
441,31,14,5278.56,4,3,4,434
442,76,20,10843.14,5,1,1,511
443,1,19,7757.26,1,1,3,113
444,30,12,7393.54,4,4,3,443
445,15,13,7655.05,3,3,3,333
446,18,22,10353.88,3,1,1,311
447,17,12,4552.08,3,4,5,345
448,21,14,4970.04,3,3,4,334
449,29,13,9711.63,4,3,1,431
45,2,16,7015.87,1,2,3,123
450,89,14,8662.56,5,3,2,532
451,0,11,6960.42,1,4,3,143
452,18,12,7452.98,3,4,3,343
453,5,10,4865.32,1,5,4,154
454,11,15,9376.63,2,2,2,222
455,\N,0,0.00,5,5,5,555
456,81,14,5594.30,5,3,4,534
457,4,11,5586.12,1,4,4,144
458,25,11,7472.74,3,4,3,343
459,6,19,12695.31,1,1,1,111
46,27,19,9209.43,3,1,2,312
460,6,22,13203.46,1,1,1,111
461,33,14,7870.21,4,3,3,433
462,22,13,6562.10,3,3,3,333
463,14,14,4113.21,2,3,5,235
464,6,14,7487.94,1,3,3,133
465,16,13,6827.26,3,3,3,333
466,35,10,5869.18,4,5,4,454
467,14,10,6944.16,2,5,3,253
468,9,19,11188.42,2,1,1,211
469,6,23,12919.43,1,1,1,111
47,82,14,5191.41,5,3,4,534
470,31,14,8439.56,4,3,2,432
471,32,18,7945.24,4,1,3,413
472,0,19,8596.83,1,1,2,112
473,4,16,10951.37,1,2,1,121
474,8,21,11610.20,2,1,1,211
475,51,11,6086.46,4,4,4,444
476,62,6,3046.18,5,5,5,555
477,21,17,8468.67,3,2,2,322
478,31,17,7780.87,4,2,3,423
479,15,11,7220.53,3,4,3,343
48,0,17,6165.56,1,2,4,124
480,25,18,11398.48,3,1,1,311
481,8,13,5708.89,2,3,4,234
482,19,16,11110.11,3,2,1,321
483,24,17,8629.48,3,2,2,322
484,34,10,4966.43,4,5,4,454
485,\N,0,0.00,5,5,5,555
486,96,13,5929.91,5,3,4,534
487,1,17,13564.13,1,2,1,121
488,72,14,8657.44,5,3,2,532
489,8,13,6036.01,2,3,4,234
49,22,17,7315.17,3,2,3,323
490,6,16,7927.82,1,2,3,123
491,9,19,10729.68,2,1,1,211
492,15,18,9598.57,3,1,2,312
493,18,13,8660.62,3,3,2,332
494,50,8,7570.13,4,5,3,453
495,\N,0,0.00,5,5,5,555
496,0,21,13213.43,1,1,1,111
497,46,19,7792.39,4,1,3,413
498,\N,0,0.00,5,5,5,555
499,36,16,6005.48,4,2,4,424
5,13,19,8429.97,2,1,2,212
50,17,11,6775.05,3,4,3,343
500,27,19,13440.34,3,1,1,311
501,3,14,6539.32,1,3,3,133
502,0,14,4579.19,1,3,5,135
503,14,19,10923.18,2,1,1,211
504,17,18,8933.22,3,1,2,312
505,3,17,8249.53,1,2,2,122
506,12,14,6403.75,2,3,4,234
507,10,13,8303.50,2,3,2,232
508,0,13,4766.87,1,3,5,135
509,31,18,9624.29,4,1,2,412
51,50,13,8192.18,4,3,2,432
510,2,13,10396.87,1,3,1,131
511,0,16,9073.89,1,2,2,122
512,30,18,6247.87,4,1,4,414
513,47,15,9103.79,4,2,2,422
514,8,16,5787.36,2,2,4,224
515,38,15,7964.25,4,2,2,422
516,25,13,7355.54,3,3,3,333
517,12,16,10405.10,2,2,1,221
518,55,16,7461.76,5,2,3,523
519,50,15,6518.39,4,2,3,423
52,16,11,7268.79,3,4,3,343
520,\N,0,0.00,5,5,5,555
521,40,9,6853.56,4,5,3,453
522,42,14,7287.09,4,3,3,433
523,21,13,7105.60,3,3,3,333
524,27,18,9390.64,3,1,2,312
525,115,13,5999.13,5,3,4,534
526,32,12,4699.69,4,4,5,445
527,11,13,8684.00,2,3,2,232
528,13,18,11857.39,2,1,1,211
529,1,15,8566.13,1,2,2,122
53,44,15,9736.09,4,2,1,421
530,103,15,8482.57,5,2,2,522
531,27,8,4217.19,3,5,5,355
532,43,14,9921.75,4,3,1,431
533,6,14,8841.89,1,3,2,132
534,18,12,4904.93,3,4,4,344
535,24,13,6932.98,3,3,3,333
536,19,12,10249.41,3,4,1,341
537,21,18,7284.87,3,1,3,313
538,\N,0,0.00,5,5,5,555
539,0,20,11704.53,1,1,1,111
54,11,15,5256.86,2,2,4,224
540,9,19,14133.59,2,1,1,211
541,11,13,7240.99,2,3,3,233
542,\N,0,0.00,5,5,5,555
543,2,19,9270.10,1,1,2,112
544,15,19,11417.80,3,1,1,311
545,9,12,6894.65,2,4,3,243
546,27,12,6523.90,3,4,3,343
547,16,17,12081.77,3,2,1,321
548,105,11,5132.91,5,4,4,544
549,48,12,6383.86,4,4,4,444
55,34,9,4579.44,4,5,5,455
550,8,11,8683.46,2,4,2,242
551,\N,0,0.00,5,5,5,555
552,0,16,8336.51,1,2,2,122
553,4,17,9875.25,1,2,1,121
554,9,15,9375.37,2,2,2,222
555,13,14,7908.13,2,3,3,233
556,24,12,2413.66,3,4,5,345
557,3,28,13838.53,1,1,1,111
558,3,20,9989.37,1,1,1,111
559,10,12,4835.18,2,4,5,245
56,38,19,10189.50,4,1,1,411
560,16,19,7082.57,3,1,3,313
561,1,18,7642.55,1,1,3,113
562,\N,0,0.00,5,5,5,555
563,24,11,5365.97,3,4,4,344
564,7,17,8834.77,2,2,2,222
565,54,13,8014.07,5,3,2,532
566,10,14,5004.93,2,3,4,234
567,17,19,9885.22,3,1,1,311
568,66,10,5800.97,5,5,4,554
569,2,17,8989.21,1,2,2,122
57,\N,0,0.00,5,5,5,555
570,\N,0,0.00,5,5,5,555
571,46,21,11413.82,4,1,1,411
572,6,15,7447.54,1,2,3,123
573,100,13,5438.11,5,3,4,534
574,24,16,7483.89,3,2,3,323
575,1,21,12741.01,1,1,1,111
576,9,18,9082.03,2,1,2,212
577,26,14,7144.81,3,3,3,333
578,3,13,6595.47,1,3,3,133
579,\N,0,0.00,5,5,5,555
58,9,20,8180.99,2,1,2,212
580,57,12,9475.22,5,4,2,542
581,18,12,6653.49,3,4,3,343
582,5,20,8815.85,1,1,2,112
583,38,17,8635.87,4,2,2,422
584,23,10,5690.23,3,5,4,354
585,1,17,8260.43,1,2,2,122
586,71,14,6386.92,5,3,4,534
587,24,14,4791.46,3,3,5,335
588,28,19,10522.14,4,1,1,411
589,21,14,10828.11,3,3,1,331
59,2,18,7793.28,1,1,3,113
590,22,18,9289.09,3,1,2,312
591,5,9,3420.70,1,5,5,155
592,\N,0,0.00,5,5,5,555
593,\N,0,0.00,5,5,5,555
594,7,17,9538.22,2,2,2,222
595,5,27,14219.44,1,1,1,111
596,28,19,8745.81,4,1,2,412
597,0,8,5775.78,1,5,4,154
598,31,15,8037.78,4,2,2,422
599,53,6,5013.83,4,5,4,454
6,37,11,6779.61,4,4,3,443
60,49,12,8104.98,4,4,2,442
600,\N,0,0.00,5,5,5,555
601,21,19,13183.55,3,1,1,311
602,\N,0,0.00,5,5,5,555
603,23,18,13430.32,3,1,1,311
604,0,17,6419.10,1,2,4,124
605,88,17,6854.76,5,2,3,523
606,29,18,12060.52,4,1,1,411
607,\N,0,0.00,5,5,5,555
608,18,15,6059.91,3,2,4,324
609,3,15,9081.71,1,2,2,122
61,35,13,7232.07,4,3,3,433
610,113,16,4982.35,5,2,4,524
611,88,9,3486.18,5,5,5,555
612,9,15,4741.99,2,2,5,225
613,18,19,9647.43,3,1,2,312
614,40,16,8927.41,4,2,2,422
615,49,13,3902.56,4,3,5,435
616,11,18,12306.80,2,1,1,211
617,1,11,4748.22,1,4,5,145
618,12,15,6837.47,2,2,3,223
619,7,13,7043.47,2,3,3,233
62,47,15,9236.05,4,2,2,422
620,16,15,8586.51,3,2,2,322
621,22,11,7393.62,3,4,3,343
622,27,18,10119.02,3,1,1,311
623,0,14,3522.15,1,3,5,135
624,21,17,8540.04,3,2,2,322
625,15,21,11332.60,3,1,1,311
626,9,13,7442.04,2,3,3,233
627,\N,0,0.00,5,5,5,555
628,23,11,7522.38,3,4,3,343
629,7,20,11414.32,2,1,1,211
63,76,10,5564.22,5,4,4,544
630,2,16,8508.10,1,2,2,122
631,\N,0,0.00,5,5,5,555
632,26,12,7696.95,3,4,3,343
633,5,16,5350.57,1,2,4,124
634,\N,0,0.00,5,5,5,555
635,30,15,9971.36,4,2,1,421
636,12,15,4613.23,2,2,5,225
637,27,21,13312.54,3,1,1,311
638,3,13,7667.19,1,3,3,133
639,\N,0,0.00,5,5,5,555
64,12,15,11316.27,2,2,1,221
640,0,16,8390.57,1,2,2,122
641,18,13,5949.81,3,3,4,334
642,1,17,9406.66,1,2,2,122
643,0,16,9978.08,1,2,1,121
644,95,11,7698.78,5,4,3,543
645,0,14,6989.45,1,3,3,133
646,9,16,8579.58,2,2,2,222
647,25,19,10110.20,3,1,1,311
648,41,13,8488.59,4,3,2,432
649,\N,0,0.00,5,5,5,555
65,53,18,6893.27,4,1,3,413
650,43,18,8868.08,4,1,2,412
651,23,17,9949.91,3,2,1,321
652,49,10,4868.03,4,5,4,454
653,10,16,5874.81,2,2,4,224
654,27,24,8182.76,3,1,2,312
655,0,10,6697.92,1,5,3,153
656,9,6,5755.20,2,5,4,254
657,73,15,9866.27,5,2,1,521
658,\N,0,0.00,5,5,5,555
659,\N,0,0.00,5,5,5,555
66,6,16,7190.18,1,2,3,123
660,20,16,7863.91,3,2,3,323
661,36,15,8323.75,4,2,2,422
662,35,14,7796.78,4,3,3,433
663,31,8,6001.70,4,5,4,454
664,8,18,9840.59,2,1,1,211
665,24,17,9712.45,3,2,1,321
666,15,11,6337.49,3,4,4,344
667,\N,0,0.00,5,5,5,555
668,10,13,8665.95,2,3,2,232
669,2,20,11335.03,1,1,1,111
67,16,19,13090.45,3,1,1,311
670,2,11,4996.31,1,4,4,144
671,30,11,7724.94,4,4,3,443
672,18,20,8884.25,3,1,2,312
673,32,9,4314.58,4,5,5,455
674,2,18,8252.50,1,1,2,112
675,56,10,4100.26,5,5,5,555
676,48,16,8213.07,4,2,2,422
677,44,19,11616.37,4,1,1,411
678,10,13,6577.34,2,3,3,233
679,35,15,10090.75,4,2,1,421
68,30,12,7728.86,4,4,3,443
680,50,10,6031.55,4,5,4,454
681,49,17,8330.08,4,2,2,422
682,\N,0,0.00,5,5,5,555
683,37,15,6370.16,4,2,4,424
684,\N,0,0.00,5,5,5,555
685,\N,0,0.00,5,5,5,555
686,58,14,7627.09,5,3,3,533
687,45,18,9162.45,4,1,2,412
688,18,15,7788.16,3,2,3,323
689,56,13,3741.59,5,3,5,535
69,48,12,8044.54,4,4,2,442
690,8,14,7117.82,2,3,3,233
691,8,13,6565.47,2,3,3,233
692,\N,0,0.00,5,5,5,555
693,53,10,6094.73,5,5,4,554
694,12,13,8249.48,2,3,2,232
695,2,18,8953.41,1,1,2,112
696,\N,0,0.00,5,5,5,555
697,16,13,7534.22,3,3,3,333
698,21,14,8483.56,3,3,2,332
699,48,11,4721.33,4,4,5,445
7,20,11,5504.89,3,4,4,344
70,57,19,10080.21,5,1,1,511
700,\N,0,0.00,5,5,5,555
701,\N,0,0.00,5,5,5,555
702,14,8,2343.67,2,5,5,255
703,2,16,8640.69,1,2,2,122
704,14,10,5115.18,2,5,4,254
705,21,17,7783.56,3,2,3,323
706,12,9,4392.43,2,5,5,255
707,1,14,5502.64,1,3,4,134
708,\N,0,0.00,5,5,5,555
709,9,22,10044.00,2,1,1,211
71,35,14,6114.02,4,3,4,434
710,6,14,9974.00,1,3,1,131
711,\N,0,0.00,5,5,5,555
712,5,11,5201.20,1,4,4,144
713,13,19,11277.13,2,1,1,211
714,7,14,7401.82,2,3,3,233
715,29,18,8925.61,4,1,2,412
716,0,12,6461.28,1,4,4,144
717,\N,0,0.00,5,5,5,555
718,13,16,8528.70,2,2,2,222
719,43,14,7046.37,4,3,3,433
72,45,15,8163.19,4,2,2,422
720,12,20,11868.50,2,1,1,211
721,0,11,8668.12,1,4,2,142
722,34,10,3371.95,4,5,5,455
723,19,15,8401.91,3,2,2,322
724,1,14,8380.37,1,3,2,132
725,20,13,6139.22,3,3,4,334
726,8,17,12283.67,2,2,1,221
727,54,13,6062.79,5,3,4,534
728,9,12,6089.56,2,4,4,244
729,\N,0,0.00,5,5,5,555
73,33,15,7295.06,4,2,3,423
730,48,10,4714.55,4,5,5,455
731,46,16,6111.64,4,2,4,424
732,7,18,10045.74,2,1,1,211
733,31,15,9490.69,4,3,2,432
734,86,12,5166.55,5,4,4,544
735,6,11,6906.03,1,4,3,143
736,0,11,6450.70,1,4,4,144
737,24,16,9902.52,3,2,1,321
738,11,15,7148.55,2,3,3,233
739,80,13,6433.15,5,3,4,534
74,\N,0,0.00,5,5,5,555
740,63,12,5357.41,5,4,4,544
741,\N,0,0.00,5,5,5,555
742,20,18,6455.69,3,1,4,314
743,16,19,12267.28,3,1,1,311
744,13,14,8991.95,2,3,2,232
745,0,21,9783.75,1,1,1,111
746,13,16,7838.78,2,2,3,223
747,58,15,6308.90,5,3,4,534
748,14,14,6570.59,2,3,3,233
749,34,22,12416.04,4,1,1,411
75,42,30,17318.16,4,1,1,411
750,45,12,6076.79,4,4,4,444
751,19,14,8809.58,3,3,2,332
752,0,15,6347.22,1,3,4,134
753,0,10,4592.70,1,5,5,155
754,0,17,7884.99,1,2,3,123
755,21,15,8056.44,3,3,2,332
756,16,14,12757.56,3,3,1,331
757,\N,0,0.00,5,5,5,555
758,19,25,17879.06,3,1,1,311
759,55,21,11513.43,5,1,1,511
76,4,11,6908.17,1,4,3,143
760,\N,0,0.00,5,5,5,555
761,\N,0,0.00,5,5,5,555
762,12,19,9729.54,2,1,1,211
763,85,11,4297.83,5,4,5,545
764,22,18,13470.96,3,1,1,311
765,11,13,6480.04,2,3,4,234
766,11,11,4816.95,2,4,5,245
767,20,9,3342.51,3,5,5,355
768,\N,0,0.00,5,5,5,555
769,\N,0,0.00,5,5,5,555
77,9,14,6051.67,2,3,4,234
770,16,15,5870.39,3,3,4,334
771,38,16,9229.48,4,2,2,422
772,63,11,4915.90,5,4,4,544
773,59,13,7249.04,5,3,3,533
774,5,18,8960.34,1,1,2,112
775,6,15,6347.13,1,3,4,134
776,2,12,7096.86,1,4,3,143
777,4,19,11440.20,1,1,1,111
778,51,11,4356.21,4,4,5,445
779,8,20,9716.14,2,1,1,211
78,8,13,8558.28,2,3,2,232
780,33,13,7324.96,4,3,3,433
781,11,17,6481.66,2,2,4,224
782,44,20,10061.47,4,1,1,411
783,1,21,10989.84,1,1,1,111
784,2,14,5967.64,1,3,4,134
785,19,17,11618.29,3,2,1,321
786,25,15,5960.08,3,3,4,334
787,4,12,3936.19,1,4,5,145
788,3,16,8622.14,1,2,2,122
789,21,9,5433.34,3,5,4,354
79,0,18,5337.91,1,1,4,114
790,31,9,5091.05,4,5,4,454
791,\N,0,0.00,5,5,5,555
792,1,20,7592.19,1,1,3,113
793,48,25,11449.08,4,1,1,411
794,7,17,9706.00,2,2,1,221
795,12,12,6246.71,2,4,4,244
796,21,11,5973.95,3,4,4,344
797,9,11,5257.60,2,4,4,244
798,31,13,8485.70,4,3,2,432
799,2,17,12881.46,1,2,1,121
8,59,11,3864.07,5,4,5,545
80,78,13,7187.43,5,3,3,533
800,9,12,8356.55,2,4,2,242
801,37,11,6110.02,4,4,4,444
802,31,13,7927.37,4,3,3,433
803,4,19,10210.19,1,1,1,111
804,27,15,8960.59,3,3,2,332
805,11,19,12468.89,2,1,1,211
806,41,8,3460.17,4,5,5,455
807,39,11,4761.08,4,4,5,445
808,52,18,8212.11,4,1,2,412
809,19,15,8738.91,3,3,2,332
81,71,12,7369.46,5,4,3,543
810,47,14,8871.92,4,3,2,432
811,16,8,3448.85,3,5,5,355
812,4,16,5034.75,1,2,4,124
813,22,14,6190.12,3,3,4,334
814,4,15,8921.45,1,3,2,132
815,4,13,5059.23,1,3,4,134
816,46,10,5893.16,4,5,4,454
817,51,15,10964.99,4,3,1,431
818,\N,0,0.00,5,5,5,555
819,17,18,12124.70,3,1,1,311
82,23,13,6350.27,3,3,4,334
820,12,12,5457.87,2,4,4,244
821,9,18,10381.17,2,1,1,211
822,40,15,6889.49,4,3,3,433
823,9,10,3680.80,2,5,5,255
824,11,13,5406.37,2,3,4,234
825,\N,0,0.00,5,5,5,555
826,11,18,8071.27,2,1,2,212
827,15,12,8318.25,3,4,2,342
828,23,16,10705.78,3,2,1,321
829,\N,0,0.00,5,5,5,555
83,6,20,10137.98,1,1,1,111
830,6,15,7779.97,1,3,3,133
831,20,18,7933.83,3,1,3,313
832,\N,0,0.00,5,5,5,555
833,4,21,8913.71,1,1,2,112
834,2,13,10014.08,1,3,1,131
835,7,15,6187.82,2,3,4,234
836,7,20,8034.77,2,1,2,212
837,19,10,3882.69,3,5,5,355
838,21,8,3709.35,3,5,5,355
839,48,17,10855.80,4,2,1,421
84,35,13,6689.59,4,3,3,433
840,30,13,6673.97,4,3,3,433
841,4,17,6666.26,1,2,3,123
842,93,6,2179.32,5,5,5,555
843,9,16,7013.74,2,2,3,223
844,0,13,5439.61,1,3,4,134
845,15,15,8082.20,3,3,2,332
846,0,20,7892.24,1,1,3,113
847,83,13,7515.49,5,3,3,533
848,16,22,13478.90,3,1,1,311
849,13,10,5640.30,2,5,4,254
85,2,15,6174.82,1,2,4,124
850,\N,0,0.00,5,5,5,555
851,4,19,12635.97,1,1,1,111
852,0,12,7299.52,1,4,3,143
853,9,17,8092.62,2,2,2,222
854,4,9,4769.01,1,5,5,155
855,37,14,5311.39,4,3,4,434
856,39,19,10220.11,4,1,1,411
857,\N,0,0.00,5,5,5,555
858,17,9,5721.82,3,5,4,354
859,16,23,12675.77,3,1,1,311
86,37,12,5898.51,4,4,4,444
860,26,14,7843.30,3,3,3,333
861,22,18,10625.20,3,1,1,311
862,2,22,9900.52,1,1,1,111
863,26,18,9247.74,3,1,2,312
864,28,17,7211.73,4,2,3,423
865,37,17,11093.94,4,2,1,421
866,\N,0,0.00,5,5,5,555
867,203,10,4670.67,5,5,5,555
868,\N,0,0.00,5,5,5,555
869,7,15,8605.17,2,3,2,232
87,\N,0,0.00,5,5,5,555
870,44,15,7307.49,4,3,3,433
871,11,17,8210.77,2,2,2,222
872,26,11,5082.41,3,4,4,344
873,2,16,6578.79,1,2,3,123
874,2,15,8200.06,1,3,2,132
875,33,15,8391.67,4,3,2,432
876,58,13,7530.42,5,4,3,543
877,35,15,7578.56,4,3,3,433
878,6,15,6180.99,1,3,4,134
879,13,12,6735.27,2,4,3,243
88,111,12,6476.71,5,4,4,544
880,20,19,7641.74,3,1,3,313
881,56,14,7264.91,5,3,3,533
882,30,16,10002.46,4,2,1,421
883,11,14,6507.85,2,3,4,234
884,26,13,9840.92,3,4,1,341
885,10,15,8719.03,2,3,2,232
886,95,16,8224.35,5,2,2,522
887,5,12,5593.82,1,4,4,144
888,\N,0,0.00,5,5,5,555
889,3,12,6595.96,1,4,3,143
89,10,17,6777.97,2,2,3,223
890,29,19,12112.67,4,1,1,411
891,65,13,9005.32,5,4,2,542
892,60,13,6359.07,5,4,4,544
893,43,16,9617.13,4,2,2,422
894,27,10,6906.36,3,5,3,353
895,11,19,9646.02,2,1,2,212
896,\N,0,0.00,5,5,5,555
897,19,14,8272.98,3,3,2,332
898,5,13,6400.78,1,4,4,144
899,34,12,7687.18,4,4,3,443
9,8,12,5531.15,2,4,4,244
90,2,18,7843.25,1,1,3,113
900,41,20,9006.32,4,1,2,412
901,49,12,5869.76,4,4,4,444
902,14,14,8048.64,2,3,2,232
903,52,18,10119.55,4,1,1,411
904,8,16,12647.92,2,2,1,221
905,13,9,3208.70,2,5,5,255
906,12,13,9586.67,2,4,2,242
907,5,9,4946.64,1,5,4,154
908,25,13,8979.69,3,4,2,342
909,0,16,8371.22,1,2,2,122
91,25,16,8207.32,3,2,2,322
910,18,20,10565.74,3,1,1,311
911,30,8,5530.34,4,5,4,454
912,0,11,8294.24,1,4,2,142
913,\N,0,0.00,5,5,5,555
914,65,12,6022.50,5,4,4,544
915,\N,0,0.00,5,5,5,555
916,\N,0,0.00,5,5,5,555
917,13,13,4890.51,2,4,4,244
918,\N,0,0.00,5,5,5,555
919,4,16,7115.98,1,2,3,123
92,14,14,9500.57,2,3,2,232
920,14,17,7437.80,2,2,3,223
921,1,16,6786.20,1,2,3,123
922,0,15,5643.14,1,3,4,134
923,12,9,6457.49,2,5,4,254
924,\N,0,0.00,5,5,5,555
925,\N,0,0.00,5,5,5,555
926,11,19,9674.20,2,1,2,212
927,9,21,15921.19,2,1,1,211
928,\N,0,0.00,5,5,5,555
929,44,17,10554.55,4,2,1,421
93,49,10,6029.91,4,4,4,444
930,4,20,10338.98,1,1,1,111
931,2,15,7004.64,1,3,3,133
932,2,22,9924.86,1,1,1,111
933,23,16,6215.95,3,2,4,324
934,0,19,10006.87,1,1,1,111
935,23,16,8460.93,3,2,2,322
936,10,16,8929.22,2,2,2,222
937,26,11,5450.55,3,4,4,344
938,14,12,9335.26,2,4,2,242
939,17,8,4957.65,3,5,4,354
94,55,22,9137.60,5,1,2,512
940,18,10,5011.82,3,5,4,354
941,7,15,7623.40,2,3,3,233
942,\N,0,0.00,5,5,5,555
943,\N,0,0.00,5,5,5,555
944,24,14,6226.66,3,3,4,334
945,4,6,3544.40,1,5,5,155
946,15,19,12375.67,3,1,1,311
947,60,16,9243.73,5,2,2,522
948,36,12,3635.34,4,4,5,445
949,20,18,9423.52,3,1,2,312
95,34,12,5936.06,4,4,4,444
950,7,15,8573.73,2,3,2,232
951,57,16,6820.50,5,2,3,523
952,0,17,14013.28,1,2,1,121
953,5,19,12269.95,1,1,1,111
954,0,13,8809.48,1,4,2,142
955,11,20,13546.10,2,1,1,211
956,36,20,10409.78,4,1,1,411
957,1,20,11323.03,1,1,1,111
958,52,13,4734.39,4,4,5,445
959,\N,0,0.00,5,5,5,555
96,6,20,8833.44,1,1,2,112
960,6,10,5214.80,1,5,4,154
961,30,7,4062.25,4,5,5,455
962,46,13,6964.71,4,4,3,443
963,31,11,4055.75,4,4,5,445
964,41,12,4656.56,4,4,5,445
965,21,23,10695.10,3,1,1,311
966,\N,0,0.00,5,5,5,555
967,82,14,7354.61,5,3,3,533
968,22,9,4503.45,3,5,5,355
969,13,11,4887.58,2,4,4,244
97,8,12,7876.35,2,4,3,243
970,13,15,8130.47,2,3,2,232
971,71,9,7254.00,5,5,3,553
972,19,13,7745.96,3,4,3,343
973,17,9,3756.94,3,5,5,355
974,50,8,6711.32,4,5,3,453
975,27,15,7437.02,3,3,3,333
976,6,20,6696.20,2,1,3,213
977,4,10,5167.99,1,5,4,154
978,18,8,3594.67,3,5,5,355
979,5,12,4445.86,1,4,5,145
98,10,12,6582.78,2,4,3,243
980,101,14,8611.89,5,3,2,532
981,40,9,5999.46,4,5,4,454
982,22,21,11080.88,3,1,1,311
983,23,14,6967.51,3,3,3,333
984,41,22,13916.43,4,1,1,411
985,\N,0,0.00,5,5,5,555
986,38,11,6744.07,4,4,3,443
987,2,22,11329.49,1,1,1,111
988,99,20,8402.13,5,1,2,512
989,5,17,11137.39,1,2,1,121
99,72,15,5210.16,5,2,4,524
990,0,17,10430.46,1,2,1,121
991,\N,0,0.00,5,5,5,555
992,17,18,8874.59,3,1,2,312
993,23,15,9535.85,3,3,2,332
994,4,15,9202.16,1,3,2,132
995,13,12,5711.47,2,4,4,244
996,15,11,4946.30,3,4,4,344
997,12,13,5559.90,2,4,4,244
998,42,19,12121.01,4,1,1,411
999,39,9,4743.33,4,5,5,455
