product_id_a,product_id_b,pair_orders
102,191,5
108,124,5
11,124,5
11,279,5
110,123,5
110,213,5
110,297,5
119,167,5
12,89,5
124,173,5
136,235,5
150,271,5
151,235,5
169,266,5
169,285,5
179,258,5
187,220,5
187,241,5
194,282,5
205,298,5
21,189,5
21,237,6
228,240,5
23,210,5
240,263,6
246,296,5
26,210,5
26,73,5
261,300,5
270,271,5
280,299,5
29,254,5
35,109,5
35,190,5
43,214,5
45,158,5
52,145,5
52,288,5
53,207,5
55,59,5
57,171,5
58,171,5
6,163,5
68,183,5
68,270,5
69,160,5
70,232,5
75,210,5
8,163,5
90,119,5
