product_id_a,product_id_b,pair,pair_orders
102,191,Apparel item 102 + Outdoors item 191,5
108,124,Apparel item 108 + Electronics item 124,5
11,124,Outdoors item 11 + Electronics item 124,5
11,279,Outdoors item 11 + Home item 279,5
110,123,Accessories item 110 + Home item 123,5
110,213,Accessories item 110 + Home item 213,5
110,297,Accessories item 110 + Home item 297,5
119,167,Outdoors item 119 + Outdoors item 167,5
12,89,Apparel item 12 + Outdoors item 89,5
124,173,Electronics item 124 + Outdoors item 173,5
136,235,Electronics item 136 + Footwear item 235,5
150,271,Apparel item 150 + Footwear item 271,5
151,235,Footwear item 151 + Footwear item 235,5
169,266,Footwear item 169 + Accessories item 266,5
169,285,Footwear item 169 + Home item 285,5
179,258,Outdoors item 179 + Apparel item 258,5
187,220,Footwear item 187 + Electronics item 220,5
187,241,Footwear item 187 + Footwear item 241,5
194,282,Accessories item 194 + Apparel item 282,5
205,298,Footwear item 205 + Electronics item 298,5
21,189,Home item 21 + Home item 189,5
21,237,Home item 21 + Home item 237,6
228,240,Apparel item 228 + Apparel item 240,5
23,210,Outdoors item 23 + Apparel item 210,5
240,263,Apparel item 240 + Outdoors item 263,6
246,296,Apparel item 246 + Accessories item 296,5
26,210,Accessories item 26 + Apparel item 210,5
26,73,Accessories item 26 + Footwear item 73,5
261,300,Home item 261 + Apparel item 300,5
270,271,Apparel item 270 + Footwear item 271,5
280,299,Electronics item 280 + Outdoors item 299,5
29,254,Outdoors item 29 + Accessories item 254,5
35,109,Outdoors item 35 + Footwear item 109,5
35,190,Outdoors item 35 + Electronics item 190,5
43,214,Footwear item 43 + Electronics item 214,5
45,158,Home item 45 + Accessories item 158,5
52,145,Electronics item 52 + Footwear item 145,5
52,288,Electronics item 52 + Apparel item 288,5
53,207,Outdoors item 53 + Home item 207,5
55,59,Footwear item 55 + Outdoors item 59,5
57,171,Home item 57 + Home item 171,5
58,171,Electronics item 58 + Home item 171,5
6,163,Apparel item 6 + Footwear item 163,5
68,183,Accessories item 68 + Home item 183,5
68,270,Accessories item 68 + Apparel item 270,5
69,160,Home item 69 + Electronics item 160,5
70,232,Electronics item 70 + Electronics item 232,5
75,210,Home item 75 + Apparel item 210,5
8,163,Accessories item 8 + Footwear item 163,5
90,119,Apparel item 90 + Outdoors item 119,5
