product_id,sku,product_name,category,subcategory,unit_price,cost,active
1,SKU-00001,Footwear item 1,Footwear,footwear-sub-1,309.10,200.92,true
10,SKU-00010,Electronics item 10,Electronics,electronics-sub-4,260.15,161.29,true
100,SKU-00100,Electronics item 100,Electronics,electronics-sub-4,124.39,74.63,true
101,SKU-00101,Outdoors item 101,Outdoors,outdoors-sub-5,338.93,203.36,true
102,SKU-00102,Apparel item 102,Apparel,apparel-sub-0,122.17,57.42,true
103,SKU-00103,Footwear item 103,Footwear,footwear-sub-1,204.64,98.23,true
104,SKU-00104,Accessories item 104,Accessories,accessories-sub-2,295.45,162.50,true
105,SKU-00105,Home item 105,Home,home-sub-3,357.97,254.16,true
106,SKU-00106,Electronics item 106,Electronics,electronics-sub-4,76.24,52.61,true
107,SKU-00107,Outdoors item 107,Outdoors,outdoors-sub-5,206.32,125.86,true
108,SKU-00108,Apparel item 108,Apparel,apparel-sub-0,352.60,211.56,true
109,SKU-00109,Footwear item 109,Footwear,footwear-sub-1,201.64,149.21,true
11,SKU-00011,Outdoors item 11,Outdoors,outdoors-sub-5,131.50,94.68,true
110,SKU-00110,Accessories item 110,Accessories,accessories-sub-2,379.21,250.28,true
111,SKU-00111,Home item 111,Home,home-sub-3,107.49,54.82,true
112,SKU-00112,Electronics item 112,Electronics,electronics-sub-4,117.57,84.65,true
113,SKU-00113,Outdoors item 113,Outdoors,outdoors-sub-5,107.97,59.38,false
114,SKU-00114,Apparel item 114,Apparel,apparel-sub-0,315.49,205.07,true
115,SKU-00115,Footwear item 115,Footwear,footwear-sub-1,278.22,191.97,true
116,SKU-00116,Accessories item 116,Accessories,accessories-sub-2,154.89,114.62,true
117,SKU-00117,Home item 117,Home,home-sub-3,203.97,114.22,true
118,SKU-00118,Electronics item 118,Electronics,electronics-sub-4,223.70,152.12,true
119,SKU-00119,Outdoors item 119,Outdoors,outdoors-sub-5,211.66,124.88,true
12,SKU-00012,Apparel item 12,Apparel,apparel-sub-0,305.00,170.80,true
120,SKU-00120,Apparel item 120,Apparel,apparel-sub-0,374.15,213.27,true
121,SKU-00121,Footwear item 121,Footwear,footwear-sub-1,8.71,6.01,true
122,SKU-00122,Accessories item 122,Accessories,accessories-sub-2,41.24,23.92,true
123,SKU-00123,Home item 123,Home,home-sub-3,96.70,57.05,true
124,SKU-00124,Electronics item 124,Electronics,electronics-sub-4,17.76,12.61,true
125,SKU-00125,Outdoors item 125,Outdoors,outdoors-sub-5,141.71,93.53,true
126,SKU-00126,Apparel item 126,Apparel,apparel-sub-0,198.19,140.71,true
127,SKU-00127,Footwear item 127,Footwear,footwear-sub-1,215.92,125.23,true
128,SKU-00128,Accessories item 128,Accessories,accessories-sub-2,218.44,135.43,true
129,SKU-00129,Home item 129,Home,home-sub-3,135.71,95.00,true
13,SKU-00013,Footwear item 13,Footwear,footwear-sub-1,161.83,80.92,true
130,SKU-00130,Electronics item 130,Electronics,electronics-sub-4,334.60,197.41,true
131,SKU-00131,Outdoors item 131,Outdoors,outdoors-sub-5,75.01,35.25,true
132,SKU-00132,Apparel item 132,Apparel,apparel-sub-0,218.30,148.44,true
133,SKU-00133,Footwear item 133,Footwear,footwear-sub-1,393.58,236.15,false
134,SKU-00134,Accessories item 134,Accessories,accessories-sub-2,35.14,24.25,true
135,SKU-00135,Home item 135,Home,home-sub-3,324.18,168.57,true
136,SKU-00136,Electronics item 136,Electronics,electronics-sub-4,389.11,221.79,true
137,SKU-00137,Outdoors item 137,Outdoors,outdoors-sub-5,41.77,27.15,true
138,SKU-00138,Apparel item 138,Apparel,apparel-sub-0,357.51,200.21,true
139,SKU-00139,Footwear item 139,Footwear,footwear-sub-1,191.27,91.81,true
14,SKU-00014,Accessories item 14,Accessories,accessories-sub-2,135.93,74.76,true
140,SKU-00140,Accessories item 140,Accessories,accessories-sub-2,53.48,29.41,false
141,SKU-00141,Home item 141,Home,home-sub-3,276.17,196.08,true
142,SKU-00142,Electronics item 142,Electronics,electronics-sub-4,103.57,65.25,true
143,SKU-00143,Outdoors item 143,Outdoors,outdoors-sub-5,136.06,84.36,true
144,SKU-00144,Apparel item 144,Apparel,apparel-sub-0,165.71,91.14,true
145,SKU-00145,Footwear item 145,Footwear,footwear-sub-1,175.86,109.03,true
146,SKU-00146,Accessories item 146,Accessories,accessories-sub-2,195.98,131.31,true
147,SKU-00147,Home item 147,Home,home-sub-3,49.56,35.68,true
148,SKU-00148,Electronics item 148,Electronics,electronics-sub-4,210.75,151.74,true
149,SKU-00149,Outdoors item 149,Outdoors,outdoors-sub-5,297.18,202.08,true
15,SKU-00015,Home item 15,Home,home-sub-3,47.47,34.65,true
150,SKU-00150,Apparel item 150,Apparel,apparel-sub-0,125.67,69.12,true
151,SKU-00151,Footwear item 151,Footwear,footwear-sub-1,306.99,171.91,true
152,SKU-00152,Accessories item 152,Accessories,accessories-sub-2,174.75,92.62,true
153,SKU-00153,Home item 153,Home,home-sub-3,20.16,9.88,true
154,SKU-00154,Electronics item 154,Electronics,electronics-sub-4,274.20,159.04,true
155,SKU-00155,Outdoors item 155,Outdoors,outdoors-sub-5,323.73,226.61,true
156,SKU-00156,Apparel item 156,Apparel,apparel-sub-0,351.29,161.59,true
157,SKU-00157,Footwear item 157,Footwear,footwear-sub-1,340.71,190.80,true
158,SKU-00158,Accessories item 158,Accessories,accessories-sub-2,291.52,134.10,false
159,SKU-00159,Home item 159,Home,home-sub-3,219.34,153.54,true
16,SKU-00016,Electronics item 16,Electronics,electronics-sub-4,383.53,226.28,true
160,SKU-00160,Electronics item 160,Electronics,electronics-sub-4,190.23,119.84,true
161,SKU-00161,Outdoors item 161,Outdoors,outdoors-sub-5,48.98,33.31,true
162,SKU-00162,Apparel item 162,Apparel,apparel-sub-0,65.38,40.54,true
163,SKU-00163,Footwear item 163,Footwear,footwear-sub-1,353.49,176.74,true
164,SKU-00164,Accessories item 164,Accessories,accessories-sub-2,62.49,39.37,true
165,SKU-00165,Home item 165,Home,home-sub-3,130.10,89.77,true
166,SKU-00166,Electronics item 166,Electronics,electronics-sub-4,287.42,204.07,true
167,SKU-00167,Outdoors item 167,Outdoors,outdoors-sub-5,300.75,219.55,true
168,SKU-00168,Apparel item 168,Apparel,apparel-sub-0,104.74,68.08,true
169,SKU-00169,Footwear item 169,Footwear,footwear-sub-1,124.06,80.64,true
17,SKU-00017,Outdoors item 17,Outdoors,outdoors-sub-5,295.75,153.79,true
170,SKU-00170,Accessories item 170,Accessories,accessories-sub-2,302.56,184.56,true
171,SKU-00171,Home item 171,Home,home-sub-3,288.37,210.51,true
172,SKU-00172,Electronics item 172,Electronics,electronics-sub-4,381.66,206.10,true
173,SKU-00173,Outdoors item 173,Outdoors,outdoors-sub-5,260.55,117.25,true
174,SKU-00174,Apparel item 174,Apparel,apparel-sub-0,216.27,125.44,true
175,SKU-00175,Footwear item 175,Footwear,footwear-sub-1,151.07,95.17,true
176,SKU-00176,Accessories item 176,Accessories,accessories-sub-2,219.05,135.81,true
177,SKU-00177,Home item 177,Home,home-sub-3,136.28,94.03,true
178,SKU-00178,Electronics item 178,Electronics,electronics-sub-4,237.42,173.32,true
179,SKU-00179,Outdoors item 179,Outdoors,outdoors-sub-5,383.04,187.69,true
18,SKU-00018,Apparel item 18,Apparel,apparel-sub-0,307.38,187.50,true
180,SKU-00180,Apparel item 180,Apparel,apparel-sub-0,102.17,52.11,true
181,SKU-00181,Footwear item 181,Footwear,footwear-sub-1,71.12,32.00,true
182,SKU-00182,Accessories item 182,Accessories,accessories-sub-2,30.85,21.29,true
183,SKU-00183,Home item 183,Home,home-sub-3,233.40,109.70,true
184,SKU-00184,Electronics item 184,Electronics,electronics-sub-4,211.65,156.62,true
185,SKU-00185,Outdoors item 185,Outdoors,outdoors-sub-5,141.84,72.34,true
186,SKU-00186,Apparel item 186,Apparel,apparel-sub-0,283.05,150.02,true
187,SKU-00187,Footwear item 187,Footwear,footwear-sub-1,147.36,101.68,true
188,SKU-00188,Accessories item 188,Accessories,accessories-sub-2,94.98,69.34,true
189,SKU-00189,Home item 189,Home,home-sub-3,293.12,140.70,true
19,SKU-00019,Footwear item 19,Footwear,footwear-sub-1,222.09,159.90,true
190,SKU-00190,Electronics item 190,Electronics,electronics-sub-4,250.83,112.87,true
191,SKU-00191,Outdoors item 191,Outdoors,outdoors-sub-5,141.69,80.76,true
192,SKU-00192,Apparel item 192,Apparel,apparel-sub-0,292.40,166.67,true
193,SKU-00193,Footwear item 193,Footwear,footwear-sub-1,254.36,160.25,true
194,SKU-00194,Accessories item 194,Accessories,accessories-sub-2,65.85,32.92,true
195,SKU-00195,Home item 195,Home,home-sub-3,383.99,261.11,true
196,SKU-00196,Electronics item 196,Electronics,electronics-sub-4,111.74,77.10,true
197,SKU-00197,Outdoors item 197,Outdoors,outdoors-sub-5,325.54,221.37,true
198,SKU-00198,Apparel item 198,Apparel,apparel-sub-0,212.67,123.35,true
199,SKU-00199,Footwear item 199,Footwear,footwear-sub-1,64.50,45.15,true
2,SKU-00002,Accessories item 2,Accessories,accessories-sub-2,69.43,39.58,true
20,SKU-00020,Accessories item 20,Accessories,accessories-sub-2,109.37,56.87,true
200,SKU-00200,Accessories item 200,Accessories,accessories-sub-2,318.24,168.67,true
201,SKU-00201,Home item 201,Home,home-sub-3,304.46,137.01,true
202,SKU-00202,Electronics item 202,Electronics,electronics-sub-4,280.26,159.75,false
203,SKU-00203,Outdoors item 203,Outdoors,outdoors-sub-5,70.57,39.52,true
204,SKU-00204,Apparel item 204,Apparel,apparel-sub-0,208.14,147.78,true
205,SKU-00205,Footwear item 205,Footwear,footwear-sub-1,202.06,105.07,false
206,SKU-00206,Accessories item 206,Accessories,accessories-sub-2,60.34,39.22,true
207,SKU-00207,Home item 207,Home,home-sub-3,260.38,190.08,true
208,SKU-00208,Electronics item 208,Electronics,electronics-sub-4,185.03,125.82,true
209,SKU-00209,Outdoors item 209,Outdoors,outdoors-sub-5,216.85,99.75,true
21,SKU-00021,Home item 21,Home,home-sub-3,50.77,22.85,true
210,SKU-00210,Apparel item 210,Apparel,apparel-sub-0,168.18,84.09,true
211,SKU-00211,Footwear item 211,Footwear,footwear-sub-1,88.85,54.20,true
212,SKU-00212,Accessories item 212,Accessories,accessories-sub-2,312.89,215.89,true
213,SKU-00213,Home item 213,Home,home-sub-3,395.72,277.00,true
214,SKU-00214,Electronics item 214,Electronics,electronics-sub-4,197.07,110.36,true
215,SKU-00215,Outdoors item 215,Outdoors,outdoors-sub-5,108.20,62.76,true
216,SKU-00216,Apparel item 216,Apparel,apparel-sub-0,344.86,168.98,true
217,SKU-00217,Footwear item 217,Footwear,footwear-sub-1,124.02,69.45,true
218,SKU-00218,Accessories item 218,Accessories,accessories-sub-2,76.69,53.68,true
219,SKU-00219,Home item 219,Home,home-sub-3,331.07,168.85,true
22,SKU-00022,Electronics item 22,Electronics,electronics-sub-4,271.30,195.34,true
220,SKU-00220,Electronics item 220,Electronics,electronics-sub-4,249.56,184.67,true
221,SKU-00221,Outdoors item 221,Outdoors,outdoors-sub-5,215.41,96.93,true
222,SKU-00222,Apparel item 222,Apparel,apparel-sub-0,222.30,100.04,true
223,SKU-00223,Footwear item 223,Footwear,footwear-sub-1,27.42,18.65,true
224,SKU-00224,Accessories item 224,Accessories,accessories-sub-2,272.16,125.19,true
225,SKU-00225,Home item 225,Home,home-sub-3,397.23,270.12,true
226,SKU-00226,Electronics item 226,Electronics,electronics-sub-4,108.65,52.15,true
227,SKU-00227,Outdoors item 227,Outdoors,outdoors-sub-5,150.94,70.94,true
228,SKU-00228,Apparel item 228,Apparel,apparel-sub-0,48.46,23.26,false
229,SKU-00229,Footwear item 229,Footwear,footwear-sub-1,309.37,179.43,true
23,SKU-00023,Outdoors item 23,Outdoors,outdoors-sub-5,313.15,225.47,true
230,SKU-00230,Accessories item 230,Accessories,accessories-sub-2,356.74,210.48,true
231,SKU-00231,Home item 231,Home,home-sub-3,5.47,2.95,true
232,SKU-00232,Electronics item 232,Electronics,electronics-sub-4,173.33,84.93,true
233,SKU-00233,Outdoors item 233,Outdoors,outdoors-sub-5,358.88,200.97,false
234,SKU-00234,Apparel item 234,Apparel,apparel-sub-0,68.17,40.90,true
235,SKU-00235,Footwear item 235,Footwear,footwear-sub-1,379.36,193.47,true
236,SKU-00236,Accessories item 236,Accessories,accessories-sub-2,342.33,167.74,true
237,SKU-00237,Home item 237,Home,home-sub-3,98.45,51.19,true
238,SKU-00238,Electronics item 238,Electronics,electronics-sub-4,67.12,44.97,true
239,SKU-00239,Outdoors item 239,Outdoors,outdoors-sub-5,73.96,38.46,true
24,SKU-00024,Apparel item 24,Apparel,apparel-sub-0,278.34,147.52,true
240,SKU-00240,Apparel item 240,Apparel,apparel-sub-0,125.99,85.67,true
241,SKU-00241,Footwear item 241,Footwear,footwear-sub-1,220.36,147.64,false
242,SKU-00242,Accessories item 242,Accessories,accessories-sub-2,392.17,239.22,true
243,SKU-00243,Home item 243,Home,home-sub-3,179.80,124.06,true
244,SKU-00244,Electronics item 244,Electronics,electronics-sub-4,219.92,127.55,true
245,SKU-00245,Outdoors item 245,Outdoors,outdoors-sub-5,100.17,63.11,true
246,SKU-00246,Apparel item 246,Apparel,apparel-sub-0,27.42,18.65,true
247,SKU-00247,Footwear item 247,Footwear,footwear-sub-1,257.33,167.26,true
248,SKU-00248,Accessories item 248,Accessories,accessories-sub-2,134.69,67.34,true
249,SKU-00249,Home item 249,Home,home-sub-3,27.35,19.42,true
25,SKU-00025,Footwear item 25,Footwear,footwear-sub-1,357.15,171.43,true
250,SKU-00250,Electronics item 250,Electronics,electronics-sub-4,111.09,63.32,true
251,SKU-00251,Outdoors item 251,Outdoors,outdoors-sub-5,379.92,227.95,true
252,SKU-00252,Apparel item 252,Apparel,apparel-sub-0,230.37,117.49,true
253,SKU-00253,Footwear item 253,Footwear,footwear-sub-1,383.27,218.46,true
254,SKU-00254,Accessories item 254,Accessories,accessories-sub-2,145.79,86.02,true
255,SKU-00255,Home item 255,Home,home-sub-3,362.74,214.02,true
256,SKU-00256,Electronics item 256,Electronics,electronics-sub-4,188.04,122.23,true
257,SKU-00257,Outdoors item 257,Outdoors,outdoors-sub-5,226.08,124.34,false
258,SKU-00258,Apparel item 258,Apparel,apparel-sub-0,127.10,67.36,true
259,SKU-00259,Footwear item 259,Footwear,footwear-sub-1,324.39,223.83,true
26,SKU-00026,Accessories item 26,Accessories,accessories-sub-2,355.07,237.90,true
260,SKU-00260,Accessories item 260,Accessories,accessories-sub-2,68.24,45.04,true
261,SKU-00261,Home item 261,Home,home-sub-3,345.17,182.94,true
262,SKU-00262,Electronics item 262,Electronics,electronics-sub-4,244.48,141.80,true
263,SKU-00263,Outdoors item 263,Outdoors,outdoors-sub-5,361.06,176.92,true
264,SKU-00264,Apparel item 264,Apparel,apparel-sub-0,304.78,216.39,true
265,SKU-00265,Footwear item 265,Footwear,footwear-sub-1,365.75,245.05,true
266,SKU-00266,Accessories item 266,Accessories,accessories-sub-2,232.81,125.72,true
267,SKU-00267,Home item 267,Home,home-sub-3,367.60,172.77,false
268,SKU-00268,Electronics item 268,Electronics,electronics-sub-4,335.77,167.88,true
269,SKU-00269,Outdoors item 269,Outdoors,outdoors-sub-5,339.82,173.31,true
27,SKU-00027,Home item 27,Home,home-sub-3,320.10,227.27,true
270,SKU-00270,Apparel item 270,Apparel,apparel-sub-0,150.39,103.77,true
271,SKU-00271,Footwear item 271,Footwear,footwear-sub-1,236.95,144.54,true
272,SKU-00272,Accessories item 272,Accessories,accessories-sub-2,104.46,65.81,true
273,SKU-00273,Home item 273,Home,home-sub-3,349.09,160.58,true
274,SKU-00274,Electronics item 274,Electronics,electronics-sub-4,242.67,150.46,true
275,SKU-00275,Outdoors item 275,Outdoors,outdoors-sub-5,352.91,176.46,true
276,SKU-00276,Apparel item 276,Apparel,apparel-sub-0,70.62,46.61,true
277,SKU-00277,Footwear item 277,Footwear,footwear-sub-1,153.28,108.83,true
278,SKU-00278,Accessories item 278,Accessories,accessories-sub-2,104.64,64.88,true
279,SKU-00279,Home item 279,Home,home-sub-3,282.88,203.67,true
28,SKU-00028,Electronics item 28,Electronics,electronics-sub-4,196.99,137.89,true
280,SKU-00280,Electronics item 280,Electronics,electronics-sub-4,37.05,21.12,true
281,SKU-00281,Outdoors item 281,Outdoors,outdoors-sub-5,346.93,201.22,true
282,SKU-00282,Apparel item 282,Apparel,apparel-sub-0,311.71,171.44,true
283,SKU-00283,Footwear item 283,Footwear,footwear-sub-1,201.60,90.72,true
284,SKU-00284,Accessories item 284,Accessories,accessories-sub-2,369.22,243.69,true
285,SKU-00285,Home item 285,Home,home-sub-3,394.27,185.31,true
286,SKU-00286,Electronics item 286,Electronics,electronics-sub-4,273.94,134.23,true
287,SKU-00287,Outdoors item 287,Outdoors,outdoors-sub-5,110.02,75.91,false
288,SKU-00288,Apparel item 288,Apparel,apparel-sub-0,163.90,93.42,true
289,SKU-00289,Footwear item 289,Footwear,footwear-sub-1,279.60,159.37,true
29,SKU-00029,Outdoors item 29,Outdoors,outdoors-sub-5,31.15,17.44,true
290,SKU-00290,Accessories item 290,Accessories,accessories-sub-2,167.90,119.21,true
291,SKU-00291,Home item 291,Home,home-sub-3,153.31,81.25,true
292,SKU-00292,Electronics item 292,Electronics,electronics-sub-4,268.08,128.68,true
293,SKU-00293,Outdoors item 293,Outdoors,outdoors-sub-5,388.99,256.73,true
294,SKU-00294,Apparel item 294,Apparel,apparel-sub-0,295.57,144.83,true
295,SKU-00295,Footwear item 295,Footwear,footwear-sub-1,219.61,98.82,true
296,SKU-00296,Accessories item 296,Accessories,accessories-sub-2,346.19,186.94,true
297,SKU-00297,Home item 297,Home,home-sub-3,397.19,238.31,true
298,SKU-00298,Electronics item 298,Electronics,electronics-sub-4,292.22,157.80,true
299,SKU-00299,Outdoors item 299,Outdoors,outdoors-sub-5,359.71,244.60,true
3,SKU-00003,Home item 3,Home,home-sub-3,279.00,161.82,true
30,SKU-00030,Apparel item 30,Apparel,apparel-sub-0,340.25,221.16,true
300,SKU-00300,Apparel item 300,Apparel,apparel-sub-0,105.71,49.68,true
31,SKU-00031,Footwear item 31,Footwear,footwear-sub-1,285.87,200.11,true
32,SKU-00032,Accessories item 32,Accessories,accessories-sub-2,100.67,72.48,true
33,SKU-00033,Home item 33,Home,home-sub-3,384.98,265.64,true
34,SKU-00034,Electronics item 34,Electronics,electronics-sub-4,115.72,64.80,true
35,SKU-00035,Outdoors item 35,Outdoors,outdoors-sub-5,227.71,111.58,true
36,SKU-00036,Apparel item 36,Apparel,apparel-sub-0,321.27,163.85,true
37,SKU-00037,Footwear item 37,Footwear,footwear-sub-1,221.28,143.83,true
38,SKU-00038,Accessories item 38,Accessories,accessories-sub-2,305.31,222.88,true
39,SKU-00039,Home item 39,Home,home-sub-3,165.38,114.11,true
4,SKU-00004,Electronics item 4,Electronics,electronics-sub-4,24.03,15.38,true
40,SKU-00040,Electronics item 40,Electronics,electronics-sub-4,198.52,133.01,true
41,SKU-00041,Outdoors item 41,Outdoors,outdoors-sub-5,300.15,201.10,true
42,SKU-00042,Apparel item 42,Apparel,apparel-sub-0,185.41,118.66,true
43,SKU-00043,Footwear item 43,Footwear,footwear-sub-1,96.76,47.41,true
44,SKU-00044,Accessories item 44,Accessories,accessories-sub-2,22.00,11.44,true
45,SKU-00045,Home item 45,Home,home-sub-3,374.32,209.62,true
46,SKU-00046,Electronics item 46,Electronics,electronics-sub-4,205.97,138.00,true
47,SKU-00047,Outdoors item 47,Outdoors,outdoors-sub-5,204.71,122.83,true
48,SKU-00048,Apparel item 48,Apparel,apparel-sub-0,198.25,97.14,true
49,SKU-00049,Footwear item 49,Footwear,footwear-sub-1,89.24,43.73,true
5,SKU-00005,Outdoors item 5,Outdoors,outdoors-sub-5,334.88,157.39,true
50,SKU-00050,Accessories item 50,Accessories,accessories-sub-2,256.80,136.10,true
51,SKU-00051,Home item 51,Home,home-sub-3,23.35,16.81,true
52,SKU-00052,Electronics item 52,Electronics,electronics-sub-4,203.54,99.73,true
53,SKU-00053,Outdoors item 53,Outdoors,outdoors-sub-5,175.01,98.01,true
54,SKU-00054,Apparel item 54,Apparel,apparel-sub-0,343.70,195.91,true
55,SKU-00055,Footwear item 55,Footwear,footwear-sub-1,116.67,65.34,true
56,SKU-00056,Accessories item 56,Accessories,accessories-sub-2,389.78,280.64,true
57,SKU-00057,Home item 57,Home,home-sub-3,347.97,194.86,true
58,SKU-00058,Electronics item 58,Electronics,electronics-sub-4,323.01,209.96,true
59,SKU-00059,Outdoors item 59,Outdoors,outdoors-sub-5,349.21,209.53,true
6,SKU-00006,Apparel item 6,Apparel,apparel-sub-0,272.89,122.80,true
60,SKU-00060,Apparel item 60,Apparel,apparel-sub-0,253.95,114.28,true
61,SKU-00061,Footwear item 61,Footwear,footwear-sub-1,47.43,26.09,true
62,SKU-00062,Accessories item 62,Accessories,accessories-sub-2,140.28,72.95,true
63,SKU-00063,Home item 63,Home,home-sub-3,83.37,54.19,true
64,SKU-00064,Electronics item 64,Electronics,electronics-sub-4,331.88,195.81,true
65,SKU-00065,Outdoors item 65,Outdoors,outdoors-sub-5,12.99,9.22,true
66,SKU-00066,Apparel item 66,Apparel,apparel-sub-0,348.48,254.39,true
67,SKU-00067,Footwear item 67,Footwear,footwear-sub-1,137.73,77.13,true
68,SKU-00068,Accessories item 68,Accessories,accessories-sub-2,266.15,173.00,true
69,SKU-00069,Home item 69,Home,home-sub-3,220.95,134.78,true
7,SKU-00007,Footwear item 7,Footwear,footwear-sub-1,168.80,84.40,true
70,SKU-00070,Electronics item 70,Electronics,electronics-sub-4,367.60,227.91,true
71,SKU-00071,Outdoors item 71,Outdoors,outdoors-sub-5,357.40,257.33,true
72,SKU-00072,Apparel item 72,Apparel,apparel-sub-0,41.68,24.59,true
73,SKU-00073,Footwear item 73,Footwear,footwear-sub-1,167.51,87.11,true
74,SKU-00074,Accessories item 74,Accessories,accessories-sub-2,124.72,83.56,true
75,SKU-00075,Home item 75,Home,home-sub-3,165.62,86.12,true
76,SKU-00076,Electronics item 76,Electronics,electronics-sub-4,303.88,151.94,true
77,SKU-00077,Outdoors item 77,Outdoors,outdoors-sub-5,179.17,111.09,true
78,SKU-00078,Apparel item 78,Apparel,apparel-sub-0,129.52,88.07,true
79,SKU-00079,Footwear item 79,Footwear,footwear-sub-1,46.72,34.11,true
8,SKU-00008,Accessories item 8,Accessories,accessories-sub-2,314.27,207.42,true
80,SKU-00080,Accessories item 80,Accessories,accessories-sub-2,347.46,187.63,true
81,SKU-00081,Home item 81,Home,home-sub-3,154.15,80.16,true
82,SKU-00082,Electronics item 82,Electronics,electronics-sub-4,385.94,231.56,true
83,SKU-00083,Outdoors item 83,Outdoors,outdoors-sub-5,356.88,260.52,true
84,SKU-00084,Apparel item 84,Apparel,apparel-sub-0,213.96,149.77,true
85,SKU-00085,Footwear item 85,Footwear,footwear-sub-1,133.72,80.23,true
86,SKU-00086,Accessories item 86,Accessories,accessories-sub-2,59.64,35.78,true
87,SKU-00087,Home item 87,Home,home-sub-3,360.44,227.08,true
88,SKU-00088,Electronics item 88,Electronics,electronics-sub-4,324.31,175.13,true
89,SKU-00089,Outdoors item 89,Outdoors,outdoors-sub-5,386.23,224.01,true
9,SKU-00009,Home item 9,Home,home-sub-3,247.67,111.45,true
90,SKU-00090,Apparel item 90,Apparel,apparel-sub-0,78.08,53.09,true
91,SKU-00091,Footwear item 91,Footwear,footwear-sub-1,132.66,83.58,true
92,SKU-00092,Accessories item 92,Accessories,accessories-sub-2,304.01,136.80,true
93,SKU-00093,Home item 93,Home,home-sub-3,271.84,173.98,true
94,SKU-00094,Electronics item 94,Electronics,electronics-sub-4,120.69,66.38,true
95,SKU-00095,Outdoors item 95,Outdoors,outdoors-sub-5,341.98,184.67,false
96,SKU-00096,Apparel item 96,Apparel,apparel-sub-0,201.37,106.73,true
97,SKU-00097,Footwear item 97,Footwear,footwear-sub-1,168.19,92.50,true
98,SKU-00098,Accessories item 98,Accessories,accessories-sub-2,372.83,227.43,true
99,SKU-00099,Home item 99,Home,home-sub-3,293.38,140.82,false
