customer_id,region,clean_phone,order_count,ltv,aov
1,WEST,0790779946,17,12440.40,193.25
10,WEST,10864411347,24,13627.47,181.11
100,NRTH,10474840200,9,3754.31,183.02
1000,WEST,0627153504,8,6385.48,215.42
1001,NRTH,10947493497,16,8486.96,218.43
1002,EAST,0768423193,17,10441.85,230.31
1003,SOTH,0485417273,14,9686.50,183.39
1004,SW  ,10401694717,16,5600.10,179.25
1005,SOTH,0627024665,18,8358.71,173.87
1006,SOTH,0394612942,14,7532.93,169.18
1007,SOTH,10081484595,10,5162.18,208.45
1008,SOTH,\N,17,9771.93,217.20
1009,SOTH,10800164591,15,8571.77,211.11
101,EAST,10357887167,13,6725.10,167.45
1010,WEST,0372193657,25,11023.76,187.51
1011,NE  ,0244360546,22,11845.36,214.54
1012,NE  ,0813489677,11,6151.76,197.57
1013,EAST,0749408730,15,6843.30,189.01
1014,NRTH,0328105366,10,2654.40,209.70
1015,SOTH,0808126208,14,5604.48,231.55
1016,SW  ,0034584137,10,7125.14,201.06
1017,NRTH,0068407281,17,10377.37,198.16
1018,WEST,0724652824,16,10283.09,207.62
1019,NRTH,\N,0,0.00,\N
102,NRTH,0429982328,15,7158.32,239.74
1020,NE  ,0395837354,10,5099.00,209.31
1021,NRTH,0449267758,14,8681.97,204.38
1022,SOTH,0762004093,13,5904.23,205.88
1023,NE  ,0007992185,14,3550.71,146.87
1024,NE  ,0944076106,16,7554.13,164.47
1025,WEST,10904777240,15,8310.03,175.25
1026,SOTH,0787314701,8,6650.50,222.10
1027,NRTH,0934734769,19,9509.44,190.51
1028,SOTH,0818041802,24,11393.22,197.51
1029,NRTH,0222664095,15,6559.95,178.73
103,EAST,0885758835,14,7893.14,199.48
1030,EAST,0425925819,17,11191.60,189.59
1031,SOTH,0088635913,15,7787.17,176.23
1032,WEST,0019398359,12,6084.87,201.81
1033,EAST,0164815590,8,3983.42,189.12
1034,SOTH,0871354190,12,6947.91,186.53
1035,SW  ,\N,16,8519.51,195.58
1036,SOTH,\N,13,8191.33,184.80
1037,SOTH,0947347447,18,7732.32,178.20
1038,WEST,10875769961,18,12571.76,212.46
1039,NE  ,0129712269,14,4842.34,171.28
104,WEST,0668548027,13,7948.13,203.74
1040,WEST,0012864905,14,7963.71,205.76
1041,SW  ,\N,10,7205.88,182.88
1042,EAST,0990230381,13,7344.38,182.63
1043,NRTH,10817886628,10,4750.46,198.11
1044,WEST,0482015123,17,10099.02,201.36
1045,SOTH,0962909578,20,9734.15,189.21
1046,SW  ,\N,19,9652.74,223.62
1047,NRTH,0255619239,18,9265.70,186.99
1048,EAST,10445488393,11,8007.55,225.50
1049,SOTH,0973488755,12,7356.56,196.78
105,WEST,0309268943,12,7255.05,211.86
1050,NE  ,0676223826,0,0.00,\N
1051,WEST,0134820097,0,0.00,\N
1052,NE  ,10501517159,20,10611.68,195.28
1053,NRTH,0306395333,11,5704.79,209.29
1054,EAST,0505424753,13,8022.13,211.51
1055,SOTH,0458914339,12,8831.67,206.87
1056,NE  ,10497841726,14,8446.63,216.56
1057,EAST,0210148188,13,5252.35,170.67
1058,SOTH,10423751880,15,8989.33,190.04
1059,WEST,0607317600,19,11104.62,204.94
106,SW  ,0333665422,15,8078.19,178.59
1060,NE  ,0395330845,9,3356.07,186.53
1061,SOTH,\N,10,8329.97,228.81
1062,WEST,0731289574,16,6302.03,193.52
1063,EAST,0984495471,14,6727.36,192.99
1064,NRTH,10271518421,12,6094.91,215.53
1065,NRTH,\N,8,4752.38,218.57
1066,WEST,10427317270,8,3862.50,203.41
1067,EAST,0448651862,15,8136.59,185.89
1068,NRTH,0144237954,18,11486.58,204.65
1069,SW  ,0063331510,11,7596.96,224.34
107,SOTH,0165325235,0,0.00,\N
1070,SOTH,\N,16,10511.55,207.74
1071,NRTH,0367382830,11,7439.75,183.57
1072,WEST,0007759564,16,6812.10,194.83
1073,SW  ,10817508336,11,3125.69,208.37
1074,EAST,10368376600,12,6899.25,205.48
1075,NRTH,\N,12,7315.66,198.03
1076,SOTH,0953451112,16,6822.30,210.55
1077,EAST,0707462828,11,5583.99,220.60
1078,EAST,0937843145,18,6778.81,149.70
1079,SW  ,0657766018,13,5874.71,188.19
108,SOTH,0591916368,13,7305.41,217.12
1080,NRTH,0764441874,30,12159.98,179.99
1081,SOTH,0722694988,13,6706.65,178.91
1082,NE  ,0183001054,12,5413.22,210.38
1083,EAST,10236626964,14,3825.82,172.20
1084,NE  ,\N,13,9134.07,173.69
1085,EAST,0797755616,19,10202.72,208.80
1086,SOTH,\N,15,6941.28,223.76
1087,EAST,10916256440,7,1793.64,135.93
1088,WEST,0909586665,16,7523.30,171.59
1089,NE  ,0114445764,0,0.00,\N
109,WEST,10845805127,5,2606.58,208.03
1090,NRTH,0536691235,16,9980.25,194.35
1091,SW  ,0739378623,17,6014.83,186.01
1092,SOTH,0404487813,16,6954.06,235.11
1093,WEST,0781034931,19,8368.29,190.33
1094,NE  ,0727888175,15,7631.76,177.72
1095,NE  ,0991132193,13,7669.42,196.90
1096,NRTH,0623182231,0,0.00,\N
1097,NRTH,0747276554,13,7376.45,186.59
1098,SOTH,0919274718,15,12448.03,234.83
1099,NRTH,10103130465,13,8064.38,202.89
11,SOTH,0981987993,19,7146.19,163.77
110,NRTH,10370574014,0,0.00,\N
1100,NE  ,0159524021,21,11608.06,202.18
1101,SOTH,0185206511,21,7530.16,195.40
1102,NRTH,10477942116,16,8907.40,233.03
1103,SOTH,0630125913,14,8464.86,199.62
1104,NRTH,0754558091,15,8640.61,183.62
1105,EAST,0872810297,16,7271.97,166.69
1106,NE  ,0879209446,13,6121.37,187.43
1107,SW  ,\N,13,7524.98,215.12
1108,NRTH,0173098204,12,5072.92,174.96
1109,EAST,0584574207,28,10578.31,181.75
111,EAST,0256415500,16,9557.19,200.53
1110,WEST,10557747746,14,6312.02,188.87
1111,EAST,0378082887,11,5576.84,198.01
1112,WEST,0919214454,18,8813.27,188.42
1113,WEST,0453135170,12,4871.68,166.96
1114,NRTH,\N,18,8148.79,186.40
1115,EAST,0748186455,15,8632.83,201.14
1116,NRTH,0465603585,0,0.00,\N
1117,WEST,0734417124,15,9614.54,202.97
1118,EAST,0856950522,17,9042.75,196.56
1119,NRTH,0132610867,0,0.00,\N
112,EAST,0871243675,13,7053.56,200.13
1120,EAST,10614350048,16,9349.27,198.58
1121,NRTH,0418290447,20,12722.11,200.72
1122,SW  ,0737293786,21,10437.07,185.16
1123,WEST,0267481569,19,9281.46,208.13
1124,SOTH,0459309261,11,5837.93,192.36
1125,NRTH,0681478902,0,0.00,\N
1126,SW  ,\N,17,9170.77,207.36
1127,NRTH,0146488860,22,9759.73,201.13
1128,WEST,0892706183,13,9010.82,184.48
1129,NE  ,\N,8,4221.31,198.58
113,WEST,10633701411,9,3233.98,185.74
1130,EAST,10551564517,13,6457.61,227.67
1131,EAST,0729138534,13,6591.77,159.15
1132,WEST,0228777818,15,11319.98,198.00
1133,WEST,0038041733,0,0.00,\N
1134,EAST,10352779815,0,0.00,\N
1135,NRTH,\N,15,7121.75,196.10
1136,NRTH,0007420042,14,7504.61,181.82
1137,NRTH,0459928150,13,5708.00,214.52
1138,SOTH,0802182950,10,3880.14,201.86
1139,SOTH,\N,8,4736.76,208.37
114,NE  ,\N,18,13465.34,203.56
1140,NRTH,10714299118,14,9125.74,231.95
1141,EAST,0991666341,14,7187.37,209.49
1142,NRTH,0014655448,13,6637.77,187.44
1143,SW  ,10310812427,12,4068.43,165.39
1144,SW  ,0200639654,13,7317.06,227.57
1145,NRTH,0840435889,11,5811.18,230.99
1146,SW  ,0142051544,19,10422.38,192.46
1147,NRTH,0097641175,9,2884.73,204.10
1148,SOTH,0065873766,17,11704.16,203.20
1149,EAST,0764059216,12,4204.56,183.62
115,SOTH,0743785903,17,10311.75,209.94
1150,WEST,\N,15,8837.10,214.59
1151,WEST,\N,0,0.00,\N
1152,EAST,\N,14,3966.18,197.49
1153,EAST,10632338449,13,6135.68,186.62
1154,EAST,0797347186,9,4774.15,210.66
1155,SOTH,\N,0,0.00,\N
1156,SOTH,0047041818,12,6472.41,213.26
1157,EAST,0126088358,15,7589.64,189.24
1158,SW  ,10138442086,20,14514.91,196.92
1159,NRTH,0934429966,0,0.00,\N
116,EAST,0038546365,20,12912.50,196.97
1160,NRTH,0197639735,9,6708.04,172.77
1161,NE  ,0915338147,17,8375.42,174.13
1162,SOTH,0313364355,10,6359.22,197.33
1163,WEST,0267370380,15,7001.96,235.67
1164,EAST,10949173156,14,6374.33,204.59
1165,WEST,10235449670,15,9271.43,207.07
1166,NRTH,0681080390,7,4445.11,213.52
1167,SOTH,0921508136,21,8886.41,179.34
1168,NRTH,\N,25,15069.90,220.51
1169,SW  ,10193710153,12,9591.73,198.24
117,EAST,0816440738,10,6812.05,219.84
1170,SW  ,\N,18,8541.70,199.65
1171,EAST,0805783320,16,7345.20,195.75
1172,EAST,0692007399,8,4835.90,234.94
1173,NRTH,\N,13,7832.66,202.37
1174,EAST,0815691332,14,7230.32,175.32
1175,NRTH,\N,13,5895.04,180.78
1176,WEST,0110129503,16,8922.67,193.29
1177,SOTH,10379363624,12,6237.30,190.30
1178,SOTH,0241079154,0,0.00,\N
1179,EAST,0649083785,19,8720.79,188.61
118,WEST,10315001254,16,11231.22,223.38
1180,NRTH,10737833207,20,10183.84,192.00
1181,WEST,0284972125,20,6807.14,163.17
1182,EAST,0774536641,18,7048.87,197.35
1183,NRTH,0136940471,14,8487.09,213.77
1184,NRTH,10444469356,16,9038.38,206.70
1185,NRTH,0573131867,17,7696.53,189.85
1186,EAST,0565803901,20,11944.32,207.39
1187,SOTH,0508874541,10,3349.88,152.98
1188,NRTH,0896845363,21,11943.37,200.57
1189,NRTH,0755874366,15,7242.11,192.34
119,SW  ,0084791618,20,11612.43,177.47
1190,WEST,0079210250,19,8367.63,186.89
1191,NRTH,0263115935,16,6195.47,194.84
1192,NRTH,10803273909,12,4633.14,199.63
1193,WEST,\N,11,6303.46,183.76
1194,NE  ,\N,20,11152.74,204.26
1195,SW  ,0244077465,9,5260.59,197.76
1196,NRTH,0060126132,16,6246.40,157.41
1197,SOTH,0434972678,0,0.00,\N
1198,SOTH,\N,13,5591.19,211.70
1199,SOTH,0114315434,10,6337.81,240.69
12,SW  ,10428853029,18,7481.16,205.36
120,SOTH,10493460064,10,5374.80,233.15
1200,NE  ,0034753576,9,2814.64,178.95
1201,WEST,0331361946,17,10745.99,201.80
1202,EAST,0139067697,15,6115.08,203.11
1203,WEST,0512124417,15,4210.03,162.98
1204,EAST,0867020791,16,9167.28,210.23
1205,NRTH,0669446639,9,2856.23,169.94
1206,SOTH,0163639767,15,9554.52,186.60
1207,NE  ,10488346218,18,11775.59,196.89
1208,WEST,0095809173,14,5363.10,185.00
1209,SOTH,0474642621,18,7833.27,148.90
121,NE  ,\N,16,6941.56,216.24
1210,EAST,0920197772,15,5650.29,182.00
1211,EAST,0282208801,18,9974.99,195.49
1212,NE  ,10113062876,10,5056.55,189.16
1213,SOTH,0718494947,8,4901.85,222.91
1214,EAST,0985115546,19,10357.03,206.85
1215,EAST,0648936722,15,9236.46,165.25
1216,WEST,\N,11,5081.79,205.20
1217,EAST,\N,16,9286.82,184.11
1218,NRTH,0227088752,14,6342.26,163.96
1219,NRTH,0294103594,7,2080.54,222.87
122,WEST,0213907621,17,10600.59,213.74
1220,NE  ,0278579341,20,9935.55,180.99
1221,WEST,0450006352,11,6380.29,229.83
1222,EAST,0010663879,15,12619.42,194.95
1223,EAST,0492481419,14,9000.71,221.52
1224,WEST,0483784000,17,6701.80,196.43
1225,SOTH,0586355619,17,8263.92,172.22
1226,SOTH,10397559799,16,7703.79,181.69
1227,SOTH,10377666117,19,11443.16,227.78
1228,NRTH,0189939734,19,10177.17,205.70
1229,WEST,0972684208,13,5056.67,177.58
123,SW  ,10750845198,12,4812.82,181.46
1230,WEST,0111320508,16,9772.07,182.87
1231,NE  ,10716948303,19,7959.11,205.64
1232,NE  ,\N,24,14699.88,196.05
1233,SOTH,0692412526,20,7690.55,183.01
1234,WEST,0969237823,14,7307.16,171.86
1235,WEST,10402015103,21,9535.25,200.23
1236,NE  ,0691956127,12,7197.09,212.13
1237,NRTH,0341584059,18,10605.25,195.27
1238,SW  ,10673577976,14,7003.60,198.98
1239,EAST,\N,21,11770.50,190.45
124,WEST,0835705734,19,7223.66,183.98
1240,SW  ,0084581329,19,9281.23,226.72
1241,EAST,0964122707,24,12607.00,193.93
1242,WEST,0154371352,15,7617.94,208.46
1243,SOTH,10152294589,14,5600.90,181.39
1244,SOTH,0223308727,13,4787.32,164.07
1245,EAST,0081940124,11,4707.63,184.00
1246,NRTH,0970274096,14,10950.31,216.68
1247,EAST,0659282845,12,4911.47,180.18
1248,SOTH,\N,13,6872.81,204.61
1249,EAST,10031672825,11,5334.10,158.80
125,SOTH,0235154329,14,8930.83,212.42
1250,WEST,10098751865,15,7977.37,181.85
1251,SOTH,0429434612,9,7022.36,219.08
1252,EAST,10630908025,0,0.00,\N
1253,SOTH,10291707648,22,9679.45,199.99
1254,SOTH,0964107065,14,8487.33,256.27
1255,SW  ,10887647778,14,6709.56,187.81
1256,NRTH,0077996967,17,9693.15,200.26
1257,EAST,10011704885,14,8557.81,213.76
1258,NE  ,0646179886,11,4398.89,183.87
1259,SW  ,10467298419,12,4371.84,196.72
126,WEST,10035824891,11,4963.15,217.20
1260,SOTH,\N,18,8962.04,208.84
1261,NRTH,0411090135,18,7471.58,200.74
1262,SOTH,0432514798,14,8270.76,174.41
1263,WEST,0891044883,10,5781.18,176.77
1264,NRTH,0336268732,12,8440.13,247.08
1265,SOTH,0663547759,13,7759.07,202.81
1266,EAST,0777661121,17,11378.01,179.38
1267,NE  ,0932023874,11,8771.93,205.15
1268,WEST,\N,0,0.00,\N
1269,NRTH,0128743171,18,10968.02,192.17
127,NRTH,10844511703,19,12095.74,192.74
1270,EAST,0620498993,13,8683.39,193.05
1271,SOTH,\N,13,5765.93,176.23
1272,NE  ,0789488302,20,12707.23,211.47
1273,SOTH,0502672650,19,13536.73,207.20
1274,SW  ,10336466691,15,8954.52,204.13
1275,NRTH,0414008800,12,8460.94,189.64
1276,SOTH,10176304457,0,0.00,\N
1277,SOTH,0258301976,18,9641.69,220.33
1278,SOTH,0285162989,15,6170.03,189.95
1279,SOTH,10462619968,0,0.00,\N
128,WEST,10316905717,14,7485.15,182.77
1280,WEST,0453750815,14,5434.03,184.15
1281,NE  ,0465537242,15,5671.23,178.93
1282,SOTH,\N,15,8709.73,194.77
1283,NE  ,0947684847,13,6854.82,197.03
1284,SOTH,10218587507,20,11530.40,215.41
1285,EAST,0752125249,11,5915.35,226.60
1286,EAST,0356649049,0,0.00,\N
1287,EAST,0283287655,14,10894.57,204.99
1288,SOTH,\N,15,6360.46,188.73
1289,WEST,0312092259,23,14327.09,187.42
129,SOTH,10863919401,10,4074.06,182.82
1290,EAST,0360430809,12,6003.10,172.90
1291,WEST,10888789236,7,5885.95,184.86
1292,WEST,0022255748,11,6091.10,211.59
1293,SOTH,0795656039,10,5475.88,198.52
1294,NRTH,0941826234,7,2845.20,170.66
1295,EAST,10296618097,15,7549.76,200.99
1296,NRTH,10850967842,0,0.00,\N
1297,NRTH,10561766871,15,7639.45,168.26
1298,SOTH,\N,15,5738.64,171.00
1299,WEST,10524379478,15,6445.03,195.49
13,EAST,0164112119,14,4085.47,149.83
130,NE  ,10722443971,17,10484.98,192.68
1300,WEST,0304154049,15,6369.91,179.70
1301,NRTH,0312246300,12,9419.08,208.38
1302,NRTH,0970837440,11,5019.21,183.91
1303,NRTH,10940525260,10,5052.48,169.97
1304,NRTH,10323263148,0,0.00,\N
1305,NRTH,\N,14,7150.61,195.97
1306,SOTH,0451514516,20,11596.82,192.84
1307,EAST,0324688774,11,7533.63,185.44
1308,WEST,0719492101,0,0.00,\N
1309,EAST,0697803278,22,10946.50,183.46
131,SOTH,\N,8,3420.25,174.48
1310,EAST,0627728245,12,6974.28,196.92
1311,NRTH,0686838420,18,10527.75,194.79
1312,SW  ,\N,10,6734.30,189.48
1313,SOTH,\N,8,4251.86,165.47
1314,WEST,0519389882,13,7733.25,227.85
1315,SW  ,0683111510,11,6477.07,222.49
1316,NE  ,10515896943,18,7572.26,177.01
1317,WEST,0858837980,11,4605.73,180.50
1318,WEST,0605814893,22,12295.77,187.55
1319,WEST,0502411429,0,0.00,\N
132,EAST,0324474225,12,3935.05,205.09
1320,NE  ,0969106241,11,6216.01,232.83
1321,SW  ,0921983336,0,0.00,\N
1322,EAST,0506540191,16,6504.36,213.49
1323,EAST,0373764397,0,0.00,\N
1324,EAST,0729416737,15,6524.26,207.99
1325,NRTH,0451031860,18,10315.02,204.79
1326,EAST,0651260172,13,9499.82,199.48
1327,NRTH,0616091216,13,8269.21,189.48
1328,SOTH,0466071607,12,5593.81,214.65
1329,WEST,0386075687,11,8814.39,212.44
133,SOTH,\N,11,6368.06,199.81
1330,NRTH,0893785820,14,7856.97,206.20
1331,SW  ,0860707039,9,8658.08,214.23
1332,SW  ,10555389596,18,9893.69,187.61
1333,SW  ,10240540953,15,6523.91,157.20
1334,EAST,0080291323,18,10769.23,178.98
1335,SW  ,0957571952,17,9142.51,210.35
1336,WEST,10215297327,13,6957.49,188.45
1337,NE  ,0712251737,13,8837.76,208.57
1338,EAST,0657594547,6,1674.82,143.82
1339,WEST,\N,13,9187.34,214.72
134,EAST,0797005281,18,8759.37,194.92
1340,SOTH,0941080807,18,7076.10,174.74
1341,NE  ,0732228806,10,4588.60,184.15
1342,NRTH,0590069371,15,8909.93,183.55
1343,SOTH,0062193817,7,6257.31,247.72
1344,NRTH,0860890866,15,8652.14,204.14
1345,WEST,0303435126,13,6460.06,209.16
1346,NRTH,0706074176,24,10471.38,169.68
1347,SOTH,0922086701,7,4277.22,178.98
1348,SOTH,0342372191,12,4460.36,193.87
1349,WEST,0147243809,15,8208.17,203.67
135,SW  ,0300368694,19,11154.85,180.00
1350,EAST,\N,17,8949.51,202.45
1351,WEST,10290230887,16,8714.29,208.07
1352,WEST,0020238394,17,5328.91,156.35
1353,NRTH,0571758865,20,10226.45,166.15
1354,SW  ,10974366568,15,9559.16,211.68
1355,EAST,0459077447,16,6573.07,208.33
1356,NE  ,10772256800,23,12159.38,187.46
1357,NRTH,10732934806,12,6549.97,198.70
1358,SW  ,\N,15,5765.70,186.75
1359,EAST,10344659729,13,7191.78,218.36
136,SOTH,\N,0,0.00,\N
1360,SOTH,0385176589,12,4886.56,212.19
1361,WEST,10296831273,17,8582.12,190.10
1362,WEST,0676820465,18,7088.52,148.00
1363,EAST,0544085581,23,12854.49,216.38
1364,WEST,\N,0,0.00,\N
1365,SW  ,0083192595,8,5432.01,168.12
1366,EAST,0883359820,8,4131.33,215.22
1367,WEST,10386855161,21,9154.25,195.11
1368,WEST,\N,19,11451.08,202.57
1369,EAST,10336194754,12,8212.45,193.34
137,NRTH,0131167999,13,8707.05,205.11
1370,NRTH,0241142023,18,9239.99,203.15
1371,NE  ,0289032747,20,10926.46,193.76
1372,SOTH,0338031505,16,6826.30,198.11
1373,EAST,10082080866,10,4298.94,170.46
1374,NRTH,0887752467,16,7422.73,186.94
1375,SW  ,10366759935,13,5221.83,180.14
1376,SW  ,0829621228,18,9137.38,201.66
1377,NRTH,0821959627,15,7560.75,200.29
1378,WEST,0142139534,18,11377.49,207.10
1379,NE  ,10127807104,11,6803.96,190.43
138,EAST,0845011302,10,4579.84,217.40
1380,WEST,0381132853,0,0.00,\N
1381,WEST,0787528569,16,9511.59,208.81
1382,WEST,0723602225,19,11509.61,203.90
1383,EAST,0366271821,12,6508.84,178.19
1384,EAST,0191572514,0,0.00,\N
1385,NE  ,10660863928,13,6905.94,185.36
1386,WEST,0240124494,15,10305.67,209.90
1387,SOTH,0222096099,7,3652.02,171.84
1388,WEST,10027678171,15,9759.40,186.94
1389,NE  ,0316691105,13,7114.66,194.53
139,SOTH,0846799779,16,9776.90,202.48
1390,NRTH,0928252762,13,5037.59,201.53
1391,EAST,0351237825,13,7722.15,195.04
1392,EAST,10757099319,17,7137.76,184.65
1393,SOTH,0936426159,17,16018.50,205.09
1394,SOTH,0303439088,16,8789.14,183.12
1395,WEST,\N,9,3688.42,166.18
1396,NRTH,0677559423,19,10086.28,206.81
1397,SOTH,0526371835,15,8969.95,254.21
1398,EAST,\N,19,9083.83,191.56
1399,SOTH,0456195626,18,8628.33,168.79
14,NRTH,10568132202,13,6323.16,204.10
140,NE  ,0118032515,16,9025.79,202.76
1400,EAST,0830734482,15,10814.29,222.24
1401,SOTH,0544910454,9,5529.57,174.89
1402,NE  ,0341040118,15,5258.09,171.96
1403,WEST,0781884679,19,10788.05,201.85
1404,SOTH,0940191941,17,10052.72,211.97
1405,NRTH,0775487184,0,0.00,\N
1406,NE  ,0556895122,15,6659.27,198.36
1407,SOTH,10977807054,12,6791.48,181.20
1408,WEST,0565384538,10,6271.45,220.17
1409,NRTH,0246966247,15,7143.38,183.21
141,WEST,0136105947,14,7559.86,205.81
1410,NRTH,10941265324,18,8539.39,186.18
1411,WEST,0581643744,11,5661.75,204.28
1412,SW  ,0456504247,9,3672.44,174.97
1413,WEST,0312715124,16,8189.13,212.05
1414,SOTH,0572523333,12,4851.70,212.68
1415,EAST,0485621597,0,0.00,\N
1416,SOTH,10116982506,13,6739.63,180.19
1417,NE  ,0525931052,14,9117.00,213.46
1418,WEST,10334422214,18,10583.43,207.21
1419,WEST,0810715800,14,6151.76,200.87
142,SOTH,0117095851,21,10922.83,190.86
1420,SOTH,0921971541,11,3478.67,166.18
1421,NRTH,0803318616,21,11478.97,174.80
1422,NRTH,0862379647,15,7504.43,202.15
1423,WEST,\N,21,12772.89,206.89
1424,SW  ,0178182815,17,8167.90,176.76
1425,NE  ,0497013797,17,7460.80,192.96
1426,NE  ,\N,13,5527.69,181.66
1427,WEST,0213961999,19,11900.54,188.78
1428,SW  ,10071695888,14,8551.37,184.50
1429,WEST,0881278352,25,11452.03,189.92
143,SOTH,\N,20,9224.83,179.70
1430,WEST,0707990536,15,8890.51,191.48
1431,WEST,0109867551,16,10283.71,205.02
1432,SW  ,0866831325,12,5689.34,187.49
1433,EAST,0176972398,12,7100.00,210.20
1434,NRTH,0456775928,18,10682.46,192.66
1435,NE  ,0413959531,15,5616.01,198.48
1436,SW  ,10680505229,11,3583.51,163.65
1437,SOTH,0599046021,21,10132.06,172.42
1438,SOTH,0229544484,10,4845.27,213.29
1439,SOTH,10006028563,17,9295.84,190.11
144,SOTH,\N,12,3980.48,171.27
1440,NE  ,10036000620,18,9795.28,253.83
1441,WEST,0884039248,16,9453.60,195.79
1442,SOTH,0939456267,12,6245.44,194.72
1443,NRTH,0908174201,11,5440.82,232.00
1444,EAST,0915446370,9,6595.29,209.39
1445,EAST,10630122695,11,5822.89,230.00
1446,WEST,0817432212,5,3112.02,206.13
1447,WEST,0739503930,15,6685.56,174.96
1448,WEST,0366631819,23,12242.02,175.91
1449,EAST,0195958920,0,0.00,\N
145,NRTH,10628530544,26,12242.88,190.21
1450,WEST,0494296083,19,6828.57,181.65
1451,SOTH,10407281502,17,6790.85,172.86
1452,SOTH,0213915836,19,11179.35,180.88
1453,EAST,10390426698,20,9861.10,193.17
1454,WEST,0577618107,15,11622.27,222.14
1455,EAST,10797931673,0,0.00,\N
1456,SOTH,0989903392,8,4117.37,233.26
1457,NRTH,0399735559,15,8386.36,208.64
1458,EAST,0008480736,13,5735.26,190.49
1459,NRTH,0501266959,15,8052.84,207.31
146,NE  ,0851580447,10,3768.68,202.17
1460,NRTH,10271200090,15,6439.56,162.70
1461,WEST,0967296990,9,4767.22,171.51
1462,SW  ,10178654244,16,7965.04,207.37
1463,NRTH,0057767414,21,10542.61,163.58
1464,SOTH,0000905387,24,13052.88,175.76
1465,EAST,0218315314,12,4729.70,208.13
1466,WEST,0107281279,16,6355.31,193.66
1467,NRTH,0819325320,18,8207.22,193.47
1468,EAST,0784231079,0,0.00,\N
1469,SOTH,\N,15,7517.80,211.18
147,SOTH,0888434627,9,3522.09,218.87
1470,EAST,0001708903,0,0.00,\N
1471,SOTH,\N,10,3647.95,189.24
1472,NRTH,0334032573,15,8300.22,200.46
1473,NRTH,0732656759,17,10190.89,220.51
1474,NRTH,0138232995,17,6256.52,171.60
1475,NRTH,0277722302,13,8897.05,238.55
1476,SOTH,0391767365,19,11274.08,191.97
1477,EAST,\N,17,7136.02,226.88
1478,NE  ,0488541107,12,6559.41,177.80
1479,SOTH,10954734652,14,7099.85,186.66
148,NRTH,0401902658,19,11973.29,174.40
1480,NE  ,0383202737,12,5938.61,177.46
1481,SW  ,0039312208,15,7512.31,179.36
1482,NRTH,10294952837,18,12785.11,196.87
1483,WEST,0041110761,15,8582.03,184.38
1484,NE  ,10683695518,11,8579.76,213.91
1485,EAST,0852169608,9,5334.53,192.75
1486,WEST,0231079186,17,7563.45,197.08
1487,NE  ,0976832772,14,5874.58,167.57
1488,SOTH,0705676856,11,2736.82,177.67
1489,SOTH,\N,0,0.00,\N
149,EAST,10799496315,0,0.00,\N
1490,SW  ,0352994790,11,9692.47,246.32
1491,EAST,0477152687,13,4797.93,188.23
1492,NE  ,0274547837,13,7062.02,224.67
1493,NE  ,\N,0,0.00,\N
1494,WEST,0501845574,13,8790.91,202.27
1495,SW  ,0821348247,14,8298.49,204.29
1496,NRTH,0651892005,17,9047.41,198.72
1497,SW  ,0170851134,17,7613.67,182.77
1498,SW  ,0389955840,13,7302.35,169.85
1499,SOTH,10498123804,10,2927.56,175.24
15,NE  ,0365260635,16,9358.48,205.91
150,EAST,0714403943,15,8625.45,201.88
1500,NRTH,\N,10,6454.14,190.74
151,SW  ,0620535283,18,10784.85,206.16
152,EAST,10818841563,16,6349.94,206.61
153,SW  ,\N,19,9881.70,182.08
154,EAST,0153815116,12,6075.17,187.38
155,NE  ,10487098457,0,0.00,\N
156,WEST,0663398699,13,5164.15,185.06
157,SOTH,0293310667,7,3179.38,134.39
158,EAST,0636873048,13,6595.12,177.03
159,NRTH,\N,13,7679.95,204.81
16,WEST,0545119047,15,6169.63,230.07
160,WEST,0008299923,22,12521.77,212.67
161,NE  ,10894807263,14,9430.03,225.04
162,WEST,10925683580,11,6315.69,205.08
163,WEST,0348717183,16,7143.66,182.13
164,EAST,0261259074,19,11872.66,207.68
165,WEST,0836571442,0,0.00,\N
166,EAST,0879339361,14,7389.32,221.44
167,NRTH,0815133660,16,10356.96,205.51
168,SW  ,10992303073,19,10769.95,190.56
169,SOTH,10677944609,14,7918.91,197.37
17,EAST,0836043811,12,7706.99,219.23
170,NE  ,0485238820,0,0.00,\N
171,EAST,0412834919,11,6431.07,191.56
172,SW  ,0510702777,11,8314.94,197.50
173,NE  ,\N,14,5976.28,186.34
174,EAST,0415985367,19,9188.69,217.88
175,EAST,\N,15,6393.67,177.34
176,EAST,10151857566,0,0.00,\N
177,SW  ,10404456327,18,11005.85,212.51
178,NE  ,\N,21,10198.96,174.48
179,SOTH,0147709679,22,13361.94,208.64
18,EAST,0258633898,0,0.00,\N
180,EAST,0404499880,12,6608.13,181.16
181,WEST,0772649234,19,7547.66,198.11
182,NE  ,0868253265,17,7060.58,184.21
183,SOTH,0539991949,14,7907.35,183.79
184,WEST,0595433590,0,0.00,\N
185,EAST,0972065142,17,8511.49,187.60
186,EAST,10425689202,19,10782.84,179.02
187,SOTH,10106389694,15,8847.23,214.27
188,SOTH,0503703167,17,8601.88,211.54
189,WEST,0589274064,17,5765.75,154.96
19,NRTH,10177303722,8,4899.58,225.15
190,EAST,0686069196,12,8057.50,204.51
191,NE  ,10154164462,13,5974.74,164.15
192,SW  ,0717490291,22,12825.51,211.66
193,NRTH,\N,14,9152.80,216.37
194,EAST,0786989426,14,5792.64,177.07
195,WEST,0873498494,0,0.00,\N
196,NRTH,\N,0,0.00,\N
197,SOTH,0951110186,22,10444.83,198.11
198,WEST,10205195749,10,6530.22,220.57
199,WEST,0469172971,6,2464.35,177.14
2,WEST,\N,10,4526.65,173.19
20,NE  ,10428414718,14,4915.20,158.74
200,NRTH,10394435754,15,7695.88,205.41
201,NRTH,10193763673,17,9297.11,215.50
202,WEST,0457538651,13,6166.61,206.30
203,EAST,0294801573,12,6969.35,185.03
204,NE  ,0153308283,0,0.00,\N
205,EAST,0034773472,16,10440.53,235.29
206,SOTH,10568503222,19,12753.66,185.43
207,EAST,0535844374,15,9847.35,193.78
208,SOTH,0306635834,11,5268.71,213.93
209,NRTH,10870281936,16,4732.58,158.98
21,SOTH,\N,9,2646.47,177.25
210,WEST,0995707053,11,5133.38,221.39
211,SOTH,0530452018,9,5526.32,181.93
212,NE  ,0092573170,15,5914.42,185.79
213,NRTH,\N,0,0.00,\N
214,NE  ,0890189659,20,11758.31,217.49
215,EAST,0176799196,18,9074.43,208.98
216,NE  ,0269085407,16,6090.72,184.46
217,WEST,0539633807,17,9460.32,189.84
218,SW  ,0992061988,13,6551.86,203.95
219,SW  ,0823515952,11,6349.04,219.78
22,WEST,0063215224,16,8865.96,208.11
220,WEST,0866884723,6,2225.68,169.21
221,SOTH,10219068042,11,5853.20,164.56
222,NRTH,0552955706,0,0.00,\N
223,SOTH,10054337019,24,12151.85,192.51
224,NRTH,10774305759,11,6119.40,194.77
225,SOTH,0096689473,10,5335.00,179.58
226,SW  ,\N,19,10482.48,217.14
227,NE  ,0462705171,18,11854.77,212.43
228,EAST,0612335251,15,7941.27,231.22
229,NE  ,0300347789,10,3868.98,174.86
23,NE  ,0521209849,17,5940.00,185.73
230,EAST,0810637681,15,6200.00,199.97
231,WEST,0357599735,13,6575.32,215.80
232,SW  ,10661962359,20,17009.44,214.96
233,SOTH,0723494111,12,10270.27,224.96
234,WEST,0774597473,10,5144.05,179.89
235,SOTH,0752178601,13,4038.08,148.63
236,NRTH,0440639384,11,6303.27,157.88
237,NE  ,0711060614,19,8454.85,177.88
238,NE  ,10725708356,22,12737.63,216.88
239,NE  ,10319561201,18,7683.99,181.71
24,SOTH,0104078666,16,8410.76,197.48
240,SOTH,10854059995,19,8420.80,177.14
241,EAST,0308840720,0,0.00,\N
242,SOTH,10291126537,19,8393.93,197.69
243,WEST,0250006353,16,9142.22,189.41
244,NRTH,0997613190,0,0.00,\N
245,SOTH,0693527609,15,5997.87,181.51
246,NRTH,0188751681,15,6071.19,168.78
247,WEST,\N,11,4252.44,220.52
248,SOTH,0954835612,17,8358.46,198.12
249,EAST,10492755658,16,9402.93,191.15
25,EAST,0364323393,12,5557.09,149.32
250,SW  ,0919280306,13,6150.08,191.22
251,NRTH,0150980852,9,4278.65,194.57
252,NRTH,10286682971,15,7132.67,180.34
253,EAST,\N,20,10062.49,192.99
254,NE  ,10685811060,0,0.00,\N
255,SOTH,10650407244,13,7202.14,197.53
256,SOTH,0087907572,0,0.00,\N
257,WEST,0217064188,17,8312.73,190.60
258,SOTH,0965175095,12,6742.31,217.56
259,SOTH,\N,0,0.00,\N
26,NRTH,0268227631,18,13781.89,201.54
260,NRTH,0800801470,16,8944.74,219.70
261,EAST,0960159744,15,6870.91,194.25
262,NRTH,0783068639,6,2224.20,159.86
263,NRTH,\N,14,5460.23,203.00
264,EAST,0422043490,18,9211.49,199.14
265,WEST,0584593732,13,7672.03,177.69
266,SOTH,0202379343,18,8704.68,202.60
267,SOTH,\N,21,8116.52,172.27
268,WEST,0579562681,13,7453.88,221.38
269,NE  ,10983973822,11,5435.81,205.09
27,NE  ,0994678970,12,5584.25,206.34
270,WEST,0559689063,12,6188.42,223.23
271,NRTH,0369812603,16,10567.63,199.29
272,NRTH,0810048118,12,7124.05,178.06
273,SOTH,0447221915,17,6320.08,186.07
274,EAST,0099282456,11,5131.91,218.57
275,SOTH,0600061135,18,10952.22,204.25
276,WEST,0796152940,13,6822.31,219.55
277,SW  ,10256979659,20,9480.04,198.53
278,WEST,0947912112,11,2854.29,160.74
279,SOTH,0049086585,6,5550.91,221.05
28,NRTH,0002314313,19,12866.47,210.89
280,WEST,0246980616,23,10909.01,179.33
281,WEST,0689014168,6,2930.61,168.48
282,NRTH,0984513216,14,7080.13,192.82
283,WEST,0677210736,11,5573.92,186.66
284,NE  ,0663395529,12,5747.62,197.60
285,WEST,10295000621,16,6353.60,175.67
286,EAST,0258738317,16,8778.06,237.74
287,NRTH,0435968611,11,5745.60,174.13
288,EAST,\N,22,9732.14,208.27
289,WEST,\N,12,6898.87,190.27
29,NRTH,0522559454,11,4642.10,188.20
290,NE  ,0967734470,0,0.00,\N
291,NE  ,10192580427,11,6198.27,179.99
292,EAST,0258205053,11,5481.09,187.53
293,NRTH,0371363809,24,13359.58,199.25
294,SW  ,10425956648,14,8659.60,181.44
295,SOTH,0403111666,16,8662.00,210.87
296,SW  ,0765694462,14,6193.41,226.37
297,NRTH,0098269319,10,6715.76,183.28
298,NRTH,0481942228,21,11289.16,180.76
299,SW  ,0927410329,13,6254.02,188.40
3,NE  ,10632719211,18,10585.31,206.84
30,EAST,\N,0,0.00,\N
300,NE  ,0182088279,9,5533.20,209.65
301,SOTH,\N,14,6464.48,175.63
302,EAST,0264774064,0,0.00,\N
303,NRTH,\N,9,5340.08,216.29
304,SOTH,0884264226,14,9317.44,215.11
305,EAST,10342671456,21,10716.68,172.41
306,EAST,0843817764,17,10302.87,188.66
307,NE  ,0495663087,15,7607.12,214.57
308,SOTH,10259868249,13,6462.40,177.26
309,EAST,0514574336,19,10493.84,199.49
31,NE  ,0073574218,19,7144.54,203.06
310,EAST,0981830869,14,6776.95,198.34
311,SW  ,0692596980,16,8570.98,217.74
312,WEST,0548334433,18,10579.75,210.71
313,EAST,0317217932,25,17224.03,215.35
314,EAST,0842103498,12,6409.45,205.36
315,SOTH,0322406106,0,0.00,\N
316,EAST,0795094534,6,2880.18,190.35
317,NE  ,0248952994,13,4608.23,170.45
318,WEST,0482727494,18,9817.25,192.09
319,WEST,0858459117,0,0.00,\N
32,SW  ,0042672287,12,6050.72,179.47
320,WEST,10686237617,0,0.00,\N
321,EAST,0662888128,12,7300.20,204.37
322,NRTH,\N,14,8045.42,224.50
323,NE  ,0148033880,19,10691.53,200.89
324,SOTH,0337777716,16,7842.49,226.12
325,SOTH,0412256916,16,6944.55,195.84
326,SOTH,\N,12,3922.42,161.28
327,WEST,0309957384,15,9757.61,198.91
328,SW  ,10583155818,19,11269.64,232.22
329,NE  ,0109968815,18,9201.86,177.55
33,SOTH,0424971817,12,8568.48,219.02
330,WEST,0093397288,12,5451.13,163.11
331,SW  ,0655263618,16,8789.65,193.00
332,WEST,0301812742,5,2007.81,167.12
333,SW  ,0552348887,10,4811.96,181.67
334,WEST,0142475723,0,0.00,\N
335,SOTH,0288532840,10,4344.67,175.54
336,NE  ,10942012342,16,7520.13,161.75
337,EAST,10748708337,14,8035.77,179.94
338,NRTH,10346673808,17,9969.41,194.17
339,EAST,\N,0,0.00,\N
34,EAST,0604509817,21,10689.96,196.63
340,EAST,0000725768,14,7985.10,195.25
341,NRTH,\N,10,5206.26,192.35
342,WEST,0779524067,20,13967.86,192.10
343,SOTH,\N,19,10861.36,181.56
344,WEST,0923783352,0,0.00,\N
345,NRTH,0109980341,12,5681.64,186.78
346,NRTH,0727070406,13,8322.31,193.54
347,SOTH,0674395804,15,8849.93,195.86
348,EAST,0132239057,19,7180.76,181.07
349,SOTH,10266467312,11,5652.28,178.30
35,EAST,10396776692,8,4011.90,192.64
350,SOTH,0202557660,26,16497.55,208.12
351,NRTH,0685135687,15,6655.75,177.68
352,EAST,0900840727,11,4536.43,167.62
353,EAST,10014810579,0,0.00,\N
354,NE  ,0537997228,16,7291.68,188.71
355,WEST,0549009234,20,10606.42,214.33
356,SW  ,0469747059,19,9884.32,207.77
357,SOTH,0332097676,19,9203.34,204.51
358,NRTH,10561572729,26,11434.26,182.01
359,WEST,0292036942,11,5861.13,204.64
36,NE  ,0111225158,14,6521.77,238.54
360,SOTH,0536452156,11,3994.26,178.96
361,SOTH,\N,16,8700.10,218.40
362,SOTH,0161152186,23,14485.72,189.81
363,SOTH,10983391563,14,10169.33,205.84
364,NE  ,0863651372,14,11807.87,212.39
365,WEST,\N,12,5525.35,179.96
366,SW  ,0260472583,14,7761.38,178.10
367,NE  ,0440272920,15,7926.25,231.80
368,WEST,10780841206,18,7342.56,178.53
369,SOTH,10152872361,13,5968.53,193.11
37,WEST,10770530217,12,5399.97,206.69
370,EAST,0091163279,10,4930.05,208.47
371,SW  ,\N,6,3502.56,186.02
372,WEST,10421929719,14,5391.77,191.57
373,SOTH,0627825475,13,7671.93,185.63
374,EAST,0384708210,10,6403.81,190.70
375,EAST,0326648350,17,6492.22,162.83
376,EAST,0425464250,18,7515.84,184.37
377,NRTH,0590687810,21,9852.63,171.86
378,WEST,0238680070,16,6258.16,180.83
379,SW  ,0872680546,7,4569.92,204.95
38,WEST,\N,15,5474.27,219.38
380,NRTH,10890514408,11,5062.42,181.79
381,NRTH,0777851703,18,9032.63,190.93
382,EAST,10295259429,10,6816.91,217.48
383,WEST,0591297450,10,3423.75,163.84
384,NRTH,0855984774,17,8393.64,198.11
385,EAST,10520420638,19,10189.48,183.49
386,WEST,\N,0,0.00,\N
387,SOTH,0627053322,12,4652.05,171.74
388,NE  ,0235591393,16,8710.54,207.42
389,SOTH,10792534314,7,3691.42,196.08
39,EAST,0281272327,16,9330.94,210.86
390,SW  ,0870161616,15,7539.42,193.32
391,EAST,0234944315,18,11059.56,198.33
392,NRTH,10986533352,17,6722.68,194.23
393,NE  ,0401140044,15,6738.35,182.93
394,NRTH,0469083854,11,3022.27,185.19
395,SW  ,10788121101,12,7796.18,219.20
396,SW  ,0341682804,11,4419.32,201.12
397,EAST,0343080569,14,8177.17,177.58
398,SOTH,0267942460,11,3674.48,165.37
399,WEST,0450599217,15,10225.32,203.05
4,EAST,10819795579,0,0.00,\N
40,EAST,0741976666,17,8068.71,170.75
400,NE  ,\N,13,8288.48,202.41
401,SOTH,10035876704,22,9487.40,207.24
402,EAST,0172769884,15,4865.82,182.84
403,SW  ,0756456108,25,13496.11,201.86
404,NRTH,\N,11,7674.18,213.25
405,WEST,0053295652,13,4836.30,191.92
406,WEST,\N,18,9960.08,183.73
407,EAST,10685252000,16,12491.19,223.87
408,NRTH,10709786356,9,6186.53,176.47
409,EAST,0478647558,0,0.00,\N
41,NRTH,\N,9,4432.09,188.23
410,WEST,\N,14,6908.81,199.86
411,EAST,0812239392,10,3360.18,197.65
412,NE  ,0253018691,0,0.00,\N
413,EAST,0179491823,13,4758.28,192.34
414,EAST,0883221403,0,0.00,\N
415,EAST,10592763677,20,7681.84,167.93
416,SW  ,0450535448,18,10026.00,203.23
417,SW  ,10931444476,27,16472.26,198.39
418,SW  ,10184898049,16,9387.78,181.72
419,NRTH,0052925780,0,0.00,\N
42,SOTH,0379759538,15,6334.32,186.25
420,EAST,0904999611,20,8753.35,183.17
421,NRTH,10475786397,19,10126.07,182.88
422,SOTH,0437195843,16,10422.69,227.37
423,NE  ,\N,20,8972.76,175.16
424,NRTH,0215528733,14,6254.84,211.02
425,SOTH,0498450776,0,0.00,\N
426,EAST,0190679038,8,2890.07,165.97
427,WEST,0415071728,16,6544.60,194.71
428,SOTH,0439705006,0,0.00,\N
429,NRTH,0009087862,12,6460.69,211.92
43,NRTH,\N,0,0.00,\N
430,NRTH,10492845370,0,0.00,\N
431,WEST,10905469241,21,10242.67,179.19
432,EAST,\N,0,0.00,\N
433,WEST,0821921869,19,8140.35,180.02
434,NRTH,10317403063,20,11896.98,193.98
435,SW  ,0368472812,10,5816.02,166.08
436,NE  ,0902628927,18,9814.23,190.86
437,NE  ,10965928653,12,7434.10,208.97
438,WEST,10355749066,17,7774.18,159.47
439,SOTH,0626608478,11,3974.64,140.07
44,WEST,0116066793,20,14341.02,221.71
440,NE  ,0935067146,18,10329.12,218.37
441,SW  ,0925988445,14,5278.56,195.88
442,EAST,\N,20,10843.14,203.68
443,SOTH,0465694083,19,7757.26,164.47
444,WEST,10784539206,12,7393.54,189.63
445,WEST,10941655622,13,7655.05,201.42
446,NRTH,10320192227,22,10353.88,162.96
447,NRTH,10526325353,12,4552.08,205.42
448,SOTH,0140881133,14,4970.04,161.59
449,EAST,10687539531,13,9711.63,208.15
45,SOTH,0881044229,16,7015.87,165.13
450,EAST,\N,14,8662.56,234.58
451,NE  ,0164418972,11,6960.42,200.18
452,NRTH,0289885759,12,7452.98,186.04
453,WEST,0534443249,10,4865.32,215.75
454,EAST,0042311558,15,9376.63,232.36
455,SOTH,\N,0,0.00,\N
456,EAST,\N,14,5594.30,209.20
457,SOTH,0053773200,11,5586.12,188.27
458,EAST,0124447810,11,7472.74,220.83
459,NRTH,0960491718,19,12695.31,192.98
46,EAST,10830353157,19,9209.43,214.67
460,EAST,\N,22,13203.46,194.89
461,SOTH,0855675121,14,7870.21,205.13
462,EAST,0518268171,13,6562.10,198.35
463,NRTH,0121265692,14,4113.21,163.36
464,WEST,0619172154,14,7487.94,224.07
465,SOTH,0726166835,13,6827.26,237.52
466,NRTH,0914689681,10,5869.18,223.30
467,SOTH,0054063666,10,6944.16,195.26
468,EAST,0615291571,19,11188.42,219.06
469,EAST,0019079456,23,12919.43,207.27
47,WEST,0280477683,14,5191.41,191.59
470,SW  ,0955749296,14,8439.56,204.33
471,WEST,0356452891,18,7945.24,185.79
472,EAST,\N,19,8596.83,168.60
473,EAST,0528734252,16,10951.37,206.72
474,WEST,0129649816,21,11610.20,198.63
475,EAST,\N,11,6086.46,208.53
476,SOTH,0144564312,6,3046.18,175.11
477,SW  ,0838679870,17,8468.67,215.48
478,NRTH,0345577110,17,7780.87,159.04
479,NRTH,0486239368,11,7220.53,195.88
48,EAST,10782269302,17,6165.56,173.48
480,NE  ,10670194841,18,11398.48,178.14
481,NE  ,0346154387,13,5708.89,196.89
482,NE  ,0453533911,16,11110.11,206.17
483,WEST,0805505027,17,8629.48,180.38
484,WEST,10034688715,10,4966.43,205.57
485,SOTH,10857728325,0,0.00,\N
486,NRTH,0057769665,13,5929.91,171.21
487,EAST,0647881832,17,13564.13,206.55
488,SOTH,0079960473,14,8657.44,199.48
489,WEST,0283725108,13,6036.01,197.03
49,SW  ,0761052404,17,7315.17,198.80
490,EAST,0166221352,16,7927.82,208.66
491,SOTH,10078255153,19,10729.68,204.69
492,NE  ,0576637967,18,9598.57,197.01
493,EAST,0808157894,13,8660.62,192.60
494,EAST,0689626099,8,7570.13,196.53
495,EAST,10777362892,0,0.00,\N
496,SOTH,0699573076,21,13213.43,201.30
497,NE  ,\N,19,7792.39,158.82
498,EAST,0754564401,0,0.00,\N
499,WEST,0040680121,16,6005.48,187.52
5,EAST,0046654552,19,8429.97,187.80
50,NRTH,10988670177,11,6775.05,240.52
500,SW  ,0437692362,19,13440.34,209.43
501,WEST,0574274037,14,6539.32,205.07
502,EAST,10113962171,14,4579.19,167.63
503,SOTH,0709446097,19,10923.18,198.04
504,NRTH,0680801356,18,8933.22,182.03
505,NE  ,0044853569,17,8249.53,217.72
506,SOTH,0972410695,14,6403.75,165.99
507,EAST,0609125837,13,8303.50,236.25
508,WEST,0211975522,13,4766.87,197.17
509,WEST,\N,18,9624.29,193.16
51,NE  ,0350236225,13,8192.18,212.20
510,SW  ,10163632841,13,10396.87,221.53
511,WEST,0237861414,16,9073.89,181.32
512,SOTH,10831899691,18,6247.87,192.42
513,WEST,10210917183,15,9103.79,183.38
514,WEST,0872568129,16,5787.36,157.11
515,NE  ,0832361696,15,7964.25,218.42
516,SOTH,10426044822,13,7355.54,220.91
517,NE  ,0192355674,16,10405.10,241.29
518,SOTH,10283851293,16,7461.76,175.71
519,NRTH,0946559235,15,6518.39,196.80
52,NRTH,0969380073,11,7268.79,233.09
520,NE  ,0282733476,0,0.00,\N
521,NE  ,0974144142,9,6853.56,262.41
522,SOTH,\N,14,7287.09,178.64
523,EAST,0227114760,13,7105.60,200.94
524,NRTH,0517024564,18,9390.64,199.92
525,WEST,\N,13,5999.13,197.44
526,SW  ,\N,12,4699.69,178.37
527,WEST,0651252216,13,8684.00,228.64
528,SW  ,0880954894,18,11857.39,190.47
529,EAST,0073919503,15,8566.13,214.15
53,WEST,10843702118,15,9736.09,215.39
530,SOTH,0541551915,15,8482.57,228.36
531,SOTH,0942479718,8,4217.19,167.42
532,NRTH,0939335444,14,9921.75,213.00
533,NRTH,0796065791,14,8841.89,212.63
534,EAST,0583826742,12,4904.93,183.04
535,NE  ,10220566645,13,6932.98,209.48
536,SW  ,0575638242,12,10249.41,200.20
537,SOTH,0598678367,18,7284.87,167.03
538,WEST,0757519068,0,0.00,\N
539,SOTH,\N,20,11704.53,193.50
54,NRTH,10712807629,15,5256.86,206.82
540,NRTH,0005680775,19,14133.59,204.05
541,EAST,0085942015,13,7240.99,199.51
542,SW  ,0880713897,0,0.00,\N
543,NE  ,0841770040,19,9270.10,174.26
544,SOTH,10093246752,19,11417.80,196.65
545,SW  ,0791267770,12,6894.65,221.01
546,EAST,0208869838,12,6523.90,198.82
547,NRTH,0599825163,17,12081.77,200.63
548,NE  ,0475419205,11,5132.91,176.13
549,SOTH,0925590448,12,6383.86,171.06
55,SOTH,0049621604,9,4579.44,211.25
550,SOTH,10442839009,11,8683.46,207.86
551,WEST,10804005131,0,0.00,\N
552,EAST,10616019237,16,8336.51,174.78
553,SOTH,10937100120,17,9875.25,196.53
554,NRTH,\N,15,9375.37,193.96
555,NE  ,10398569245,14,7908.13,216.24
556,NRTH,0238470307,12,2413.66,165.72
557,NE  ,0422750321,28,13838.53,207.33
558,WEST,0407407714,20,9989.37,218.89
559,NE  ,10506103226,12,4835.18,194.53
56,NRTH,0747704681,19,10189.50,195.33
560,NRTH,10430133026,19,7082.57,196.08
561,EAST,0596291839,18,7642.55,159.95
562,SOTH,0536439085,0,0.00,\N
563,WEST,0609707672,11,5365.97,161.92
564,SOTH,0676309403,17,8834.77,190.29
565,EAST,10869747935,13,8014.07,208.86
566,SW  ,0697787747,14,5004.93,197.32
567,SOTH,0307652347,19,9885.22,179.08
568,NRTH,0911500262,10,5800.97,184.58
569,EAST,0650027161,17,8989.21,177.89
57,EAST,0863406382,0,0.00,\N
570,NRTH,0024804609,0,0.00,\N
571,SOTH,0102600029,21,11413.82,190.87
572,NRTH,0089390303,15,7447.54,197.06
573,WEST,0305130880,13,5438.11,181.36
574,WEST,0349182252,16,7483.89,183.72
575,NRTH,0641651145,21,12741.01,206.57
576,EAST,0864048388,18,9082.03,176.54
577,NRTH,\N,14,7144.81,211.50
578,WEST,0738487369,13,6595.47,205.21
579,WEST,10007750253,0,0.00,\N
58,NRTH,10600141462,20,8180.99,175.79
580,SOTH,0693627337,12,9475.22,224.36
581,NRTH,10858949509,12,6653.49,209.87
582,SOTH,0310950586,20,8815.85,188.75
583,SW  ,0020825650,17,8635.87,205.00
584,EAST,0767935795,10,5690.23,187.11
585,WEST,10451232519,17,8260.43,207.11
586,WEST,\N,14,6386.92,166.08
587,NRTH,0194995530,14,4791.46,188.82
588,EAST,0475625690,19,10522.14,193.94
589,EAST,0223818407,14,10828.11,211.92
59,NRTH,0807214179,18,7793.28,209.85
590,NRTH,0590106975,18,9289.09,198.87
591,EAST,0233848350,9,3420.70,183.99
592,NRTH,0424995927,0,0.00,\N
593,EAST,0536784164,0,0.00,\N
594,EAST,0849830412,17,9538.22,175.00
595,SOTH,\N,27,14219.44,199.23
596,WEST,10600248296,19,8745.81,169.94
597,NE  ,10502935000,8,5775.78,220.79
598,NE  ,10879843968,15,8037.78,208.65
599,NRTH,0390922764,6,5013.83,244.38
6,NE  ,10664130526,11,6779.61,177.91
60,WEST,\N,12,8104.98,201.32
600,NE  ,10165497448,0,0.00,\N
601,EAST,0047005473,19,13183.55,190.52
602,SOTH,\N,0,0.00,\N
603,NE  ,0274811907,18,13430.32,195.08
604,SOTH,0893436624,17,6419.10,180.64
605,NE  ,0852818991,17,6854.76,193.46
606,WEST,0557793068,18,12060.52,219.81
607,SOTH,0612062546,0,0.00,\N
608,SW  ,0754357762,15,6059.91,195.21
609,NE  ,0573271266,15,9081.71,180.43
61,NE  ,0248315126,13,7232.07,187.39
610,EAST,10462340417,16,4982.35,187.92
611,NE  ,0485764529,9,3486.18,179.35
612,SW  ,10955978714,15,4741.99,190.14
613,EAST,10740580333,19,9647.43,206.48
614,WEST,10148614668,16,8927.41,206.64
615,WEST,\N,13,3902.56,189.90
616,EAST,0886594254,18,12306.80,216.26
617,EAST,10359048149,11,4748.22,188.71
618,SOTH,0680631093,15,6837.47,189.14
619,NE  ,0539449617,13,7043.47,168.10
62,NRTH,0500282414,15,9236.05,190.70
620,SW  ,0238462628,15,8586.51,180.58
621,EAST,0800275928,11,7393.62,219.23
622,NE  ,0139989275,18,10119.02,210.15
623,SW  ,0789917232,14,3522.15,137.63
624,SW  ,\N,17,8540.04,188.35
625,EAST,10025991885,21,11332.60,197.62
626,SOTH,0250707551,13,7442.04,195.87
627,WEST,0995068433,0,0.00,\N
628,EAST,0505936741,11,7522.38,187.81
629,NE  ,0589269569,20,11414.32,158.71
63,SW  ,0822050912,10,5564.22,133.43
630,NRTH,0565646221,16,8508.10,208.28
631,SW  ,\N,0,0.00,\N
632,WEST,10020485196,12,7696.95,232.66
633,NRTH,10106948671,16,5350.57,175.62
634,SOTH,0602033662,0,0.00,\N
635,SOTH,10019727026,15,9971.36,208.19
636,NE  ,10671939435,15,4613.23,159.89
637,SOTH,0421815818,21,13312.54,221.31
638,SOTH,10335418436,13,7667.19,224.28
639,SW  ,0217228954,0,0.00,\N
64,NRTH,0788807316,15,11316.27,203.19
640,NRTH,0340908961,16,8390.57,187.02
641,EAST,10821879587,13,5949.81,164.41
642,SOTH,0201792175,17,9406.66,196.31
643,SW  ,10028008008,16,9978.08,206.12
644,NE  ,10697468922,11,7698.78,189.74
645,NRTH,0034606221,14,6989.45,194.18
646,SOTH,0071013341,16,8579.58,198.06
647,EAST,0459084418,19,10110.20,204.21
648,NRTH,0614109940,13,8488.59,197.08
649,SOTH,0789382867,0,0.00,\N
65,WEST,0729223044,18,6893.27,195.04
650,WEST,10327012523,18,8868.08,181.34
651,NE  ,0693746209,17,9949.91,219.03
652,SW  ,10444055921,10,4868.03,198.39
653,SOTH,0742725930,16,5874.81,171.84
654,SOTH,\N,24,8182.76,150.01
655,NE  ,\N,10,6697.92,204.00
656,NRTH,0055094221,6,5755.20,226.26
657,NRTH,0217810361,15,9866.27,200.77
658,SOTH,0006174601,0,0.00,\N
659,NRTH,\N,0,0.00,\N
66,SW  ,\N,16,7190.18,191.93
660,WEST,10701450705,16,7863.91,200.11
661,EAST,\N,15,8323.75,176.93
662,SW  ,0603633171,14,7796.78,190.12
663,EAST,0963715263,8,6001.70,204.38
664,WEST,10745841941,18,9840.59,197.97
665,SW  ,\N,17,9712.45,197.69
666,SW  ,10910316138,11,6337.49,236.35
667,SW  ,0782956156,0,0.00,\N
668,SOTH,\N,13,8665.95,202.45
669,SW  ,10358406707,20,11335.03,211.39
67,NRTH,0195130056,19,13090.45,214.15
670,SOTH,10072838419,11,4996.31,162.06
671,EAST,0777814971,11,7724.94,196.48
672,SOTH,0693263796,20,8884.25,206.20
673,SOTH,10060153467,9,4314.58,163.53
674,SOTH,10858494527,18,8252.50,212.91
675,EAST,0904526316,10,4100.26,177.01
676,WEST,0291518128,16,8213.07,216.92
677,SOTH,0324611800,19,11616.37,216.79
678,EAST,0857946858,13,6577.34,206.54
679,SOTH,0351476453,15,10090.75,187.85
68,EAST,10407083673,12,7728.86,233.98
680,WEST,0928582881,10,6031.55,214.09
681,EAST,10110705823,17,8330.08,184.10
682,EAST,10297050178,0,0.00,\N
683,NRTH,0016381768,15,6370.16,226.77
684,NRTH,0183905107,0,0.00,\N
685,WEST,\N,0,0.00,\N
686,WEST,0192181526,14,7627.09,207.55
687,NE  ,0811472797,18,9162.45,227.66
688,SOTH,0762588517,15,7788.16,200.85
689,SW  ,0420989391,13,3741.59,183.20
69,EAST,\N,12,8044.54,219.21
690,SOTH,\N,14,7117.82,191.72
691,NRTH,0649012758,13,6565.47,169.96
692,NE  ,0572031195,0,0.00,\N
693,NE  ,0412119784,10,6094.73,200.26
694,SW  ,0253568773,13,8249.48,189.12
695,SW  ,0596020884,18,8953.41,188.76
696,EAST,\N,0,0.00,\N
697,SOTH,\N,13,7534.22,203.98
698,NRTH,0418740692,14,8483.56,198.07
699,SW  ,10466784595,11,4721.33,179.52
7,SOTH,0918390409,11,5504.89,200.61
70,EAST,0265518424,19,10080.21,189.18
700,WEST,0589360922,0,0.00,\N
701,WEST,0754005004,0,0.00,\N
702,NRTH,0711340600,8,2343.67,180.28
703,NRTH,0937092815,16,8640.69,186.14
704,SOTH,0145788098,10,5115.18,173.34
705,SW  ,0487902225,17,7783.56,219.57
706,SOTH,0007977894,9,4392.43,182.66
707,NE  ,0040657269,14,5502.64,181.36
708,NRTH,10805931508,0,0.00,\N
709,SOTH,10578958595,22,10044.00,175.27
71,NRTH,0605557720,14,6114.02,207.37
710,SOTH,10503834447,14,9974.00,201.84
711,NRTH,10641707324,0,0.00,\N
712,SOTH,10055426425,11,5201.20,199.31
713,SOTH,10082530219,19,11277.13,193.80
714,WEST,0648348443,14,7401.82,209.59
715,EAST,0752451295,18,8925.61,196.96
716,EAST,0882319181,12,6461.28,213.89
717,SOTH,0179619035,0,0.00,\N
718,WEST,\N,16,8528.70,165.44
719,NE  ,0757640614,14,7046.37,208.25
72,SW  ,0771330207,15,8163.19,182.17
720,WEST,0338968079,20,11868.50,211.78
721,SW  ,0286783352,11,8668.12,221.43
722,SOTH,10558294552,10,3371.95,172.92
723,NE  ,0893019801,15,8401.91,191.40
724,EAST,0270471388,14,8380.37,217.25
725,SW  ,0685136281,13,6139.22,184.67
726,NRTH,0198393790,17,12283.67,218.35
727,EAST,0296764585,13,6062.79,187.62
728,NRTH,0066987938,12,6089.56,193.82
729,WEST,0527982241,0,0.00,\N
73,SW  ,0618257024,15,7295.06,189.76
730,NRTH,0234490716,10,4714.55,216.49
731,WEST,\N,16,6111.64,195.17
732,SOTH,0000931617,18,10045.74,215.94
733,NRTH,\N,15,9490.69,205.56
734,NRTH,0838524752,12,5166.55,187.34
735,EAST,10385385619,11,6906.03,247.73
736,EAST,0365139645,11,6450.70,212.53
737,NRTH,\N,16,9902.52,231.69
738,EAST,0950491458,15,7148.55,170.26
739,WEST,0417435960,13,6433.15,203.71
74,SW  ,\N,0,0.00,\N
740,NE  ,0017629000,12,5357.41,185.82
741,EAST,0716525550,0,0.00,\N
742,EAST,0524946696,18,6455.69,186.60
743,NRTH,10053641985,19,12267.28,206.55
744,SW  ,0114172256,14,8991.95,206.08
745,SOTH,0897536437,21,9783.75,189.22
746,SOTH,0360244389,16,7838.78,201.15
747,EAST,0261611400,15,6308.90,148.73
748,WEST,\N,14,6570.59,209.85
749,NRTH,0221362854,22,12416.04,186.18
75,EAST,0397897455,30,17318.16,193.04
750,SOTH,0040395469,12,6076.79,170.11
751,EAST,\N,14,8809.58,209.17
752,NE  ,0827136912,15,6347.22,227.04
753,SOTH,0719560168,10,4592.70,180.97
754,NRTH,0864527175,17,7884.99,190.48
755,NRTH,0124623936,15,8056.44,196.05
756,NRTH,10964620400,14,12757.56,242.12
757,EAST,0934033311,0,0.00,\N
758,SW  ,\N,25,17879.06,194.90
759,NRTH,0772902148,21,11513.43,191.34
76,SOTH,0388896443,11,6908.17,197.11
760,EAST,\N,0,0.00,\N
761,SOTH,10816408414,0,0.00,\N
762,SW  ,0092851105,19,9729.54,188.31
763,SOTH,\N,11,4297.83,195.31
764,EAST,0957587252,18,13470.96,224.23
765,WEST,0787564180,13,6480.04,209.16
766,SOTH,0599670808,11,4816.95,161.20
767,EAST,0097420069,9,3342.51,214.75
768,SW  ,\N,0,0.00,\N
769,NRTH,0755809082,0,0.00,\N
77,SW  ,0499154414,14,6051.67,200.64
770,NE  ,10808407344,15,5870.39,183.34
771,SW  ,10058853584,16,9229.48,214.82
772,SOTH,\N,11,4915.90,198.17
773,NRTH,0121931627,13,7249.04,192.32
774,EAST,0540699840,18,8960.34,203.17
775,SOTH,0890733087,15,6347.13,176.42
776,SW  ,0744342619,12,7096.86,188.80
777,EAST,0309637808,19,11440.20,195.13
778,SOTH,0559084094,11,4356.21,177.40
779,EAST,0692224650,20,9716.14,172.04
78,SOTH,0484044963,13,8558.28,190.50
780,NE  ,10368070623,13,7324.96,206.70
781,WEST,10847556242,17,6481.66,193.86
782,EAST,0050808323,20,10061.47,196.54
783,NE  ,0188290663,21,10989.84,201.83
784,SW  ,0396932442,14,5967.64,157.06
785,EAST,0579677338,17,11618.29,215.08
786,SOTH,10996229787,15,5960.08,156.19
787,SOTH,0809774911,12,3936.19,165.25
788,EAST,0149704623,16,8622.14,215.27
789,EAST,0652997384,9,5433.34,228.43
79,WEST,0195249057,18,5337.91,176.22
790,WEST,0478306974,9,5091.05,219.19
791,SW  ,10060180666,0,0.00,\N
792,NRTH,\N,20,7592.19,200.31
793,SOTH,0446257594,25,11449.08,193.02
794,NRTH,0154231505,17,9706.00,173.35
795,SW  ,\N,12,6246.71,210.67
796,NRTH,0609795510,11,5973.95,215.64
797,NE  ,\N,11,5257.60,184.51
798,NE  ,0849565526,13,8485.70,217.29
799,WEST,0973661776,17,12881.46,194.54
8,EAST,10224956459,11,3864.07,205.50
80,WEST,0296641124,13,7187.43,202.16
800,EAST,0623914616,12,8356.55,220.56
801,EAST,0617684683,11,6110.02,185.14
802,EAST,10145489216,13,7927.37,165.83
803,EAST,0568666911,19,10210.19,205.14
804,SW  ,10936778687,15,8960.59,224.20
805,EAST,0377559154,19,12468.89,210.12
806,SOTH,0977951151,8,3460.17,189.75
807,NE  ,0564415423,11,4761.08,157.07
808,NRTH,10334549462,18,8212.11,184.26
809,WEST,0127342442,15,8738.91,220.55
81,NRTH,0258045858,12,7369.46,193.79
810,WEST,0084401435,14,8871.92,201.50
811,WEST,0045652216,8,3448.85,195.41
812,EAST,\N,16,5034.75,169.70
813,SW  ,0214774593,14,6190.12,203.87
814,WEST,0172397121,15,8921.45,212.17
815,NE  ,0302641424,13,5059.23,180.51
816,SOTH,10509721894,10,5893.16,191.86
817,NRTH,0455365152,15,10964.99,205.39
818,EAST,\N,0,0.00,\N
819,NE  ,\N,18,12124.70,233.57
82,EAST,0742800803,13,6350.27,191.05
820,SW  ,0903113703,12,5457.87,209.33
821,SOTH,0861609527,18,10381.17,197.77
822,SOTH,0561204449,15,6889.49,184.84
823,NRTH,10213767380,10,3680.80,205.75
824,SOTH,10299056778,13,5406.37,215.72
825,SOTH,10520263193,0,0.00,\N
826,WEST,0674708255,18,8071.27,171.87
827,SOTH,10410849034,12,8318.25,208.13
828,NE  ,10216822569,16,10705.78,219.64
829,NE  ,\N,0,0.00,\N
83,NE  ,10800942073,20,10137.98,197.50
830,NRTH,0404088307,15,7779.97,174.87
831,NRTH,0335501022,18,7933.83,193.71
832,SOTH,0544048929,0,0.00,\N
833,WEST,\N,21,8913.71,204.97
834,SW  ,10671252921,13,10014.08,216.73
835,NRTH,\N,15,6187.82,199.54
836,EAST,\N,20,8034.77,177.19
837,SOTH,0967881453,10,3882.69,183.80
838,EAST,0346197308,8,3709.35,234.33
839,SOTH,10716601935,17,10855.80,216.72
84,WEST,10206785808,13,6689.59,188.99
840,SOTH,0845195456,13,6673.97,183.00
841,WEST,0615813155,17,6666.26,210.38
842,SW  ,0608197748,6,2179.32,173.67
843,NE  ,10579764298,16,7013.74,178.28
844,NE  ,0674142288,13,5439.61,207.25
845,NE  ,0973707553,15,8082.20,222.56
846,EAST,10161568779,20,7892.24,182.79
847,SOTH,0308211790,13,7515.49,224.51
848,SOTH,0029747132,22,13478.90,200.19
849,NE  ,0972440326,10,5640.30,221.65
85,SOTH,10633064117,15,6174.82,176.38
850,WEST,0188962695,0,0.00,\N
851,EAST,0931118610,19,12635.97,212.09
852,NRTH,0613077996,12,7299.52,211.10
853,EAST,10830207388,17,8092.62,173.50
854,NRTH,0188070455,9,4769.01,168.24
855,SOTH,10121291327,14,5311.39,179.51
856,NRTH,10394857051,19,10220.11,186.59
857,SOTH,10332074523,0,0.00,\N
858,SOTH,\N,9,5721.82,199.76
859,EAST,0922791690,23,12675.77,191.86
86,EAST,0760229059,12,5898.51,204.45
860,WEST,0883901883,14,7843.30,196.41
861,EAST,0543672548,18,10625.20,200.28
862,WEST,0197288915,22,9900.52,181.27
863,SOTH,0088295994,18,9247.74,187.45
864,EAST,0789385047,17,7211.73,197.14
865,SOTH,0195302103,17,11093.94,217.77
866,WEST,0672836002,0,0.00,\N
867,WEST,\N,10,4670.67,174.91
868,EAST,0609072427,0,0.00,\N
869,SOTH,0218125679,15,8605.17,187.56
87,NRTH,\N,0,0.00,\N
870,SOTH,0919485633,15,7307.49,227.19
871,NRTH,0156704945,17,8210.77,199.32
872,SOTH,0694963903,11,5082.41,191.72
873,NRTH,0760695792,16,6578.79,168.24
874,NE  ,\N,15,8200.06,195.24
875,WEST,10409028714,15,8391.67,208.56
876,SW  ,0540893920,13,7530.42,207.35
877,EAST,0464854683,15,7578.56,178.30
878,SOTH,0994539454,15,6180.99,173.69
879,NE  ,10177150029,12,6735.27,230.38
88,SOTH,10055165334,12,6476.71,183.81
880,WEST,0246810881,19,7641.74,166.59
881,NRTH,0995580228,14,7264.91,196.45
882,SOTH,0930804567,16,10002.46,212.28
883,NRTH,10883229699,14,6507.85,187.07
884,NE  ,0988286147,13,9840.92,230.26
885,WEST,0730831002,15,8719.03,205.41
886,NRTH,\N,16,8224.35,193.39
887,WEST,0353719460,12,5593.82,203.28
888,SW  ,10052272164,0,0.00,\N
889,EAST,0257784072,12,6595.96,205.18
89,NRTH,\N,17,6777.97,178.69
890,NRTH,0808053607,19,12112.67,205.61
891,SW  ,10103198935,13,9005.32,218.85
892,SOTH,0454268579,13,6359.07,184.61
893,NRTH,\N,16,9617.13,174.24
894,NRTH,0694952969,10,6906.36,232.72
895,WEST,10734776489,19,9646.02,199.02
896,SW  ,0984945540,0,0.00,\N
897,EAST,10610398824,14,8272.98,210.31
898,EAST,0195644490,13,6400.78,196.75
899,SW  ,10483127884,12,7687.18,219.79
9,NE  ,10407437181,12,5531.15,201.54
90,SW  ,\N,18,7843.25,193.19
900,NRTH,10648596832,20,9006.32,184.26
901,WEST,\N,12,5869.76,189.00
902,SW  ,10873094351,14,8048.64,211.06
903,EAST,0204872179,18,10119.55,213.44
904,SOTH,0697652827,16,12647.92,224.67
905,WEST,0452989372,9,3208.70,152.65
906,SOTH,\N,13,9586.67,240.39
907,SW  ,\N,9,4946.64,241.32
908,SOTH,10595179948,13,8979.69,225.46
909,SOTH,10453123931,16,8371.22,232.44
91,NE  ,10475368059,16,8207.32,222.66
910,EAST,10693830293,20,10565.74,192.97
911,WEST,0470417771,8,5530.34,175.59
912,NRTH,0419157914,11,8294.24,220.52
913,NRTH,0741630844,0,0.00,\N
914,NRTH,0851995296,12,6022.50,189.90
915,WEST,0383372937,0,0.00,\N
916,EAST,\N,0,0.00,\N
917,WEST,0826108943,13,4890.51,185.34
918,NE  ,0758496505,0,0.00,\N
919,EAST,0921686459,16,7115.98,224.21
92,SW  ,\N,14,9500.57,227.53
920,EAST,10168612410,17,7437.80,222.34
921,NRTH,0147932060,16,6786.20,187.91
922,SOTH,0542264030,15,5643.14,177.34
923,SOTH,0568707653,9,6457.49,224.74
924,NRTH,10554217523,0,0.00,\N
925,EAST,0829328811,0,0.00,\N
926,SW  ,10765974687,19,9674.20,198.05
927,EAST,0966591543,21,15921.19,224.10
928,EAST,10945939364,0,0.00,\N
929,NRTH,0304865220,17,10554.55,220.74
93,WEST,0186630878,10,6029.91,225.14
930,NRTH,\N,20,10338.98,194.18
931,WEST,0118586088,15,7004.64,179.27
932,WEST,0614647698,22,9924.86,202.15
933,EAST,0842661053,16,6215.95,181.76
934,EAST,10883520645,19,10006.87,224.45
935,EAST,\N,16,8460.93,213.55
936,EAST,0432453497,16,8929.22,216.43
937,SOTH,0447666960,11,5450.55,226.88
938,NRTH,0126763976,12,9335.26,211.20
939,EAST,0118472553,8,4957.65,188.40
94,WEST,10759088046,22,9137.60,178.09
940,EAST,10402073105,10,5011.82,186.44
941,SW  ,\N,15,7623.40,182.11
942,NRTH,\N,0,0.00,\N
943,SOTH,10485733343,0,0.00,\N
944,NE  ,0716422822,14,6226.66,169.75
945,SW  ,0249991019,6,3544.40,231.21
946,EAST,10614174731,19,12375.67,204.29
947,SW  ,0056773435,16,9243.73,173.86
948,NE  ,0295238760,12,3635.34,192.45
949,NE  ,0632319072,18,9423.52,179.63
95,WEST,0212406764,12,5936.06,221.15
950,NRTH,10923040452,15,8573.73,214.52
951,NE  ,10196139268,16,6820.50,155.31
952,NRTH,0349278231,17,14013.28,213.04
953,EAST,10958863287,19,12269.95,198.83
954,SOTH,0629243930,13,8809.48,226.54
955,WEST,0593909246,20,13546.10,209.08
956,WEST,0629398143,20,10409.78,185.73
957,SW  ,0908683924,20,11323.03,190.72
958,SOTH,0978707870,13,4734.39,187.49
959,NRTH,\N,0,0.00,\N
96,NRTH,\N,20,8833.44,181.25
960,EAST,10547960971,10,5214.80,186.73
961,EAST,0891740555,7,4062.25,218.18
962,SOTH,10861201669,13,6964.71,209.16
963,SOTH,10345356445,11,4055.75,163.96
964,NRTH,0004594803,12,4656.56,190.14
965,NE  ,0696962892,23,10695.10,208.69
966,EAST,0384362791,0,0.00,\N
967,SOTH,0477361628,14,7354.61,225.82
968,SOTH,10671342645,9,4503.45,198.85
969,EAST,0971207628,11,4887.58,185.24
97,EAST,0751333320,12,7876.35,224.12
970,WEST,0183048386,15,8130.47,178.48
971,SW  ,10136827900,9,7254.00,213.00
972,SOTH,10744087852,13,7745.96,220.50
973,NRTH,0346817822,9,3756.94,162.46
974,NE  ,0555400377,8,6711.32,159.36
975,NRTH,0005539736,15,7437.02,176.38
976,NRTH,0211394879,20,6696.20,174.95
977,SOTH,10636225068,10,5167.99,223.85
978,SOTH,10882222571,8,3594.67,177.51
979,EAST,0091842179,12,4445.86,191.70
98,EAST,\N,12,6582.78,212.09
980,NRTH,0474506277,14,8611.89,217.45
981,EAST,0316664467,9,5999.46,190.56
982,SW  ,\N,21,11080.88,185.84
983,EAST,0352395271,14,6967.51,205.33
984,SW  ,10275185107,22,13916.43,205.52
985,SOTH,0064951915,0,0.00,\N
986,SW  ,0158279275,11,6744.07,178.29
987,WEST,0728319480,22,11329.49,207.32
988,EAST,0687790466,20,8402.13,200.71
989,SOTH,10914837354,17,11137.39,198.42
99,EAST,0897603725,15,5210.16,177.31
990,EAST,0977688134,17,10430.46,180.51
991,SOTH,0256644737,0,0.00,\N
992,SOTH,10007221330,18,8874.59,192.31
993,NRTH,10677890337,15,9535.85,193.48
994,WEST,0281319126,15,9202.16,200.13
995,SOTH,0281093372,12,5711.47,200.07
996,EAST,0327568970,11,4946.30,192.23
997,NE  ,0943161757,13,5559.90,180.37
998,SOTH,10401853574,19,12121.01,211.37
999,SW  ,10574954759,9,4743.33,219.59
