customer_id,last_order_date,days_since_order,churn_flag
1,2025-12-30,1,active
10,2025-12-28,3,active
100,2025-12-25,6,active
1000,2025-12-20,11,active
1001,2025-12-22,9,active
1002,2025-11-25,36,active
1003,2025-12-07,24,active
1004,2025-12-12,19,active
1005,2025-11-30,31,active
1006,2025-12-10,21,active
1007,2025-08-11,142,at_risk
1008,2025-12-26,5,active
1009,2025-12-25,6,active
101,2025-12-14,17,active
1010,2025-12-23,8,active
1011,2025-12-03,28,active
1012,2025-12-07,24,active
1013,2025-12-16,15,active
1014,2025-12-09,22,active
1015,2025-12-07,24,active
1016,2025-09-21,101,at_risk
1017,2025-12-22,9,active
1018,2025-12-26,5,active
1019,\N,\N,never_ordered
102,2025-12-28,3,active
1020,2025-11-22,39,active
1021,2025-11-23,38,active
1022,2025-10-23,69,active
1023,2025-11-13,48,active
1024,2025-12-17,14,active
1025,2025-08-30,123,at_risk
1026,2025-10-30,62,active
1027,2025-12-14,17,active
1028,2025-12-29,2,active
1029,2025-12-09,22,active
103,2025-12-04,27,active
1030,2025-12-24,7,active
1031,2025-11-05,56,active
1032,2025-12-26,5,active
1033,2025-12-30,1,active
1034,2025-08-25,128,at_risk
1035,2025-12-18,13,active
1036,2025-11-05,56,active
1037,2025-12-28,3,active
1038,2025-12-29,2,active
1039,2025-12-21,10,active
104,2025-12-24,7,active
1040,2025-12-05,26,active
1041,2025-11-08,53,active
1042,2025-12-19,12,active
1043,2025-12-22,9,active
1044,2025-12-24,7,active
1045,2025-12-29,2,active
1046,2025-12-30,1,active
1047,2025-12-14,17,active
1048,2025-12-07,24,active
1049,2025-12-27,4,active
105,2025-11-25,36,active
1050,\N,\N,never_ordered
1051,\N,\N,never_ordered
1052,2025-12-10,21,active
1053,2025-12-08,23,active
1054,2025-12-25,6,active
1055,2025-12-06,25,active
1056,2025-11-28,33,active
1057,2025-12-31,0,active
1058,2025-11-09,52,active
1059,2025-12-15,16,active
106,2025-11-25,36,active
1060,2025-12-25,6,active
1061,2025-11-14,47,active
1062,2025-12-14,17,active
1063,2025-12-17,14,active
1064,2025-12-25,6,active
1065,2025-11-27,34,active
1066,2025-11-22,39,active
1067,2025-10-03,89,active
1068,2025-12-31,0,active
1069,2025-11-10,51,active
107,\N,\N,never_ordered
1070,2025-12-22,9,active
1071,2025-11-23,38,active
1072,2025-12-31,0,active
1073,2025-11-06,55,active
1074,2025-12-21,10,active
1075,2025-11-30,31,active
1076,2025-12-19,12,active
1077,2025-11-16,45,active
1078,2025-12-23,8,active
1079,2025-10-28,64,active
108,2025-10-02,90,active
1080,2025-12-27,4,active
1081,2025-12-29,2,active
1082,2025-12-09,22,active
1083,2025-12-15,16,active
1084,2025-12-30,1,active
1085,2025-12-27,4,active
1086,2025-12-09,22,active
1087,2025-11-30,31,active
1088,2025-12-10,21,active
1089,\N,\N,never_ordered
109,2025-08-27,126,at_risk
1090,2025-12-31,0,active
1091,2025-12-25,6,active
1092,2025-11-03,58,active
1093,2025-12-27,4,active
1094,2025-11-24,37,active
1095,2025-11-23,38,active
1096,\N,\N,never_ordered
1097,2025-12-22,9,active
1098,2025-11-07,54,active
1099,2025-12-24,7,active
11,2025-12-14,17,active
110,\N,\N,never_ordered
1100,2025-12-05,26,active
1101,2025-12-21,10,active
1102,2025-12-25,6,active
1103,2025-12-16,15,active
1104,2025-12-29,2,active
1105,2025-12-10,21,active
1106,2025-12-22,9,active
1107,2025-12-09,22,active
1108,2025-12-23,8,active
1109,2025-12-29,2,active
111,2025-12-31,0,active
1110,2025-11-24,37,active
1111,2025-12-20,11,active
1112,2025-11-14,47,active
1113,2025-12-08,23,active
1114,2025-12-31,0,active
1115,2025-12-01,30,active
1116,\N,\N,never_ordered
1117,2025-12-12,19,active
1118,2025-12-05,26,active
1119,\N,\N,never_ordered
112,2025-11-30,31,active
1120,2025-12-22,9,active
1121,2025-12-23,8,active
1122,2025-12-20,11,active
1123,2025-12-10,21,active
1124,2025-11-30,31,active
1125,\N,\N,never_ordered
1126,2025-12-22,9,active
1127,2025-12-09,22,active
1128,2025-12-31,0,active
1129,2025-12-23,8,active
113,2025-09-20,102,at_risk
1130,2025-11-28,33,active
1131,2025-10-16,76,active
1132,2025-10-26,66,active
1133,\N,\N,never_ordered
1134,\N,\N,never_ordered
1135,2025-12-22,9,active
1136,2025-12-26,5,active
1137,2025-11-01,60,active
1138,2025-12-24,7,active
1139,2025-12-03,28,active
114,2025-12-20,11,active
1140,2025-11-09,52,active
1141,2025-12-30,1,active
1142,2025-12-09,22,active
1143,2025-12-08,23,active
1144,2025-12-17,14,active
1145,2025-12-15,16,active
1146,2025-12-20,11,active
1147,2025-11-09,52,active
1148,2025-12-17,14,active
1149,2025-11-23,38,active
115,2025-10-26,66,active
1150,2025-10-14,78,active
1151,\N,\N,never_ordered
1152,2025-10-14,78,active
1153,2025-12-16,15,active
1154,2025-12-02,29,active
1155,\N,\N,never_ordered
1156,2025-12-29,2,active
1157,2025-12-19,12,active
1158,2025-12-25,6,active
1159,\N,\N,never_ordered
116,2025-11-26,35,active
1160,2025-10-12,80,active
1161,2025-11-24,37,active
1162,2025-12-28,3,active
1163,2025-11-27,34,active
1164,2025-12-26,5,active
1165,2025-12-28,3,active
1166,2025-10-28,64,active
1167,2025-12-28,3,active
1168,2025-12-29,2,active
1169,2025-12-08,23,active
117,2025-12-26,5,active
1170,2025-12-17,14,active
1171,2025-12-30,1,active
1172,2025-12-10,21,active
1173,2025-10-19,73,active
1174,2025-10-25,67,active
1175,2025-12-30,1,active
1176,2025-11-28,33,active
1177,2025-12-14,17,active
1178,\N,\N,never_ordered
1179,2025-12-16,15,active
118,2025-12-28,3,active
1180,2025-12-09,22,active
1181,2025-12-23,8,active
1182,2025-10-31,61,active
1183,2025-12-10,21,active
1184,2025-07-31,153,at_risk
1185,2025-12-31,0,active
1186,2025-12-31,0,active
1187,2025-11-20,41,active
1188,2025-12-31,0,active
1189,2025-12-22,9,active
119,2025-10-24,68,active
1190,2025-12-26,5,active
1191,2025-12-11,20,active
1192,2025-12-09,22,active
1193,2025-12-30,1,active
1194,2025-12-25,6,active
1195,2025-11-23,38,active
1196,2025-11-26,35,active
1197,\N,\N,never_ordered
1198,2025-11-17,44,active
1199,2025-11-27,34,active
12,2025-12-31,0,active
120,2025-12-23,8,active
1200,2025-12-07,24,active
1201,2025-11-01,60,active
1202,2025-12-30,1,active
1203,2025-12-17,14,active
1204,2025-11-06,55,active
1205,2025-10-14,78,active
1206,2025-12-13,18,active
1207,2025-12-10,21,active
1208,2025-10-31,61,active
1209,2025-10-29,63,active
121,2025-12-17,14,active
1210,2025-12-07,24,active
1211,2025-12-28,3,active
1212,2025-10-31,61,active
1213,2025-11-20,41,active
1214,2025-12-08,23,active
1215,2025-11-25,36,active
1216,2025-08-23,130,at_risk
1217,2025-10-28,64,active
1218,2025-11-07,54,active
1219,2025-12-08,23,active
122,2025-12-25,6,active
1220,2025-11-26,35,active
1221,2025-12-01,30,active
1222,2025-10-25,67,active
1223,2025-12-23,8,active
1224,2025-10-13,79,active
1225,2025-12-23,8,active
1226,2025-12-28,3,active
1227,2025-12-29,2,active
1228,2025-12-08,23,active
1229,2025-10-21,71,active
123,2025-12-26,5,active
1230,2025-12-30,1,active
1231,2025-12-23,8,active
1232,2025-12-31,0,active
1233,2025-11-22,39,active
1234,2025-12-14,17,active
1235,2025-11-24,37,active
1236,2025-12-15,16,active
1237,2025-12-23,8,active
1238,2025-12-08,23,active
1239,2025-12-25,6,active
124,2025-12-11,20,active
1240,2025-11-16,45,active
1241,2025-12-26,5,active
1242,2025-11-26,35,active
1243,2025-12-24,7,active
1244,2025-12-19,12,active
1245,2025-12-17,14,active
1246,2025-11-24,37,active
1247,2025-10-22,70,active
1248,2025-12-23,8,active
1249,2025-11-27,34,active
125,2025-12-27,4,active
1250,2025-12-01,30,active
1251,2025-12-30,1,active
1252,\N,\N,never_ordered
1253,2025-12-25,6,active
1254,2025-11-28,33,active
1255,2025-12-30,1,active
1256,2025-12-08,23,active
1257,2025-12-20,11,active
1258,2025-11-28,33,active
1259,2025-12-08,23,active
126,2025-12-23,8,active
1260,2025-12-26,5,active
1261,2025-12-15,16,active
1262,2025-10-19,73,active
1263,2025-12-11,20,active
1264,2025-12-18,13,active
1265,2025-12-29,2,active
1266,2025-12-18,13,active
1267,2025-11-22,39,active
1268,\N,\N,never_ordered
1269,2025-12-01,30,active
127,2025-12-31,0,active
1270,2025-12-14,17,active
1271,2025-11-02,59,active
1272,2025-12-22,9,active
1273,2025-12-19,12,active
1274,2025-12-06,25,active
1275,2025-12-26,5,active
1276,\N,\N,never_ordered
1277,2025-11-23,38,active
1278,2025-12-02,29,active
1279,\N,\N,never_ordered
128,2025-12-14,17,active
1280,2025-12-27,4,active
1281,2025-12-02,29,active
1282,2025-12-31,0,active
1283,2025-12-23,8,active
1284,2025-11-29,32,active
1285,2025-11-06,55,active
1286,\N,\N,never_ordered
1287,2025-12-30,1,active
1288,2025-12-19,12,active
1289,2025-12-06,25,active
129,2025-11-07,54,active
1290,2025-12-03,28,active
1291,2025-07-27,157,at_risk
1292,2025-12-14,17,active
1293,2025-11-22,39,active
1294,2025-10-28,64,active
1295,2025-11-20,41,active
1296,\N,\N,never_ordered
1297,2025-12-02,29,active
1298,2025-12-12,19,active
1299,2025-12-13,18,active
13,2025-12-21,10,active
130,2025-12-08,23,active
1300,2025-12-20,11,active
1301,2025-12-31,0,active
1302,2025-12-20,11,active
1303,2025-12-09,22,active
1304,\N,\N,never_ordered
1305,2025-11-20,41,active
1306,2025-12-31,0,active
1307,2025-12-24,7,active
1308,\N,\N,never_ordered
1309,2025-12-25,6,active
131,2025-12-02,29,active
1310,2025-12-17,14,active
1311,2025-10-31,61,active
1312,2025-10-12,80,active
1313,2025-12-07,24,active
1314,2025-12-21,10,active
1315,2025-12-28,3,active
1316,2025-12-28,3,active
1317,2025-11-23,38,active
1318,2025-12-22,9,active
1319,\N,\N,never_ordered
132,2025-10-23,69,active
1320,2025-11-21,40,active
1321,\N,\N,never_ordered
1322,2025-12-22,9,active
1323,\N,\N,never_ordered
1324,2025-11-23,38,active
1325,2025-12-18,13,active
1326,2025-12-05,26,active
1327,2025-12-26,5,active
1328,2025-12-05,26,active
1329,2025-12-27,4,active
133,2025-11-22,39,active
1330,2025-12-24,7,active
1331,2025-12-11,20,active
1332,2025-12-26,5,active
1333,2025-12-20,11,active
1334,2025-12-24,7,active
1335,2025-11-24,37,active
1336,2025-12-20,11,active
1337,2025-11-23,38,active
1338,2025-10-08,84,active
1339,2025-11-20,41,active
134,2025-12-04,27,active
1340,2025-12-16,15,active
1341,2025-12-12,19,active
1342,2025-11-26,35,active
1343,2025-11-24,37,active
1344,2025-12-22,9,active
1345,2025-12-28,3,active
1346,2025-12-08,23,active
1347,2025-12-13,18,active
1348,2025-11-10,51,active
1349,2025-11-13,48,active
135,2025-12-28,3,active
1350,2025-12-11,20,active
1351,2025-12-15,16,active
1352,2025-10-23,69,active
1353,2025-12-17,14,active
1354,2025-10-04,88,active
1355,2025-12-28,3,active
1356,2025-12-19,12,active
1357,2025-12-28,3,active
1358,2025-12-30,1,active
1359,2025-11-03,58,active
136,\N,\N,never_ordered
1360,2025-12-09,22,active
1361,2025-12-02,29,active
1362,2025-11-27,34,active
1363,2025-10-06,86,active
1364,\N,\N,never_ordered
1365,2025-12-11,20,active
1366,2025-12-20,11,active
1367,2025-12-14,17,active
1368,2025-12-14,17,active
1369,2025-12-25,6,active
137,2025-11-12,49,active
1370,2025-12-02,29,active
1371,2025-11-21,40,active
1372,2025-12-10,21,active
1373,2025-12-10,21,active
1374,2025-12-21,10,active
1375,2025-12-29,2,active
1376,2025-12-11,20,active
1377,2025-12-25,6,active
1378,2025-12-26,5,active
1379,2025-12-21,10,active
138,2025-12-27,4,active
1380,\N,\N,never_ordered
1381,2025-12-20,11,active
1382,2025-11-18,43,active
1383,2025-12-24,7,active
1384,\N,\N,never_ordered
1385,2025-10-27,65,active
1386,2025-11-12,49,active
1387,2025-12-29,2,active
1388,2025-12-06,25,active
1389,2025-11-12,49,active
139,2025-11-26,35,active
1390,2025-12-20,11,active
1391,2025-11-19,42,active
1392,2025-12-11,20,active
1393,2025-12-12,19,active
1394,2025-12-22,9,active
1395,2025-10-21,71,active
1396,2025-11-22,39,active
1397,2025-12-26,5,active
1398,2025-11-25,36,active
1399,2025-12-24,7,active
14,2025-12-15,16,active
140,2025-12-23,8,active
1400,2025-12-20,11,active
1401,2025-11-24,37,active
1402,2025-12-08,23,active
1403,2025-11-28,33,active
1404,2025-12-07,24,active
1405,\N,\N,never_ordered
1406,2025-09-15,107,at_risk
1407,2025-10-09,83,active
1408,2025-12-08,23,active
1409,2025-12-31,0,active
141,2025-12-15,16,active
1410,2025-12-03,28,active
1411,2025-12-24,7,active
1412,2025-12-02,29,active
1413,2025-12-19,12,active
1414,2025-12-30,1,active
1415,\N,\N,never_ordered
1416,2025-12-24,7,active
1417,2025-12-27,4,active
1418,2025-12-27,4,active
1419,2025-11-23,38,active
142,2025-12-28,3,active
1420,2025-12-18,13,active
1421,2025-12-26,5,active
1422,2025-12-17,14,active
1423,2025-12-28,3,active
1424,2025-11-27,34,active
1425,2025-12-02,29,active
1426,2025-10-22,70,active
1427,2025-12-14,17,active
1428,2025-11-05,56,active
1429,2025-12-15,16,active
143,2025-12-06,25,active
1430,2025-11-30,31,active
1431,2025-12-07,24,active
1432,2025-12-26,5,active
1433,2025-12-27,4,active
1434,2025-12-14,17,active
1435,2025-12-02,29,active
1436,2025-12-10,21,active
1437,2025-10-26,66,active
1438,2025-12-18,13,active
1439,2025-11-21,40,active
144,2025-12-28,3,active
1440,2025-12-29,2,active
1441,2025-12-17,14,active
1442,2025-12-25,6,active
1443,2025-12-18,13,active
1444,2025-10-06,86,active
1445,2025-10-27,65,active
1446,2025-11-10,51,active
1447,2025-12-05,26,active
1448,2025-12-25,6,active
1449,\N,\N,never_ordered
145,2025-12-19,12,active
1450,2025-12-23,8,active
1451,2025-12-23,8,active
1452,2025-12-01,30,active
1453,2025-12-07,24,active
1454,2025-12-20,11,active
1455,\N,\N,never_ordered
1456,2025-09-20,102,at_risk
1457,2025-12-27,4,active
1458,2025-12-05,26,active
1459,2025-12-01,30,active
146,2025-12-26,5,active
1460,2025-12-01,30,active
1461,2025-12-04,27,active
1462,2025-11-16,45,active
1463,2025-12-18,13,active
1464,2025-12-30,1,active
1465,2025-12-18,13,active
1466,2025-12-19,12,active
1467,2025-10-26,66,active
1468,\N,\N,never_ordered
1469,2025-11-30,31,active
147,2025-12-17,14,active
1470,\N,\N,never_ordered
1471,2025-12-28,3,active
1472,2025-11-13,48,active
1473,2025-12-12,19,active
1474,2025-12-26,5,active
1475,2025-12-23,8,active
1476,2025-12-31,0,active
1477,2025-12-19,12,active
1478,2025-12-21,10,active
1479,2025-12-24,7,active
148,2025-12-10,21,active
1480,2025-10-08,84,active
1481,2025-11-29,32,active
1482,2025-12-27,4,active
1483,2025-11-23,38,active
1484,2025-11-14,47,active
1485,2025-12-21,10,active
1486,2025-11-22,39,active
1487,2025-12-03,28,active
1488,2025-12-01,30,active
1489,\N,\N,never_ordered
149,\N,\N,never_ordered
1490,2025-12-22,9,active
1491,2025-12-29,2,active
1492,2025-12-28,3,active
1493,\N,\N,never_ordered
1494,2025-11-20,41,active
1495,2025-12-31,0,active
1496,2025-12-19,12,active
1497,2025-12-07,24,active
1498,2025-12-17,14,active
1499,2025-12-01,30,active
15,2025-12-23,8,active
150,2025-12-15,16,active
1500,2025-12-10,21,active
151,2025-12-31,0,active
152,2025-12-01,30,active
153,2025-12-16,15,active
154,2025-11-28,33,active
155,\N,\N,never_ordered
156,2025-12-29,2,active
157,2025-10-21,71,active
158,2025-12-09,22,active
159,2025-10-28,64,active
16,2025-11-21,40,active
160,2025-12-30,1,active
161,2025-10-17,75,active
162,2025-11-20,41,active
163,2025-12-22,9,active
164,2025-12-19,12,active
165,\N,\N,never_ordered
166,2025-11-22,39,active
167,2025-12-25,6,active
168,2025-12-28,3,active
169,2025-11-25,36,active
17,2025-12-21,10,active
170,\N,\N,never_ordered
171,2025-12-07,24,active
172,2025-12-30,1,active
173,2025-12-21,10,active
174,2025-12-29,2,active
175,2025-12-28,3,active
176,\N,\N,never_ordered
177,2025-12-03,28,active
178,2025-12-24,7,active
179,2025-12-17,14,active
18,\N,\N,never_ordered
180,2025-12-10,21,active
181,2025-11-18,43,active
182,2025-12-23,8,active
183,2025-12-23,8,active
184,\N,\N,never_ordered
185,2025-12-30,1,active
186,2025-12-08,23,active
187,2025-12-29,2,active
188,2025-11-30,31,active
189,2025-12-20,11,active
19,2025-10-22,70,active
190,2025-12-15,16,active
191,2025-12-10,21,active
192,2025-12-31,0,active
193,2025-12-07,24,active
194,2025-12-31,0,active
195,\N,\N,never_ordered
196,\N,\N,never_ordered
197,2025-11-30,31,active
198,2025-11-09,52,active
199,2025-10-22,70,active
2,2025-12-20,11,active
20,2025-11-18,43,active
200,2025-12-22,9,active
201,2025-12-26,5,active
202,2025-11-08,53,active
203,2025-12-13,18,active
204,\N,\N,never_ordered
205,2025-11-07,54,active
206,2025-12-13,18,active
207,2025-09-01,121,at_risk
208,2025-11-16,45,active
209,2025-11-20,41,active
21,2025-09-01,121,at_risk
210,2025-12-19,12,active
211,2025-12-09,22,active
212,2025-12-25,6,active
213,\N,\N,never_ordered
214,2025-12-11,20,active
215,2025-12-13,18,active
216,2025-10-25,67,active
217,2025-12-22,9,active
218,2025-12-04,27,active
219,2025-12-30,1,active
22,2025-12-27,4,active
220,2025-12-04,27,active
221,2025-08-20,133,at_risk
222,\N,\N,never_ordered
223,2025-11-21,40,active
224,2025-12-28,3,active
225,2025-12-13,18,active
226,2025-12-12,19,active
227,2025-12-29,2,active
228,2025-11-23,38,active
229,2025-12-15,16,active
23,2025-12-23,8,active
230,2025-10-20,72,active
231,2025-12-19,12,active
232,2025-12-27,4,active
233,2025-12-14,17,active
234,2025-12-04,27,active
235,2025-11-15,46,active
236,2025-12-05,26,active
237,2025-10-29,63,active
238,2025-12-21,10,active
239,2025-11-20,41,active
24,2025-12-17,14,active
240,2025-12-05,26,active
241,\N,\N,never_ordered
242,2025-11-29,32,active
243,2025-12-22,9,active
244,\N,\N,never_ordered
245,2025-12-02,29,active
246,2025-12-24,7,active
247,2025-12-28,3,active
248,2025-11-21,40,active
249,2025-12-09,22,active
25,2025-12-27,4,active
250,2025-12-05,26,active
251,2025-11-04,57,active
252,2025-11-18,43,active
253,2025-12-12,19,active
254,\N,\N,never_ordered
255,2025-12-28,3,active
256,\N,\N,never_ordered
257,2025-12-24,7,active
258,2025-10-14,78,active
259,\N,\N,never_ordered
26,2025-11-23,38,active
260,2025-12-22,9,active
261,2025-10-13,79,active
262,2025-10-02,90,active
263,2025-12-18,13,active
264,2025-12-31,0,active
265,2025-12-29,2,active
266,2025-11-30,31,active
267,2025-12-20,11,active
268,2025-12-07,24,active
269,2025-12-30,1,active
27,2025-12-30,1,active
270,2025-12-15,16,active
271,2025-12-08,23,active
272,2025-12-22,9,active
273,2025-12-24,7,active
274,2025-12-02,29,active
275,2025-12-20,11,active
276,2025-12-26,5,active
277,2025-12-18,13,active
278,2025-12-31,0,active
279,2025-12-21,10,active
28,2025-12-14,17,active
280,2025-11-28,33,active
281,2025-10-22,70,active
282,2025-10-09,83,active
283,2025-12-20,11,active
284,2025-12-29,2,active
285,2025-12-31,0,active
286,2025-12-06,25,active
287,2025-12-30,1,active
288,2025-12-27,4,active
289,2025-11-23,38,active
29,2025-11-12,49,active
290,\N,\N,never_ordered
291,2025-12-16,15,active
292,2025-12-11,20,active
293,2025-12-29,2,active
294,2025-12-20,11,active
295,2025-12-17,14,active
296,2025-11-13,48,active
297,2025-12-12,19,active
298,2025-12-25,6,active
299,2025-12-28,3,active
3,2025-12-13,18,active
30,\N,\N,never_ordered
300,2025-12-13,18,active
301,2025-11-09,52,active
302,\N,\N,never_ordered
303,2025-12-28,3,active
304,2025-12-21,10,active
305,2025-12-30,1,active
306,2025-12-17,14,active
307,2025-12-18,13,active
308,2025-12-01,30,active
309,2025-12-30,1,active
31,2025-12-04,27,active
310,2025-12-25,6,active
311,2025-12-16,15,active
312,2025-12-30,1,active
313,2025-12-26,5,active
314,2025-11-24,37,active
315,\N,\N,never_ordered
316,2025-08-30,123,at_risk
317,2025-12-20,11,active
318,2025-12-23,8,active
319,\N,\N,never_ordered
32,2025-11-22,39,active
320,\N,\N,never_ordered
321,2025-09-28,94,at_risk
322,2025-12-24,7,active
323,2025-12-31,0,active
324,2025-12-30,1,active
325,2025-12-03,28,active
326,2025-12-25,6,active
327,2025-12-10,21,active
328,2025-12-19,12,active
329,2025-11-01,60,active
33,2025-11-02,59,active
330,2025-12-12,19,active
331,2025-12-30,1,active
332,2025-07-10,174,at_risk
333,2025-11-23,38,active
334,\N,\N,never_ordered
335,2025-12-29,2,active
336,2025-11-13,48,active
337,2025-12-24,7,active
338,2025-12-26,5,active
339,\N,\N,never_ordered
34,2025-12-24,7,active
340,2025-11-26,35,active
341,2025-12-26,5,active
342,2025-11-17,44,active
343,2025-12-22,9,active
344,\N,\N,never_ordered
345,2025-11-21,40,active
346,2025-11-24,37,active
347,2025-12-22,9,active
348,2025-12-19,12,active
349,2025-10-18,74,active
35,2025-12-06,25,active
350,2025-12-21,10,active
351,2025-12-12,19,active
352,2025-12-10,21,active
353,\N,\N,never_ordered
354,2025-11-23,38,active
355,2025-11-21,40,active
356,2025-12-20,11,active
357,2025-12-23,8,active
358,2025-12-20,11,active
359,2025-12-27,4,active
36,2025-11-19,42,active
360,2025-11-23,38,active
361,2025-12-04,27,active
362,2025-12-24,7,active
363,2025-12-28,3,active
364,2025-12-31,0,active
365,2025-12-20,11,active
366,2025-12-31,0,active
367,2025-11-28,33,active
368,2025-12-25,6,active
369,2025-12-31,0,active
37,2025-12-28,3,active
370,2025-11-04,57,active
371,2025-12-29,2,active
372,2025-10-24,68,active
373,2025-12-21,10,active
374,2025-12-02,29,active
375,2025-12-20,11,active
376,2025-12-06,25,active
377,2025-12-18,13,active
378,2025-11-24,37,active
379,2025-09-26,96,at_risk
38,2025-12-18,13,active
380,2025-11-30,31,active
381,2025-12-24,7,active
382,2025-12-15,16,active
383,2025-12-21,10,active
384,2025-12-13,18,active
385,2025-11-19,42,active
386,\N,\N,never_ordered
387,2025-12-01,30,active
388,2025-12-11,20,active
389,2025-11-18,43,active
39,2025-11-22,39,active
390,2025-11-19,42,active
391,2025-12-15,16,active
392,2025-11-26,35,active
393,2025-12-18,13,active
394,2025-12-26,5,active
395,2025-12-25,6,active
396,2025-12-23,8,active
397,2025-12-25,6,active
398,2025-12-27,4,active
399,2025-12-24,7,active
4,\N,\N,never_ordered
40,2025-12-26,5,active
400,2025-12-12,19,active
401,2025-12-30,1,active
402,2025-12-29,2,active
403,2025-12-20,11,active
404,2025-12-06,25,active
405,2025-11-22,39,active
406,2025-12-17,14,active
407,2025-12-20,11,active
408,2025-12-11,20,active
409,\N,\N,never_ordered
41,2025-12-26,5,active
410,2025-11-22,39,active
411,2025-11-22,39,active
412,\N,\N,never_ordered
413,2025-12-27,4,active
414,\N,\N,never_ordered
415,2025-12-13,18,active
416,2025-12-13,18,active
417,2025-11-28,33,active
418,2025-12-25,6,active
419,\N,\N,never_ordered
42,2025-11-11,50,active
420,2025-12-01,30,active
421,2025-11-18,43,active
422,2025-12-30,1,active
423,2025-12-20,11,active
424,2025-10-10,82,active
425,\N,\N,never_ordered
426,2025-11-28,33,active
427,2025-12-11,20,active
428,\N,\N,never_ordered
429,2025-12-21,10,active
43,\N,\N,never_ordered
430,\N,\N,never_ordered
431,2025-12-03,28,active
432,\N,\N,never_ordered
433,2025-11-24,37,active
434,2025-12-15,16,active
435,2025-11-27,34,active
436,2025-12-24,7,active
437,2025-12-30,1,active
438,2025-12-28,3,active
439,2025-12-23,8,active
44,2025-12-05,26,active
440,2025-11-25,36,active
441,2025-11-30,31,active
442,2025-10-16,76,active
443,2025-12-30,1,active
444,2025-12-01,30,active
445,2025-12-16,15,active
446,2025-12-13,18,active
447,2025-12-14,17,active
448,2025-12-10,21,active
449,2025-12-02,29,active
45,2025-12-29,2,active
450,2025-10-03,89,active
451,2025-12-31,0,active
452,2025-12-13,18,active
453,2025-12-26,5,active
454,2025-12-20,11,active
455,\N,\N,never_ordered
456,2025-10-11,81,active
457,2025-12-27,4,active
458,2025-12-06,25,active
459,2025-12-25,6,active
46,2025-12-04,27,active
460,2025-12-25,6,active
461,2025-11-28,33,active
462,2025-12-09,22,active
463,2025-12-17,14,active
464,2025-12-25,6,active
465,2025-12-15,16,active
466,2025-11-26,35,active
467,2025-12-17,14,active
468,2025-12-22,9,active
469,2025-12-25,6,active
47,2025-10-10,82,active
470,2025-11-30,31,active
471,2025-11-29,32,active
472,2025-12-31,0,active
473,2025-12-27,4,active
474,2025-12-23,8,active
475,2025-11-10,51,active
476,2025-10-30,62,active
477,2025-12-10,21,active
478,2025-11-30,31,active
479,2025-12-16,15,active
48,2025-12-31,0,active
480,2025-12-06,25,active
481,2025-12-23,8,active
482,2025-12-12,19,active
483,2025-12-07,24,active
484,2025-11-27,34,active
485,\N,\N,never_ordered
486,2025-09-26,96,at_risk
487,2025-12-30,1,active
488,2025-10-20,72,active
489,2025-12-23,8,active
49,2025-12-09,22,active
490,2025-12-25,6,active
491,2025-12-22,9,active
492,2025-12-16,15,active
493,2025-12-13,18,active
494,2025-11-11,50,active
495,\N,\N,never_ordered
496,2025-12-31,0,active
497,2025-11-15,46,active
498,\N,\N,never_ordered
499,2025-11-25,36,active
5,2025-12-18,13,active
50,2025-12-14,17,active
500,2025-12-04,27,active
501,2025-12-28,3,active
502,2025-12-31,0,active
503,2025-12-17,14,active
504,2025-12-14,17,active
505,2025-12-28,3,active
506,2025-12-19,12,active
507,2025-12-21,10,active
508,2025-12-31,0,active
509,2025-11-30,31,active
51,2025-11-11,50,active
510,2025-12-29,2,active
511,2025-12-31,0,active
512,2025-12-01,30,active
513,2025-11-14,47,active
514,2025-12-23,8,active
515,2025-11-23,38,active
516,2025-12-06,25,active
517,2025-12-19,12,active
518,2025-11-06,55,active
519,2025-11-11,50,active
52,2025-12-15,16,active
520,\N,\N,never_ordered
521,2025-11-21,40,active
522,2025-11-19,42,active
523,2025-12-10,21,active
524,2025-12-04,27,active
525,2025-09-07,115,at_risk
526,2025-11-29,32,active
527,2025-12-20,11,active
528,2025-12-18,13,active
529,2025-12-30,1,active
53,2025-11-17,44,active
530,2025-09-19,103,at_risk
531,2025-12-04,27,active
532,2025-11-18,43,active
533,2025-12-25,6,active
534,2025-12-13,18,active
535,2025-12-07,24,active
536,2025-12-12,19,active
537,2025-12-10,21,active
538,\N,\N,never_ordered
539,2025-12-31,0,active
54,2025-12-20,11,active
540,2025-12-22,9,active
541,2025-12-20,11,active
542,\N,\N,never_ordered
543,2025-12-29,2,active
544,2025-12-16,15,active
545,2025-12-22,9,active
546,2025-12-04,27,active
547,2025-12-15,16,active
548,2025-09-17,105,at_risk
549,2025-11-13,48,active
55,2025-11-27,34,active
550,2025-12-23,8,active
551,\N,\N,never_ordered
552,2025-12-31,0,active
553,2025-12-27,4,active
554,2025-12-22,9,active
555,2025-12-18,13,active
556,2025-12-07,24,active
557,2025-12-28,3,active
558,2025-12-28,3,active
559,2025-12-21,10,active
56,2025-11-23,38,active
560,2025-12-15,16,active
561,2025-12-30,1,active
562,\N,\N,never_ordered
563,2025-12-07,24,active
564,2025-12-24,7,active
565,2025-11-07,54,active
566,2025-12-21,10,active
567,2025-12-14,17,active
568,2025-10-26,66,active
569,2025-12-29,2,active
57,\N,\N,never_ordered
570,\N,\N,never_ordered
571,2025-11-15,46,active
572,2025-12-25,6,active
573,2025-09-22,100,at_risk
574,2025-12-07,24,active
575,2025-12-30,1,active
576,2025-12-22,9,active
577,2025-12-05,26,active
578,2025-12-28,3,active
579,\N,\N,never_ordered
58,2025-12-22,9,active
580,2025-11-04,57,active
581,2025-12-13,18,active
582,2025-12-26,5,active
583,2025-11-23,38,active
584,2025-12-08,23,active
585,2025-12-30,1,active
586,2025-10-21,71,active
587,2025-12-07,24,active
588,2025-12-03,28,active
589,2025-12-10,21,active
59,2025-12-29,2,active
590,2025-12-09,22,active
591,2025-12-26,5,active
592,\N,\N,never_ordered
593,\N,\N,never_ordered
594,2025-12-24,7,active
595,2025-12-26,5,active
596,2025-12-03,28,active
597,2025-12-31,0,active
598,2025-11-30,31,active
599,2025-11-08,53,active
6,2025-11-24,37,active
60,2025-11-12,49,active
600,\N,\N,never_ordered
601,2025-12-10,21,active
602,\N,\N,never_ordered
603,2025-12-08,23,active
604,2025-12-31,0,active
605,2025-10-04,88,active
606,2025-12-02,29,active
607,\N,\N,never_ordered
608,2025-12-13,18,active
609,2025-12-28,3,active
61,2025-11-26,35,active
610,2025-09-09,113,at_risk
611,2025-10-04,88,active
612,2025-12-22,9,active
613,2025-12-13,18,active
614,2025-11-21,40,active
615,2025-11-12,49,active
616,2025-12-20,11,active
617,2025-12-30,1,active
618,2025-12-19,12,active
619,2025-12-24,7,active
62,2025-11-14,47,active
620,2025-12-15,16,active
621,2025-12-09,22,active
622,2025-12-04,27,active
623,2025-12-31,0,active
624,2025-12-10,21,active
625,2025-12-16,15,active
626,2025-12-22,9,active
627,\N,\N,never_ordered
628,2025-12-08,23,active
629,2025-12-24,7,active
63,2025-10-16,76,active
630,2025-12-29,2,active
631,\N,\N,never_ordered
632,2025-12-05,26,active
633,2025-12-26,5,active
634,\N,\N,never_ordered
635,2025-12-01,30,active
636,2025-12-19,12,active
637,2025-12-04,27,active
638,2025-12-28,3,active
639,\N,\N,never_ordered
64,2025-12-19,12,active
640,2025-12-31,0,active
641,2025-12-13,18,active
642,2025-12-30,1,active
643,2025-12-31,0,active
644,2025-09-27,95,at_risk
645,2025-12-31,0,active
646,2025-12-22,9,active
647,2025-12-06,25,active
648,2025-11-20,41,active
649,\N,\N,never_ordered
65,2025-11-08,53,active
650,2025-11-18,43,active
651,2025-12-08,23,active
652,2025-11-12,49,active
653,2025-12-21,10,active
654,2025-12-04,27,active
655,2025-12-31,0,active
656,2025-12-22,9,active
657,2025-10-19,73,active
658,\N,\N,never_ordered
659,\N,\N,never_ordered
66,2025-12-25,6,active
660,2025-12-11,20,active
661,2025-11-25,36,active
662,2025-11-26,35,active
663,2025-11-30,31,active
664,2025-12-23,8,active
665,2025-12-07,24,active
666,2025-12-16,15,active
667,\N,\N,never_ordered
668,2025-12-21,10,active
669,2025-12-29,2,active
67,2025-12-15,16,active
670,2025-12-29,2,active
671,2025-12-01,30,active
672,2025-12-13,18,active
673,2025-11-29,32,active
674,2025-12-29,2,active
675,2025-11-05,56,active
676,2025-11-13,48,active
677,2025-11-17,44,active
678,2025-12-21,10,active
679,2025-11-26,35,active
68,2025-12-01,30,active
680,2025-11-11,50,active
681,2025-11-12,49,active
682,\N,\N,never_ordered
683,2025-11-24,37,active
684,\N,\N,never_ordered
685,\N,\N,never_ordered
686,2025-11-03,58,active
687,2025-11-16,45,active
688,2025-12-13,18,active
689,2025-11-05,56,active
69,2025-11-13,48,active
690,2025-12-23,8,active
691,2025-12-23,8,active
692,\N,\N,never_ordered
693,2025-11-08,53,active
694,2025-12-19,12,active
695,2025-12-29,2,active
696,\N,\N,never_ordered
697,2025-12-15,16,active
698,2025-12-10,21,active
699,2025-11-13,48,active
7,2025-12-11,20,active
70,2025-11-04,57,active
700,\N,\N,never_ordered
701,\N,\N,never_ordered
702,2025-12-17,14,active
703,2025-12-29,2,active
704,2025-12-17,14,active
705,2025-12-10,21,active
706,2025-12-19,12,active
707,2025-12-30,1,active
708,\N,\N,never_ordered
709,2025-12-22,9,active
71,2025-11-26,35,active
710,2025-12-25,6,active
711,\N,\N,never_ordered
712,2025-12-26,5,active
713,2025-12-18,13,active
714,2025-12-24,7,active
715,2025-12-02,29,active
716,2025-12-31,0,active
717,\N,\N,never_ordered
718,2025-12-18,13,active
719,2025-11-18,43,active
72,2025-11-16,45,active
720,2025-12-19,12,active
721,2025-12-31,0,active
722,2025-11-27,34,active
723,2025-12-12,19,active
724,2025-12-30,1,active
725,2025-12-11,20,active
726,2025-12-23,8,active
727,2025-11-07,54,active
728,2025-12-22,9,active
729,\N,\N,never_ordered
73,2025-11-28,33,active
730,2025-11-13,48,active
731,2025-11-15,46,active
732,2025-12-24,7,active
733,2025-11-30,31,active
734,2025-10-06,86,active
735,2025-12-25,6,active
736,2025-12-31,0,active
737,2025-12-07,24,active
738,2025-12-20,11,active
739,2025-10-12,80,active
74,\N,\N,never_ordered
740,2025-10-29,63,active
741,\N,\N,never_ordered
742,2025-12-11,20,active
743,2025-12-15,16,active
744,2025-12-18,13,active
745,2025-12-31,0,active
746,2025-12-18,13,active
747,2025-11-03,58,active
748,2025-12-17,14,active
749,2025-11-27,34,active
75,2025-11-19,42,active
750,2025-11-16,45,active
751,2025-12-12,19,active
752,2025-12-31,0,active
753,2025-12-31,0,active
754,2025-12-31,0,active
755,2025-12-10,21,active
756,2025-12-15,16,active
757,\N,\N,never_ordered
758,2025-12-12,19,active
759,2025-11-06,55,active
76,2025-12-27,4,active
760,\N,\N,never_ordered
761,\N,\N,never_ordered
762,2025-12-19,12,active
763,2025-10-07,85,active
764,2025-12-09,22,active
765,2025-12-20,11,active
766,2025-12-20,11,active
767,2025-12-11,20,active
768,\N,\N,never_ordered
769,\N,\N,never_ordered
77,2025-12-22,9,active
770,2025-12-15,16,active
771,2025-11-23,38,active
772,2025-10-29,63,active
773,2025-11-02,59,active
774,2025-12-26,5,active
775,2025-12-25,6,active
776,2025-12-29,2,active
777,2025-12-27,4,active
778,2025-11-10,51,active
779,2025-12-23,8,active
78,2025-12-23,8,active
780,2025-11-28,33,active
781,2025-12-20,11,active
782,2025-11-17,44,active
783,2025-12-30,1,active
784,2025-12-29,2,active
785,2025-12-12,19,active
786,2025-12-06,25,active
787,2025-12-27,4,active
788,2025-12-28,3,active
789,2025-12-10,21,active
79,2025-12-31,0,active
790,2025-11-30,31,active
791,\N,\N,never_ordered
792,2025-12-30,1,active
793,2025-11-13,48,active
794,2025-12-24,7,active
795,2025-12-19,12,active
796,2025-12-10,21,active
797,2025-12-22,9,active
798,2025-11-30,31,active
799,2025-12-29,2,active
8,2025-11-02,59,active
80,2025-10-14,78,active
800,2025-12-22,9,active
801,2025-11-24,37,active
802,2025-11-30,31,active
803,2025-12-27,4,active
804,2025-12-04,27,active
805,2025-12-20,11,active
806,2025-11-20,41,active
807,2025-11-22,39,active
808,2025-11-09,52,active
809,2025-12-12,19,active
81,2025-10-21,71,active
810,2025-11-14,47,active
811,2025-12-15,16,active
812,2025-12-27,4,active
813,2025-12-09,22,active
814,2025-12-27,4,active
815,2025-12-27,4,active
816,2025-11-15,46,active
817,2025-11-10,51,active
818,\N,\N,never_ordered
819,2025-12-14,17,active
82,2025-12-08,23,active
820,2025-12-19,12,active
821,2025-12-22,9,active
822,2025-11-21,40,active
823,2025-12-22,9,active
824,2025-12-20,11,active
825,\N,\N,never_ordered
826,2025-12-20,11,active
827,2025-12-16,15,active
828,2025-12-08,23,active
829,\N,\N,never_ordered
83,2025-12-25,6,active
830,2025-12-25,6,active
831,2025-12-11,20,active
832,\N,\N,never_ordered
833,2025-12-27,4,active
834,2025-12-29,2,active
835,2025-12-24,7,active
836,2025-12-24,7,active
837,2025-12-12,19,active
838,2025-12-10,21,active
839,2025-11-13,48,active
84,2025-11-26,35,active
840,2025-12-01,30,active
841,2025-12-27,4,active
842,2025-09-29,93,at_risk
843,2025-12-22,9,active
844,2025-12-31,0,active
845,2025-12-16,15,active
846,2025-12-31,0,active
847,2025-10-09,83,active
848,2025-12-15,16,active
849,2025-12-18,13,active
85,2025-12-29,2,active
850,\N,\N,never_ordered
851,2025-12-27,4,active
852,2025-12-31,0,active
853,2025-12-22,9,active
854,2025-12-27,4,active
855,2025-11-24,37,active
856,2025-11-22,39,active
857,\N,\N,never_ordered
858,2025-12-14,17,active
859,2025-12-15,16,active
86,2025-11-24,37,active
860,2025-12-05,26,active
861,2025-12-09,22,active
862,2025-12-29,2,active
863,2025-12-05,26,active
864,2025-12-03,28,active
865,2025-11-24,37,active
866,\N,\N,never_ordered
867,2025-06-11,203,churned
868,\N,\N,never_ordered
869,2025-12-24,7,active
87,\N,\N,never_ordered
870,2025-11-17,44,active
871,2025-12-20,11,active
872,2025-12-05,26,active
873,2025-12-29,2,active
874,2025-12-29,2,active
875,2025-11-28,33,active
876,2025-11-03,58,active
877,2025-11-26,35,active
878,2025-12-25,6,active
879,2025-12-18,13,active
88,2025-09-11,111,at_risk
880,2025-12-11,20,active
881,2025-11-05,56,active
882,2025-12-01,30,active
883,2025-12-20,11,active
884,2025-12-05,26,active
885,2025-12-21,10,active
886,2025-09-27,95,at_risk
887,2025-12-26,5,active
888,\N,\N,never_ordered
889,2025-12-28,3,active
89,2025-12-21,10,active
890,2025-12-02,29,active
891,2025-10-27,65,active
892,2025-11-01,60,active
893,2025-11-18,43,active
894,2025-12-04,27,active
895,2025-12-20,11,active
896,\N,\N,never_ordered
897,2025-12-12,19,active
898,2025-12-26,5,active
899,2025-11-27,34,active
9,2025-12-23,8,active
90,2025-12-29,2,active
900,2025-11-20,41,active
901,2025-11-12,49,active
902,2025-12-17,14,active
903,2025-11-09,52,active
904,2025-12-23,8,active
905,2025-12-18,13,active
906,2025-12-19,12,active
907,2025-12-26,5,active
908,2025-12-06,25,active
909,2025-12-31,0,active
91,2025-12-06,25,active
910,2025-12-13,18,active
911,2025-12-01,30,active
912,2025-12-31,0,active
913,\N,\N,never_ordered
914,2025-10-27,65,active
915,\N,\N,never_ordered
916,\N,\N,never_ordered
917,2025-12-18,13,active
918,\N,\N,never_ordered
919,2025-12-27,4,active
92,2025-12-17,14,active
920,2025-12-17,14,active
921,2025-12-30,1,active
922,2025-12-31,0,active
923,2025-12-19,12,active
924,\N,\N,never_ordered
925,\N,\N,never_ordered
926,2025-12-20,11,active
927,2025-12-22,9,active
928,\N,\N,never_ordered
929,2025-11-17,44,active
93,2025-11-12,49,active
930,2025-12-27,4,active
931,2025-12-29,2,active
932,2025-12-29,2,active
933,2025-12-08,23,active
934,2025-12-31,0,active
935,2025-12-08,23,active
936,2025-12-21,10,active
937,2025-12-05,26,active
938,2025-12-17,14,active
939,2025-12-14,17,active
94,2025-11-06,55,active
940,2025-12-13,18,active
941,2025-12-24,7,active
942,\N,\N,never_ordered
943,\N,\N,never_ordered
944,2025-12-07,24,active
945,2025-12-27,4,active
946,2025-12-16,15,active
947,2025-11-01,60,active
948,2025-11-25,36,active
949,2025-12-11,20,active
95,2025-11-27,34,active
950,2025-12-24,7,active
951,2025-11-04,57,active
952,2025-12-31,0,active
953,2025-12-26,5,active
954,2025-12-31,0,active
955,2025-12-20,11,active
956,2025-11-25,36,active
957,2025-12-30,1,active
958,2025-11-09,52,active
959,\N,\N,never_ordered
96,2025-12-25,6,active
960,2025-12-25,6,active
961,2025-12-01,30,active
962,2025-11-15,46,active
963,2025-11-30,31,active
964,2025-11-20,41,active
965,2025-12-10,21,active
966,\N,\N,never_ordered
967,2025-10-10,82,active
968,2025-12-09,22,active
969,2025-12-18,13,active
97,2025-12-23,8,active
970,2025-12-18,13,active
971,2025-10-21,71,active
972,2025-12-12,19,active
973,2025-12-14,17,active
974,2025-11-11,50,active
975,2025-12-04,27,active
976,2025-12-25,6,active
977,2025-12-27,4,active
978,2025-12-13,18,active
979,2025-12-26,5,active
98,2025-12-21,10,active
980,2025-09-21,101,at_risk
981,2025-11-21,40,active
982,2025-12-09,22,active
983,2025-12-08,23,active
984,2025-11-20,41,active
985,\N,\N,never_ordered
986,2025-11-23,38,active
987,2025-12-29,2,active
988,2025-09-23,99,at_risk
989,2025-12-26,5,active
99,2025-10-20,72,active
990,2025-12-31,0,active
991,\N,\N,never_ordered
992,2025-12-14,17,active
993,2025-12-08,23,active
994,2025-12-27,4,active
995,2025-12-18,13,active
996,2025-12-16,15,active
997,2025-12-19,12,active
998,2025-11-19,42,active
999,2025-11-22,39,active
