customer_id,sessions,events,checkout_sessions
1,10,10,2
10,9,9,1
100,13,13,0
1000,10,10,1
1001,14,14,1
1002,8,8,0
1003,15,15,1
1004,15,15,3
1005,13,13,1
1006,5,5,0
1007,11,12,1
1008,15,15,3
1009,14,14,5
101,18,18,2
1010,10,10,1
1011,16,16,1
1012,17,17,3
1013,16,16,2
1014,17,17,2
1015,12,12,1
1016,9,9,0
1017,17,17,3
1018,15,15,1
1019,14,14,1
102,11,11,4
1020,13,13,1
1021,14,14,2
1022,13,13,4
1023,12,12,4
1024,16,16,2
1025,9,9,3
1026,14,14,1
1027,10,10,0
1028,7,7,2
1029,15,15,1
103,15,15,0
1030,17,17,2
1031,19,19,2
1032,11,11,2
1033,10,10,1
1034,11,11,1
1035,14,14,1
1036,11,11,0
1037,11,11,1
1038,13,13,2
1039,22,22,2
104,18,18,0
1040,16,16,3
1041,6,6,1
1042,17,17,1
1043,14,14,3
1044,6,6,0
1045,7,7,1
1046,14,14,1
1047,16,16,1
1048,15,15,5
1049,14,14,2
105,17,17,2
1050,12,12,2
1051,14,14,1
1052,18,18,3
1053,16,16,1
1054,26,26,5
1055,10,10,0
1056,13,13,1
1057,13,13,1
1058,15,15,2
1059,17,17,3
106,14,14,2
1060,17,17,1
1061,18,18,5
1062,16,16,1
1063,12,12,1
1064,20,20,2
1065,19,19,0
1066,13,13,1
1067,14,14,2
1068,16,16,3
1069,13,13,0
107,14,14,3
1070,13,13,0
1071,15,15,0
1072,19,19,3
1073,13,13,1
1074,21,21,5
1075,13,13,4
1076,17,17,2
1077,16,16,1
1078,15,15,2
1079,12,12,3
108,18,18,5
1080,16,16,2
1081,15,15,2
1082,16,16,7
1083,13,13,3
1084,9,9,1
1085,12,12,4
1086,15,15,2
1087,14,14,2
1088,11,11,2
1089,14,14,2
109,12,12,0
1090,19,19,3
1091,11,11,3
1092,21,21,2
1093,13,13,2
1094,15,15,3
1095,23,23,6
1096,14,14,2
1097,8,8,1
1098,14,14,1
1099,12,12,2
11,18,18,1
110,17,17,4
1100,15,15,1
1101,15,15,1
1102,14,14,5
1103,10,10,2
1104,13,13,3
1105,13,13,3
1106,17,17,4
1107,16,16,2
1108,13,13,0
1109,9,9,2
111,16,16,2
1110,15,15,4
1111,14,14,2
1112,11,11,0
1113,15,15,0
1114,12,12,1
1115,12,12,3
1116,11,11,3
1117,16,16,1
1118,20,20,5
1119,22,22,5
112,9,9,2
1120,16,16,1
1121,15,15,0
1122,14,14,0
1123,15,15,3
1124,17,17,0
1125,7,7,0
1126,12,12,0
1127,18,18,3
1128,17,17,4
1129,12,12,2
113,13,13,5
1130,13,13,3
1131,10,10,2
1132,15,15,3
1133,19,19,5
1134,12,12,0
1135,13,13,1
1136,9,9,0
1137,19,19,2
1138,16,16,0
1139,10,10,3
114,8,8,0
1140,10,10,1
1141,18,18,2
1142,21,21,4
1143,21,21,2
1144,18,18,2
1145,9,9,1
1146,19,19,4
1147,13,13,3
1148,11,11,3
1149,14,14,1
115,17,17,3
1150,25,25,4
1151,17,17,4
1152,16,16,3
1153,18,18,1
1154,10,10,3
1155,19,19,5
1156,16,16,3
1157,17,17,1
1158,13,13,0
1159,14,14,2
116,8,8,1
1160,15,15,2
1161,16,16,3
1162,14,14,4
1163,14,14,2
1164,10,10,1
1165,14,14,3
1166,12,12,1
1167,14,14,0
1168,19,19,3
1169,12,12,0
117,19,19,5
1170,13,13,2
1171,12,12,0
1172,10,10,1
1173,13,13,2
1174,13,13,1
1175,13,13,2
1176,13,13,1
1177,13,13,2
1178,10,10,3
1179,13,13,0
118,13,13,3
1180,15,15,2
1181,16,16,5
1182,10,10,3
1183,12,12,4
1184,17,17,1
1185,17,17,5
1186,11,11,2
1187,13,13,4
1188,22,22,1
1189,13,13,3
119,11,11,1
1190,16,16,2
1191,17,17,2
1192,16,16,0
1193,13,13,4
1194,15,15,2
1195,16,17,3
1196,17,17,2
1197,14,14,1
1198,17,17,1
1199,11,11,0
12,12,12,0
120,12,12,1
1200,17,17,3
1201,17,17,1
1202,19,19,5
1203,13,13,4
1204,13,13,3
1205,14,14,5
1206,17,17,2
1207,22,22,4
1208,14,14,1
1209,14,14,1
121,20,20,2
1210,18,18,4
1211,12,12,3
1212,19,19,1
1213,9,9,0
1214,23,23,4
1215,19,19,6
1216,22,22,2
1217,7,7,1
1218,11,11,3
1219,10,10,0
122,21,21,4
1220,8,8,0
1221,23,23,5
1222,19,19,3
1223,19,19,2
1224,11,11,2
1225,19,19,0
1226,22,22,2
1227,14,14,2
1228,12,12,1
1229,15,15,5
123,15,15,0
1230,11,11,1
1231,13,13,1
1232,17,17,5
1233,15,15,2
1234,14,14,3
1235,22,22,2
1236,12,12,0
1237,15,15,1
1238,18,18,3
1239,7,7,1
124,9,9,0
1240,15,15,2
1241,12,12,2
1242,15,15,6
1243,8,8,3
1244,17,17,1
1245,18,18,3
1246,16,16,2
1247,13,13,2
1248,19,19,3
1249,16,16,0
125,14,14,2
1250,24,24,6
1251,17,17,1
1252,8,8,1
1253,16,16,2
1254,10,10,1
1255,12,12,1
1256,21,21,6
1257,21,21,3
1258,12,12,2
1259,16,16,1
126,13,13,0
1260,18,18,3
1261,13,13,1
1262,22,22,4
1263,12,12,5
1264,13,13,3
1265,13,13,2
1266,17,17,0
1267,15,15,4
1268,16,16,2
1269,13,13,2
127,15,15,1
1270,17,17,1
1271,12,12,6
1272,18,18,5
1273,10,10,3
1274,16,16,1
1275,10,10,4
1276,16,16,1
1277,18,18,3
1278,14,14,2
1279,10,10,1
128,21,21,2
1280,8,8,1
1281,14,14,2
1282,13,13,3
1283,14,14,2
1284,14,14,3
1285,12,12,2
1286,18,18,2
1287,19,19,4
1288,10,10,2
1289,10,10,2
129,17,17,0
1290,18,18,3
1291,10,10,2
1292,14,14,1
1293,10,10,1
1294,12,12,2
1295,17,17,2
1296,8,8,1
1297,16,16,2
1298,12,12,2
1299,16,16,3
13,14,14,1
130,15,15,1
1300,13,13,0
1301,32,32,2
1302,12,12,2
1303,14,14,1
1304,17,17,2
1305,11,11,2
1306,11,11,2
1307,17,17,4
1308,13,13,0
1309,16,16,1
131,8,8,2
1310,8,8,2
1311,11,11,2
1312,12,12,2
1313,10,10,4
1314,18,18,3
1315,9,9,2
1316,19,19,0
1317,10,10,1
1318,13,13,2
1319,12,12,2
132,11,11,2
1320,13,13,3
1321,8,8,2
1322,14,14,2
1323,5,5,1
1324,8,8,2
1325,21,21,6
1326,23,23,4
1327,21,21,4
1328,11,11,2
1329,11,11,2
133,21,21,1
1330,17,17,4
1331,8,8,1
1332,17,17,0
1333,22,22,6
1334,12,12,3
1335,20,20,4
1336,12,12,1
1337,21,21,2
1338,8,8,3
1339,20,20,5
134,21,21,1
1340,16,16,2
1341,14,14,2
1342,15,15,2
1343,14,14,2
1344,19,19,3
1345,15,15,0
1346,18,18,3
1347,13,13,4
1348,16,16,1
1349,7,7,1
135,9,9,1
1350,6,6,2
1351,12,12,1
1352,20,20,3
1353,15,15,2
1354,14,14,5
1355,12,12,5
1356,17,17,3
1357,9,9,1
1358,8,8,0
1359,16,16,3
136,13,13,2
1360,15,15,4
1361,13,13,2
1362,18,18,2
1363,11,11,2
1364,12,13,1
1365,10,10,1
1366,12,12,2
1367,12,12,1
1368,12,12,3
1369,12,12,1
137,21,21,2
1370,16,16,4
1371,16,16,1
1372,11,11,3
1373,10,10,2
1374,9,9,1
1375,17,17,3
1376,4,4,1
1377,26,26,4
1378,16,16,4
1379,21,21,7
138,13,13,3
1380,11,11,2
1381,9,9,2
1382,10,10,1
1383,15,15,0
1384,15,15,1
1385,20,20,5
1386,12,12,2
1387,17,17,1
1388,13,13,2
1389,13,13,3
139,13,13,3
1390,16,16,4
1391,15,15,5
1392,5,5,0
1393,18,18,1
1394,15,15,4
1395,16,16,5
1396,23,23,3
1397,11,11,3
1398,13,13,1
1399,10,10,0
14,7,7,1
140,18,18,0
1400,22,22,2
1401,18,18,4
1402,8,8,0
1403,16,16,3
1404,15,15,1
1405,11,11,3
1406,10,10,2
1407,16,16,2
1408,23,23,5
1409,16,16,2
141,15,15,3
1410,10,10,1
1411,19,19,4
1412,16,16,2
1413,17,17,3
1414,14,14,1
1415,24,24,3
1416,18,18,1
1417,11,11,1
1418,11,11,2
1419,9,9,1
142,10,10,0
1420,15,15,4
1421,15,15,4
1422,18,18,2
1423,16,16,1
1424,16,16,0
1425,16,16,1
1426,10,10,3
1427,20,20,0
1428,14,14,2
1429,7,7,0
143,17,17,1
1430,15,15,0
1431,22,22,6
1432,13,13,2
1433,7,7,1
1434,9,9,4
1435,15,15,4
1436,17,17,2
1437,13,13,2
1438,21,21,3
1439,13,13,1
144,11,11,1
1440,12,12,1
1441,12,12,3
1442,14,14,3
1443,8,8,0
1444,5,5,3
1445,12,12,4
1446,11,11,2
1447,12,12,1
1448,17,17,3
1449,13,13,3
145,12,12,2
1450,14,14,2
1451,15,15,3
1452,12,12,0
1453,17,17,2
1454,18,18,1
1455,17,17,3
1456,11,11,3
1457,21,21,5
1458,20,20,5
1459,17,17,3
146,13,13,0
1460,20,20,3
1461,5,5,1
1462,15,15,2
1463,11,11,1
1464,14,14,1
1465,15,15,3
1466,9,9,2
1467,16,16,1
1468,12,12,0
1469,14,14,3
147,16,16,2
1470,19,19,1
1471,8,8,0
1472,19,19,3
1473,15,15,0
1474,15,15,4
1475,18,18,3
1476,8,8,1
1477,11,11,1
1478,16,16,2
1479,17,17,1
148,19,19,3
1480,16,16,2
1481,22,22,4
1482,14,14,2
1483,11,11,0
1484,8,8,1
1485,6,6,2
1486,14,14,0
1487,16,16,1
1488,8,8,2
1489,9,9,2
149,23,23,5
1490,7,7,1
1491,19,19,1
1492,13,13,2
1493,16,16,3
1494,17,17,3
1495,15,16,2
1496,23,23,2
1497,17,17,2
1498,12,12,2
1499,15,15,1
15,15,15,2
150,19,19,6
1500,15,15,3
151,8,8,0
152,15,15,1
153,13,13,1
154,11,11,1
155,17,17,3
156,10,10,0
157,13,13,1
158,16,16,0
159,14,14,0
16,15,15,2
160,12,12,0
161,13,13,3
162,17,17,2
163,11,11,2
164,11,11,2
165,10,10,1
166,14,14,2
167,12,12,0
168,11,11,2
169,18,18,4
17,18,18,6
170,14,14,0
171,15,15,2
172,13,13,0
173,14,14,2
174,16,16,2
175,15,15,1
176,10,10,1
177,25,25,5
178,17,17,2
179,21,21,3
18,11,11,1
180,16,16,1
181,23,23,2
182,16,16,2
183,13,13,2
184,15,15,2
185,15,15,3
186,17,17,2
187,10,10,1
188,16,16,2
189,18,18,3
19,15,15,3
190,11,11,0
191,9,9,0
192,15,15,2
193,18,18,1
194,8,8,1
195,13,13,1
196,10,10,1
197,15,15,3
198,21,21,3
199,13,13,3
2,18,18,1
20,18,18,3
200,23,23,4
201,16,16,3
202,16,16,3
203,17,17,2
204,17,17,4
205,12,12,0
206,13,13,2
207,10,10,1
208,14,14,0
209,15,15,4
21,13,13,1
210,17,17,2
211,16,16,3
212,16,16,4
213,13,13,3
214,14,14,2
215,13,13,2
216,9,9,3
217,7,7,3
218,19,19,2
219,13,13,2
22,14,14,2
220,12,12,5
221,13,13,4
222,11,11,1
223,16,16,4
224,16,16,4
225,9,9,0
226,17,17,3
227,16,16,3
228,16,16,3
229,14,14,2
23,17,17,4
230,12,12,3
231,15,15,3
232,16,16,4
233,16,16,2
234,15,15,3
235,10,10,4
236,14,14,1
237,17,17,4
238,11,11,2
239,14,14,2
24,15,15,1
240,16,16,1
241,14,14,1
242,17,17,2
243,12,12,2
244,12,12,2
245,9,9,1
246,9,9,3
247,9,9,1
248,9,9,1
249,16,16,1
25,11,11,1
250,11,11,2
251,16,16,5
252,12,12,1
253,16,16,1
254,20,20,3
255,18,18,3
256,20,20,4
257,20,20,3
258,17,17,6
259,15,15,0
26,15,16,2
260,16,16,3
261,15,15,3
262,16,16,0
263,20,20,5
264,16,16,3
265,9,9,0
266,7,7,1
267,12,12,4
268,7,7,1
269,20,20,1
27,8,8,0
270,12,12,4
271,17,17,4
272,12,12,1
273,11,11,1
274,20,20,3
275,19,19,2
276,21,21,6
277,8,8,2
278,14,14,1
279,15,15,2
28,11,11,3
280,15,15,3
281,11,11,0
282,7,7,0
283,16,16,2
284,19,19,4
285,12,12,3
286,19,19,2
287,9,9,0
288,12,12,3
289,12,12,1
29,13,13,2
290,11,11,2
291,14,14,0
292,15,15,2
293,11,11,0
294,16,16,3
295,12,12,1
296,14,14,0
297,12,12,2
298,18,18,0
299,14,14,3
3,26,26,3
30,17,17,3
300,20,20,4
301,17,17,2
302,12,12,2
303,15,15,2
304,14,14,2
305,22,22,5
306,11,11,2
307,9,9,1
308,12,12,1
309,18,18,1
31,11,11,4
310,14,14,2
311,19,19,1
312,7,7,1
313,6,6,1
314,12,12,1
315,23,23,3
316,12,12,1
317,13,13,1
318,12,12,1
319,16,16,3
32,12,12,4
320,14,14,5
321,13,13,4
322,15,15,2
323,9,9,0
324,17,17,2
325,14,14,1
326,23,23,3
327,15,15,2
328,15,15,2
329,19,19,4
33,17,17,2
330,14,14,3
331,14,14,1
332,21,21,4
333,18,18,2
334,17,17,3
335,9,9,1
336,16,16,1
337,12,12,6
338,13,13,0
339,8,9,4
34,18,18,2
340,20,20,2
341,10,10,4
342,13,13,2
343,10,10,0
344,14,14,1
345,5,5,0
346,16,16,6
347,15,15,1
348,13,13,0
349,9,9,2
35,17,17,4
350,13,13,4
351,12,12,3
352,19,19,0
353,14,14,1
354,14,14,3
355,9,9,1
356,15,15,0
357,17,17,4
358,18,18,2
359,16,16,2
36,9,9,0
360,8,8,3
361,23,23,4
362,10,10,1
363,13,13,2
364,17,17,2
365,13,13,1
366,8,8,3
367,17,17,4
368,13,13,0
369,19,19,1
37,15,15,3
370,20,20,4
371,17,17,5
372,11,11,5
373,7,7,0
374,19,19,3
375,19,19,3
376,12,12,0
377,12,12,3
378,13,13,3
379,11,11,0
38,17,17,4
380,18,18,1
381,7,7,3
382,11,11,2
383,16,16,2
384,14,15,3
385,14,14,2
386,14,14,3
387,11,11,0
388,17,17,2
389,14,14,1
39,20,20,4
390,22,22,4
391,17,17,1
392,10,10,2
393,10,10,0
394,12,12,2
395,15,15,1
396,15,15,3
397,10,10,1
398,11,11,1
399,9,9,1
4,21,21,5
40,14,14,3
400,16,16,4
401,17,17,3
402,16,16,3
403,12,12,2
404,10,10,1
405,4,4,2
406,8,8,2
407,12,12,1
408,12,12,0
409,9,9,0
41,11,11,1
410,18,18,2
411,16,16,0
412,11,11,3
413,15,15,1
414,16,16,2
415,10,10,3
416,11,11,2
417,16,16,3
418,14,14,2
419,12,12,2
42,11,11,0
420,15,15,3
421,10,10,2
422,13,13,0
423,18,18,3
424,11,11,1
425,28,28,4
426,20,20,3
427,14,14,1
428,11,11,3
429,12,12,1
43,10,10,0
430,18,18,1
431,11,11,1
432,18,18,2
433,15,15,3
434,21,21,0
435,14,14,3
436,14,14,4
437,7,7,4
438,15,15,2
439,6,6,0
44,14,14,1
440,16,16,0
441,9,9,1
442,15,15,2
443,9,9,1
444,11,11,3
445,13,13,1
446,12,12,0
447,18,18,0
448,14,14,3
449,14,14,1
45,7,7,2
450,13,13,0
451,4,4,0
452,11,11,2
453,18,18,3
454,13,13,3
455,10,10,1
456,18,18,1
457,7,7,0
458,17,17,7
459,13,13,2
46,10,10,0
460,11,11,1
461,14,14,0
462,8,8,0
463,12,12,2
464,15,15,1
465,15,15,0
466,13,13,2
467,13,13,3
468,14,14,0
469,15,15,1
47,18,18,4
470,14,14,2
471,14,14,2
472,10,10,1
473,11,11,2
474,19,19,2
475,11,11,1
476,12,12,3
477,9,9,0
478,21,21,0
479,15,15,1
48,19,19,0
480,16,16,3
481,16,16,2
482,13,13,3
483,13,13,2
484,13,13,1
485,11,11,1
486,11,11,2
487,7,7,1
488,19,19,2
489,10,10,1
49,15,15,1
490,14,14,3
491,8,8,1
492,11,11,0
493,9,9,1
494,14,14,2
495,12,12,0
496,21,21,3
497,20,20,2
498,5,5,2
499,11,11,1
5,14,14,1
50,16,16,2
500,8,8,0
501,14,14,0
502,11,11,3
503,11,11,2
504,17,17,2
505,16,16,1
506,14,14,2
507,11,11,1
508,10,10,2
509,7,7,1
51,15,15,3
510,13,13,0
511,12,12,0
512,16,16,3
513,11,11,1
514,11,11,3
515,19,19,4
516,14,14,0
517,15,15,6
518,11,11,3
519,10,10,3
52,20,20,3
520,19,19,1
521,12,12,1
522,14,14,4
523,23,23,2
524,15,15,3
525,12,12,0
526,16,16,1
527,11,11,0
528,14,14,2
529,10,10,2
53,13,13,2
530,21,21,3
531,15,15,2
532,13,13,1
533,20,20,1
534,11,11,2
535,22,22,6
536,17,17,2
537,12,12,2
538,23,24,6
539,9,9,1
54,11,11,3
540,16,16,1
541,13,13,4
542,14,14,4
543,11,11,3
544,9,9,2
545,14,14,2
546,5,5,2
547,15,15,2
548,14,14,4
549,23,23,2
55,17,17,4
550,11,11,3
551,10,10,0
552,13,13,1
553,15,15,3
554,12,12,1
555,23,23,4
556,13,13,0
557,16,16,0
558,13,13,0
559,21,21,6
56,15,15,0
560,11,11,1
561,11,11,2
562,19,19,3
563,19,19,2
564,21,21,2
565,15,15,4
566,12,12,1
567,12,12,7
568,12,12,2
569,15,15,3
57,18,18,1
570,19,19,0
571,12,12,0
572,12,12,2
573,16,16,0
574,14,14,3
575,13,13,2
576,17,17,2
577,13,13,4
578,14,14,2
579,16,16,1
58,11,11,1
580,18,18,1
581,16,16,2
582,16,16,2
583,17,17,2
584,16,16,3
585,18,18,0
586,9,9,2
587,13,13,0
588,15,15,3
589,22,22,4
59,12,12,4
590,6,6,2
591,15,15,1
592,14,14,2
593,16,16,4
594,14,14,3
595,17,17,3
596,14,14,4
597,16,16,0
598,11,11,2
599,10,10,0
6,15,15,0
60,19,19,2
600,8,8,2
601,13,13,3
602,13,13,3
603,16,16,3
604,8,8,1
605,19,19,1
606,18,18,3
607,9,9,2
608,9,9,0
609,13,13,3
61,12,12,0
610,11,11,1
611,17,17,2
612,17,17,1
613,13,13,3
614,14,14,1
615,10,10,0
616,17,17,0
617,13,13,2
618,15,15,0
619,14,14,2
62,11,11,0
620,16,16,2
621,15,15,2
622,10,10,2
623,16,16,3
624,13,13,0
625,15,15,0
626,12,12,5
627,16,16,2
628,12,12,5
629,16,16,3
63,15,15,2
630,20,20,4
631,9,9,1
632,10,10,0
633,9,9,1
634,11,11,3
635,14,14,1
636,13,13,2
637,18,18,4
638,16,16,4
639,19,19,4
64,15,15,4
640,15,15,2
641,9,9,1
642,12,12,3
643,21,21,2
644,14,14,2
645,14,14,2
646,14,14,4
647,14,14,0
648,17,17,3
649,17,17,3
65,13,13,2
650,16,16,3
651,13,13,4
652,15,15,1
653,13,13,1
654,12,12,3
655,16,16,2
656,9,9,2
657,14,14,4
658,10,10,4
659,14,14,1
66,18,18,1
660,22,22,3
661,14,14,2
662,13,13,0
663,13,13,2
664,8,8,1
665,16,16,2
666,14,14,0
667,18,18,1
668,14,14,2
669,17,17,2
67,10,10,1
670,19,19,4
671,13,13,4
672,8,8,1
673,20,20,1
674,13,13,2
675,15,15,3
676,16,16,4
677,8,8,2
678,16,16,3
679,17,17,1
68,10,10,2
680,9,9,0
681,11,11,2
682,13,13,3
683,14,14,2
684,17,17,4
685,9,9,2
686,16,16,2
687,16,16,4
688,14,14,3
689,13,13,2
69,24,24,3
690,13,13,0
691,7,7,1
692,15,15,3
693,20,20,3
694,16,16,5
695,16,16,1
696,16,16,1
697,16,16,0
698,21,21,6
699,13,13,4
7,11,11,0
70,14,14,2
700,14,14,4
701,16,16,3
702,9,9,2
703,9,9,2
704,9,9,1
705,18,18,5
706,13,13,3
707,12,12,0
708,10,10,2
709,15,15,1
71,14,14,0
710,14,14,2
711,13,13,0
712,19,19,5
713,18,18,4
714,20,20,5
715,11,11,3
716,22,22,4
717,19,19,6
718,12,12,1
719,18,18,5
72,14,15,2
720,25,25,2
721,19,19,1
722,18,18,2
723,16,16,0
724,20,20,1
725,10,10,3
726,12,12,1
727,10,10,2
728,18,18,2
729,16,16,1
73,8,8,1
730,15,15,1
731,10,10,0
732,16,16,1
733,13,13,3
734,16,16,2
735,15,15,1
736,11,11,3
737,18,18,4
738,15,15,0
739,21,21,3
74,17,17,4
740,14,14,3
741,14,14,0
742,10,10,1
743,15,15,3
744,23,23,5
745,16,16,1
746,14,14,0
747,15,15,2
748,13,13,7
749,12,12,4
75,17,17,5
750,9,9,3
751,14,14,3
752,17,17,0
753,24,24,2
754,12,12,0
755,18,18,4
756,19,19,4
757,9,9,2
758,9,9,3
759,14,14,2
76,18,18,1
760,8,8,0
761,11,11,1
762,16,16,1
763,13,13,5
764,12,12,3
765,12,12,4
766,12,12,0
767,12,12,1
768,8,8,1
769,13,13,3
77,18,18,2
770,10,10,3
771,9,9,1
772,19,19,3
773,15,15,1
774,24,25,4
775,16,16,3
776,7,7,1
777,13,13,1
778,19,19,3
779,12,12,2
78,9,9,2
780,9,9,0
781,11,11,1
782,5,5,2
783,16,16,1
784,12,12,2
785,13,13,2
786,18,18,1
787,11,11,2
788,12,12,3
789,15,15,0
79,10,10,1
790,9,9,1
791,20,20,2
792,15,15,4
793,16,16,2
794,13,13,2
795,21,21,4
796,14,14,4
797,10,10,5
798,10,10,0
799,13,13,2
8,22,22,2
80,21,21,2
800,13,13,2
801,23,23,2
802,9,9,0
803,11,11,2
804,11,11,1
805,19,19,7
806,22,22,3
807,15,15,0
808,8,8,1
809,16,16,1
81,13,13,0
810,17,17,1
811,8,8,0
812,16,16,3
813,17,17,1
814,15,15,2
815,13,13,1
816,13,13,0
817,5,5,1
818,14,14,1
819,18,18,1
82,19,19,2
820,6,6,2
821,14,14,2
822,20,20,2
823,10,10,1
824,19,19,4
825,12,12,3
826,12,13,2
827,20,20,0
828,16,16,4
829,19,19,2
83,19,19,4
830,12,12,0
831,15,15,1
832,11,11,0
833,19,19,4
834,11,11,1
835,9,9,1
836,7,7,0
837,18,18,1
838,14,14,1
839,14,14,2
84,14,14,1
840,19,19,2
841,9,9,1
842,11,11,1
843,13,13,1
844,13,13,2
845,15,15,5
846,12,12,2
847,25,25,2
848,14,14,2
849,18,18,3
85,8,8,3
850,15,15,3
851,19,19,1
852,15,15,2
853,12,12,2
854,10,10,0
855,13,13,0
856,23,23,2
857,14,14,3
858,18,18,4
859,15,15,0
86,12,12,3
860,11,11,4
861,12,12,3
862,13,13,1
863,15,15,2
864,24,24,4
865,12,12,1
866,16,16,1
867,14,14,0
868,23,23,1
869,14,14,3
87,17,17,3
870,15,15,1
871,13,13,2
872,9,9,1
873,21,21,3
874,8,8,4
875,13,13,1
876,10,10,1
877,18,18,1
878,8,8,2
879,15,15,3
88,16,16,1
880,15,15,2
881,7,7,2
882,26,26,2
883,14,14,2
884,12,12,1
885,19,19,4
886,13,13,2
887,19,19,5
888,12,12,2
889,14,14,1
89,16,16,3
890,15,15,2
891,11,11,2
892,12,12,2
893,15,15,2
894,12,12,2
895,9,9,2
896,16,16,4
897,16,16,2
898,13,13,3
899,11,11,1
9,16,16,0
90,21,21,3
900,22,22,6
901,20,20,2
902,16,16,2
903,10,10,1
904,12,12,0
905,18,18,3
906,8,8,0
907,17,17,4
908,16,16,2
909,18,18,1
91,18,18,4
910,17,17,3
911,14,14,5
912,15,15,1
913,13,13,2
914,9,9,3
915,17,17,1
916,11,11,1
917,10,10,1
918,14,14,0
919,14,14,1
92,18,18,3
920,12,12,0
921,17,17,3
922,14,14,4
923,11,11,5
924,10,10,4
925,10,10,2
926,13,13,0
927,13,13,2
928,16,16,2
929,10,10,1
93,14,14,8
930,19,19,2
931,14,14,2
932,15,16,4
933,16,16,1
934,20,20,3
935,13,13,3
936,16,16,4
937,11,11,2
938,14,14,4
939,17,17,3
94,20,20,4
940,15,15,1
941,9,9,1
942,16,16,2
943,12,12,1
944,9,9,3
945,10,10,1
946,19,19,3
947,12,12,1
948,16,16,1
949,18,18,4
95,9,9,1
950,12,12,5
951,18,18,4
952,15,15,2
953,15,15,0
954,9,9,2
955,12,12,1
956,11,11,0
957,17,17,2
958,11,11,0
959,15,15,2
96,12,12,1
960,14,14,3
961,18,18,1
962,9,9,0
963,8,8,3
964,13,13,2
965,9,9,0
966,12,12,3
967,19,19,3
968,10,10,2
969,15,15,1
97,16,16,3
970,15,15,1
971,8,8,1
972,21,21,2
973,17,17,1
974,15,15,0
975,12,12,2
976,14,14,1
977,10,11,1
978,16,16,4
979,19,19,5
98,16,16,3
980,17,17,3
981,7,7,0
982,16,16,0
983,19,19,4
984,6,6,2
985,16,16,2
986,20,20,6
987,9,9,0
988,17,17,3
989,15,15,2
99,15,15,5
990,13,13,2
991,14,14,3
992,18,18,2
993,9,9,2
994,14,14,0
995,13,13,2
996,10,10,0
997,14,14,4
998,13,13,0
999,17,17,2
