product_id,category,units_sold,revenue,top_stores
1,Footwear,166,46819.53,"SOTH,WEST,EAST"
10,Electronics,164,38476.05,"EAST,SOTH,NRTH"
100,Electronics,203,22743.48,"EAST,NRTH,SOTH"
101,Outdoors,178,54831.98,"WEST,EAST,SOTH"
102,Apparel,178,19789.05,"NRTH,WEST,SOTH"
103,Footwear,176,32394.51,"NRTH,WEST,EAST"
104,Accessories,145,38881.22,"SOTH,EAST,NRTH"
105,Home,171,55212.98,"WEST,NRTH,EAST"
106,Electronics,165,11448.23,"NRTH,WEST,SOTH"
107,Outdoors,169,31292.54,"WEST,NRTH,SOTH"
108,Apparel,198,62953.18,"SOTH,WEST,NRTH"
109,Footwear,197,35845.50,"NRTH,SOTH,WEST"
11,Outdoors,160,19150.42,"NRTH,SOTH,EAST"
110,Accessories,196,67112.70,"WEST,SOTH,NRTH"
111,Home,174,16834.27,"EAST,SOTH,WEST"
112,Electronics,175,18679.44,"EAST,NRTH,NE"
113,Outdoors,189,18342.81,"WEST,NRTH,SOTH"
114,Apparel,143,40666.91,"EAST,WEST,NRTH"
115,Footwear,169,42634.41,"NRTH,WEST,SOTH"
116,Accessories,182,25697.77,"SOTH,WEST,EAST"
117,Home,189,35086.62,"WEST,EAST,NRTH"
118,Electronics,169,34217.18,"WEST,SOTH,EAST"
119,Outdoors,169,32489.60,"EAST,NRTH,SOTH"
12,Apparel,193,53500.05,"SOTH,WEST,NRTH"
120,Apparel,200,68716.43,"SOTH,NRTH,WEST"
121,Footwear,175,1383.25,"EAST,NRTH,WEST"
122,Accessories,200,7464.06,"WEST,SOTH,EAST"
123,Home,179,15666.36,"EAST,SOTH,NRTH"
124,Electronics,211,3398.71,"NRTH,EAST,SOTH"
125,Outdoors,177,22716.13,"SOTH,EAST,WEST"
126,Apparel,166,30091.22,"EAST,SOTH,WEST"
127,Footwear,180,35235.86,"SOTH,EAST,WEST"
128,Accessories,211,42095.55,"EAST,NRTH,WEST"
129,Home,162,20053.78,"WEST,SOTH,NE"
13,Footwear,179,26090.33,"WEST,NRTH,EAST"
130,Electronics,179,54559.82,"WEST,NRTH,SOTH"
131,Outdoors,173,11756.48,"NRTH,EAST,WEST"
132,Apparel,180,35465.00,"WEST,NRTH,SOTH"
133,Footwear,188,67676.02,"WEST,NRTH,EAST"
134,Accessories,179,5683.54,"WEST,SOTH,NRTH"
135,Home,210,61798.39,"NRTH,EAST,WEST"
136,Electronics,172,60553.27,"WEST,NRTH,SOTH"
137,Outdoors,164,6179.35,"SOTH,WEST,EAST"
138,Apparel,196,63572.06,"EAST,NRTH,SOTH"
139,Footwear,146,25473.26,"WEST,EAST,SOTH"
14,Accessories,169,20991.59,"WEST,NRTH,SOTH"
140,Accessories,144,7009.75,"NRTH,SOTH,WEST"
141,Home,186,46744.45,"NRTH,WEST,EAST"
142,Electronics,178,16774.15,"SOTH,EAST,WEST"
143,Outdoors,196,24232.31,"EAST,WEST,NRTH"
144,Apparel,195,29128.48,"WEST,SOTH,NRTH"
145,Footwear,180,28380.31,"WEST,SOTH,NRTH"
146,Accessories,212,37849.24,"SOTH,EAST,NRTH"
147,Home,156,6987.44,"EAST,NRTH,SOTH"
148,Electronics,196,37199.45,"WEST,NRTH,SOTH"
149,Outdoors,173,46389.89,"EAST,NRTH,SOTH"
15,Home,170,7329.01,"NRTH,SOTH,NE"
150,Apparel,175,19912.47,"NRTH,WEST,SOTH"
151,Footwear,182,50134.35,"EAST,SOTH,NRTH"
152,Accessories,207,32679.84,"WEST,NRTH,SOTH"
153,Home,170,3085.19,"SOTH,NRTH,WEST"
154,Electronics,197,49276.42,"NRTH,EAST,WEST"
155,Outdoors,173,51084.69,"SOTH,EAST,NRTH"
156,Apparel,195,61960.47,"NRTH,SOTH,WEST"
157,Footwear,146,45188.41,"NRTH,SOTH,EAST"
158,Accessories,172,45549.85,"NRTH,EAST,WEST"
159,Home,152,29876.43,"NRTH,EAST,WEST"
16,Electronics,165,57234.17,"WEST,EAST,SOTH"
160,Electronics,176,30351.24,"SOTH,WEST,EAST"
161,Outdoors,159,7019.01,"WEST,SOTH,EAST"
162,Apparel,166,9855.44,"SOTH,WEST,EAST"
163,Footwear,196,63434.10,"SOTH,EAST,NRTH"
164,Accessories,163,9235.01,"SOTH,NRTH,EAST"
165,Home,177,20727.59,"WEST,SOTH,EAST"
166,Electronics,160,41353.98,"EAST,WEST,SOTH"
167,Outdoors,168,45686.92,"NRTH,SOTH,WEST"
168,Apparel,171,16241.07,"SOTH,NRTH,WEST"
169,Footwear,167,18650.01,"WEST,SOTH,NRTH"
17,Outdoors,211,56434.95,"WEST,EAST,SOTH"
170,Accessories,153,42164.66,"EAST,WEST,SOTH"
171,Home,222,58510.36,"WEST,SOTH,NRTH"
172,Electronics,184,63515.74,"WEST,NRTH,EAST"
173,Outdoors,181,42912.50,"NRTH,SOTH,EAST"
174,Apparel,183,35738.46,"SOTH,NRTH,EAST"
175,Footwear,183,24870.80,"SOTH,EAST,WEST"
176,Accessories,200,39166.13,"NRTH,EAST,WEST"
177,Home,183,22390.81,"EAST,NRTH,SOTH"
178,Electronics,165,35629.66,"WEST,EAST,NRTH"
179,Outdoors,162,55916.20,"SOTH,NRTH,WEST"
18,Apparel,183,50763.85,"SOTH,NRTH,SW"
180,Apparel,163,14979.04,"NRTH,SOTH,EAST"
181,Footwear,154,10088.40,"WEST,NRTH,SOTH"
182,Accessories,198,5510.22,"NRTH,EAST,WEST"
183,Home,183,38233.23,"SOTH,WEST,EAST"
184,Electronics,193,36789.06,"EAST,WEST,NRTH"
185,Outdoors,171,21771.03,"EAST,NRTH,WEST"
186,Apparel,201,51529.32,"SOTH,WEST,NRTH"
187,Footwear,176,23265.24,"WEST,NRTH,SOTH"
188,Accessories,166,14247.63,"SOTH,WEST,EAST"
189,Home,159,42827.91,"NRTH,SOTH,WEST"
19,Footwear,147,29122.65,"WEST,EAST,SOTH"
190,Electronics,175,39791.81,"SOTH,EAST,NRTH"
191,Outdoors,195,24863.74,"SOTH,WEST,EAST"
192,Apparel,199,52518.07,"WEST,SOTH,EAST"
193,Footwear,173,39586.09,"WEST,SOTH,EAST"
194,Accessories,155,9196.05,"WEST,SOTH,EAST"
195,Home,179,61411.33,"EAST,WEST,NRTH"
196,Electronics,155,15470.42,"EAST,SOTH,NRTH"
197,Outdoors,173,51158.57,"NRTH,EAST,SOTH"
198,Apparel,219,42034.29,"EAST,NRTH,WEST"
199,Footwear,177,10373.59,"WEST,EAST,NRTH"
2,Accessories,191,12037.12,"EAST,SOTH,WEST"
20,Accessories,169,16804.81,"SOTH,NRTH,EAST"
200,Accessories,163,46895.88,"WEST,EAST,NRTH"
201,Home,170,46503.27,"WEST,SOTH,EAST"
202,Electronics,170,43353.32,"SOTH,WEST,NRTH"
203,Outdoors,184,11620.00,"EAST,WEST,SOTH"
204,Apparel,191,36014.40,"NRTH,EAST,SOTH"
205,Footwear,209,38274.24,"WEST,SOTH,EAST"
206,Accessories,174,9479.52,"NRTH,SOTH,WEST"
207,Home,154,36481.80,"WEST,SOTH,EAST"
208,Electronics,161,26859.13,"SOTH,WEST,NRTH"
209,Outdoors,184,35747.88,"WEST,EAST,SOTH"
21,Home,165,7440.92,"WEST,SOTH,NRTH"
210,Apparel,195,29830.15,"EAST,SOTH,WEST"
211,Footwear,170,13578.13,"WEST,SOTH,EAST"
212,Accessories,191,54317.73,"EAST,WEST,NRTH"
213,Home,177,62785.01,"SOTH,EAST,NRTH"
214,Electronics,194,34625.29,"EAST,SOTH,NRTH"
215,Outdoors,196,19243.36,"EAST,SOTH,NRTH"
216,Apparel,192,59874.66,"WEST,NRTH,SOTH"
217,Footwear,181,20216.86,"SOTH,NRTH,WEST"
218,Accessories,187,12866.34,"WEST,EAST,NRTH"
219,Home,169,50349.28,"SOTH,NRTH,EAST"
22,Electronics,190,46777.55,"EAST,NRTH,WEST"
220,Electronics,194,44114.71,"EAST,SOTH,NRTH"
221,Outdoors,184,35824.85,"EAST,WEST,SOTH"
222,Apparel,159,31955.53,"EAST,NRTH,WEST"
223,Footwear,184,4534.95,"NRTH,WEST,EAST"
224,Accessories,167,41126.13,"EAST,SOTH,NRTH"
225,Home,163,58877.44,"WEST,SOTH,EAST"
226,Electronics,184,18044.60,"NRTH,WEST,SOTH"
227,Outdoors,155,21089.21,"SOTH,NRTH,WEST"
228,Apparel,173,7601.47,"NRTH,EAST,SOTH"
229,Footwear,160,44920.50,"NRTH,WEST,EAST"
23,Outdoors,187,53082.04,"NRTH,SOTH,WEST"
230,Accessories,166,53068.65,"WEST,SOTH,EAST"
231,Home,161,797.41,"SOTH,WEST,EAST"
232,Electronics,185,28727.78,"EAST,SOTH,NRTH"
233,Outdoors,153,49209.60,"WEST,EAST,NRTH"
234,Apparel,173,10637.23,"EAST,WEST,SOTH"
235,Footwear,214,73296.15,"SOTH,EAST,WEST"
236,Accessories,167,52311.39,"WEST,SOTH,NRTH"
237,Home,184,16462.87,"WEST,NRTH,EAST"
238,Electronics,195,11908.46,"EAST,SOTH,WEST"
239,Outdoors,171,11498.43,"NRTH,SOTH,WEST"
24,Apparel,208,52884.77,"SOTH,WEST,NRTH"
240,Apparel,203,23384.83,"EAST,WEST,SOTH"
241,Footwear,177,35180.51,"EAST,WEST,NRTH"
242,Accessories,194,69096.30,"SOTH,EAST,NRTH"
243,Home,183,29625.65,"WEST,NRTH,SOTH"
244,Electronics,172,34368.96,"SOTH,WEST,NRTH"
245,Outdoors,166,14922.27,"WEST,EAST,SOTH"
246,Apparel,171,4245.41,"EAST,WEST,NRTH"
247,Footwear,193,44870.59,"SOTH,NRTH,EAST"
248,Accessories,180,21830.62,"SOTH,NRTH,EAST"
249,Home,183,4556.23,"SOTH,WEST,EAST"
25,Footwear,172,55022.42,"EAST,NRTH,WEST"
250,Electronics,174,17344.45,"WEST,EAST,SOTH"
251,Outdoors,148,50343.18,"WEST,EAST,SOTH"
252,Apparel,197,41243.17,"EAST,WEST,NRTH"
253,Footwear,209,72250.20,"WEST,EAST,SOTH"
254,Accessories,208,27586.30,"WEST,NRTH,EAST"
255,Home,183,60820.77,"SOTH,WEST,NRTH"
256,Electronics,160,27233.91,"EAST,NRTH,WEST"
257,Outdoors,169,34581.26,"SOTH,WEST,NRTH"
258,Apparel,191,21947.63,"NRTH,SOTH,EAST"
259,Footwear,166,49044.51,"WEST,SOTH,EAST"
26,Accessories,161,51708.98,"WEST,NRTH,SOTH"
260,Accessories,176,10921.18,"NRTH,EAST,SOTH"
261,Home,159,49562.95,"EAST,SOTH,WEST"
262,Electronics,192,42784.07,"WEST,NRTH,EAST"
263,Outdoors,183,59686.90,"WEST,NRTH,SOTH"
264,Apparel,168,46585.64,"EAST,SOTH,NRTH"
265,Footwear,157,51278.09,"SOTH,NRTH,EAST"
266,Accessories,167,35401.15,"EAST,SOTH,WEST"
267,Home,181,59819.59,"EAST,SOTH,NRTH"
268,Electronics,155,47259.62,"SOTH,WEST,EAST"
269,Outdoors,215,66349.85,"SOTH,WEST,EAST"
27,Home,160,46564.93,"EAST,SOTH,NRTH"
270,Apparel,212,28909.51,"EAST,WEST,SOTH"
271,Footwear,192,41497.01,"EAST,SOTH,WEST"
272,Accessories,193,18263.91,"EAST,NRTH,SOTH"
273,Home,165,52286.75,"NRTH,EAST,SOTH"
274,Electronics,159,34604.75,"EAST,WEST,SOTH"
275,Outdoors,173,55495.03,"EAST,WEST,NRTH"
276,Apparel,179,11400.80,"NRTH,EAST,SOTH"
277,Footwear,165,22772.85,"NRTH,WEST,SOTH"
278,Accessories,167,15591.30,"EAST,WEST,NRTH"
279,Home,172,44010.44,"EAST,WEST,NRTH"
28,Electronics,196,35075.86,"NRTH,SOTH,WEST"
280,Electronics,185,6155.15,"EAST,SOTH,NRTH"
281,Outdoors,198,61989.26,"WEST,NRTH,NE"
282,Apparel,165,46232.83,"NRTH,WEST,EAST"
283,Footwear,177,32477.72,"SOTH,NRTH,EAST"
284,Accessories,178,59946.47,"SOTH,WEST,EAST"
285,Home,187,66115.12,"WEST,SOTH,NRTH"
286,Electronics,194,47892.94,"WEST,SOTH,EAST"
287,Outdoors,208,20735.86,"WEST,EAST,SOTH"
288,Apparel,204,30483.68,"WEST,EAST,NRTH"
289,Footwear,166,41847.79,"EAST,NRTH,SOTH"
29,Outdoors,193,5454.28,"NRTH,SOTH,WEST"
290,Accessories,180,27412.98,"EAST,WEST,NRTH"
291,Home,187,25811.31,"SOTH,WEST,EAST"
292,Electronics,161,38753.65,"EAST,WEST,SOTH"
293,Outdoors,155,54380.65,"WEST,NRTH,EAST"
294,Apparel,180,48210.44,"SOTH,EAST,WEST"
295,Footwear,214,42696.48,"NRTH,EAST,WEST"
296,Accessories,188,59399.24,"EAST,WEST,NRTH"
297,Home,194,70096.01,"NRTH,SOTH,WEST"
298,Electronics,181,47944.48,"WEST,SOTH,NRTH"
299,Outdoors,173,55949.36,"NRTH,WEST,EAST"
3,Home,209,52577.55,"SOTH,NRTH,WEST"
30,Apparel,170,52949.70,"WEST,NRTH,SOTH"
300,Apparel,198,18924.21,"NRTH,EAST,SOTH"
31,Footwear,200,51733.84,"SOTH,WEST,NRTH"
32,Accessories,167,15190.17,"EAST,WEST,NRTH"
33,Home,177,61303.86,"WEST,SOTH,EAST"
34,Electronics,191,19955.85,"WEST,SOTH,EAST"
35,Outdoors,191,39432.51,"NRTH,EAST,WEST"
36,Apparel,154,44521.55,"SOTH,NRTH,WEST"
37,Footwear,189,37880.86,"EAST,NRTH,WEST"
38,Accessories,165,45671.33,"NRTH,EAST,SOTH"
39,Home,166,24696.24,"EAST,SOTH,WEST"
4,Electronics,178,3872.97,"EAST,WEST,NRTH"
40,Electronics,171,30307.96,"NRTH,EAST,SOTH"
41,Outdoors,163,44299.13,"EAST,NRTH,SOTH"
42,Apparel,180,29940.04,"WEST,NRTH,SOTH"
43,Footwear,197,17092.62,"SOTH,NRTH,WEST"
44,Accessories,163,3212.66,"WEST,NRTH,SOTH"
45,Home,187,63151.53,"NRTH,SOTH,EAST"
46,Electronics,175,32446.27,"WEST,EAST,SOTH"
47,Outdoors,167,30622.59,"NRTH,EAST,WEST"
48,Apparel,163,29087.37,"WEST,NRTH,SOTH"
49,Footwear,172,13738.53,"NRTH,WEST,SOTH"
5,Outdoors,211,64072.50,"SOTH,NRTH,EAST"
50,Accessories,190,44336.51,"NRTH,WEST,EAST"
51,Home,174,3658.70,"NRTH,EAST,WEST"
52,Electronics,180,33077.29,"NRTH,SOTH,EAST"
53,Outdoors,195,31076.70,"SOTH,NRTH,EAST"
54,Apparel,196,60418.89,"NRTH,SOTH,WEST"
55,Footwear,201,21149.93,"WEST,NRTH,EAST"
56,Accessories,177,62680.50,"WEST,SOTH,EAST"
57,Home,158,49797.73,"WEST,EAST,NRTH"
58,Electronics,183,53813.63,"WEST,EAST,NRTH"
59,Outdoors,214,67764.14,"NRTH,WEST,SOTH"
6,Apparel,186,45804.62,"NRTH,SOTH,EAST"
60,Apparel,182,41957.50,"SOTH,EAST,NRTH"
61,Footwear,173,7332.32,"SOTH,NRTH,EAST"
62,Accessories,183,23292.11,"NRTH,WEST,SOTH"
63,Home,169,12909.06,"EAST,NRTH,WEST"
64,Electronics,160,47777.40,"NRTH,EAST,SOTH"
65,Outdoors,199,2308.50,"WEST,NRTH,EAST"
66,Apparel,163,51463.65,"SOTH,NRTH,EAST"
67,Footwear,221,27572.23,"WEST,SOTH,EAST"
68,Accessories,186,44707.81,"EAST,SOTH,NRTH"
69,Home,157,31427.84,"NRTH,EAST,SOTH"
7,Footwear,181,27625.83,"EAST,NRTH,WEST"
70,Electronics,184,61102.48,"SOTH,NRTH,EAST"
71,Outdoors,167,54367.69,"EAST,SOTH,NRTH"
72,Apparel,215,8086.86,"SOTH,NRTH,WEST"
73,Footwear,209,31612.14,"NRTH,WEST,SOTH"
74,Accessories,190,21324.66,"NRTH,EAST,WEST"
75,Home,206,30752.33,"WEST,SOTH,NRTH"
76,Electronics,194,52944.90,"WEST,NRTH,EAST"
77,Outdoors,175,28518.47,"WEST,EAST,NRTH"
78,Apparel,186,21572.74,"WEST,EAST,SOTH"
79,Footwear,173,7328.01,"EAST,SOTH,NRTH"
8,Accessories,189,54022.96,"WEST,EAST,SOTH"
80,Accessories,179,56292.00,"SOTH,EAST,WEST"
81,Home,181,25140.28,"NRTH,EAST,SOTH"
82,Electronics,158,55297.43,"EAST,WEST,NRTH"
83,Outdoors,173,55441.17,"SOTH,EAST,NRTH"
84,Apparel,154,29789.61,"NRTH,EAST,SOTH"
85,Footwear,185,22456.93,"EAST,SOTH,NRTH"
86,Accessories,158,8577.44,"EAST,WEST,NRTH"
87,Home,132,42791.44,"NRTH,EAST,SOTH"
88,Electronics,180,53439.83,"NRTH,WEST,EAST"
89,Outdoors,164,57810.96,"NRTH,WEST,SOTH"
9,Home,168,37569.12,"NRTH,EAST,WEST"
90,Apparel,186,13174.52,"EAST,NRTH,WEST"
91,Footwear,203,24414.63,"EAST,NRTH,WEST"
92,Accessories,171,47170.35,"WEST,SOTH,EAST"
93,Home,161,39835.36,"SOTH,NRTH,WEST"
94,Electronics,222,24287.64,"NRTH,WEST,SOTH"
95,Outdoors,157,48434.32,"WEST,SOTH,NRTH"
96,Apparel,168,30646.57,"SOTH,EAST,NRTH"
97,Footwear,190,28839.55,"EAST,WEST,SOTH"
98,Accessories,155,51864.41,"WEST,EAST,SOTH"
99,Home,181,47953.03,"SOTH,NRTH,WEST"
