grouping_id,region,state,order_count,revenue
1,EAST,\N,3967,2070389.52
1,NE  ,\N,1903,982447.32
1,NRTH,\N,3977,2081522.17
1,SOTH,\N,3974,2129044.99
1,SW  ,\N,2052,1090899.01
1,WEST,\N,4127,2189522.24
2,\N,CA,1043,547800.19
2,\N,FL,1523,821137.80
2,\N,GA,997,521153.56
2,\N,IL,1498,796820.42
2,\N,MA,1448,762537.76
2,\N,MN,1460,754249.41
2,\N,NJ,1538,797820.96
2,\N,NM,2052,1090899.01
2,\N,NY,981,510030.80
2,\N,OR,2060,1093054.79
2,\N,TX,1454,786753.63
2,\N,VT,1903,982447.32
2,\N,WA,1024,548667.26
2,\N,WI,1019,530452.34
3,\N,\N,20000,10543825.25
