product_id,snapshot_date,units_sold,on_hand
1,2025-12-31,166,334
10,2025-12-31,164,336
100,2025-12-31,203,297
101,2025-12-31,178,322
102,2025-12-31,178,322
103,2025-12-31,176,324
104,2025-12-31,145,355
105,2025-12-31,171,329
106,2025-12-31,165,335
107,2025-12-31,169,331
108,2025-12-31,198,302
109,2025-12-31,197,303
11,2025-12-31,160,340
110,2025-12-31,196,304
111,2025-12-31,174,326
112,2025-12-31,175,325
113,2025-12-31,189,311
114,2025-12-31,143,357
115,2025-12-31,169,331
116,2025-12-31,182,318
117,2025-12-31,189,311
118,2025-12-31,169,331
119,2025-12-31,169,331
12,2025-12-31,193,307
120,2025-12-31,200,300
121,2025-12-31,175,325
122,2025-12-31,200,300
123,2025-12-31,179,321
124,2025-12-31,211,289
125,2025-12-31,177,323
126,2025-12-31,166,334
127,2025-12-31,180,320
128,2025-12-31,211,289
129,2025-12-31,162,338
13,2025-12-31,179,321
130,2025-12-31,179,321
131,2025-12-31,173,327
132,2025-12-31,180,320
133,2025-12-31,188,312
134,2025-12-31,179,321
135,2025-12-31,210,290
136,2025-12-31,172,328
137,2025-12-31,164,336
138,2025-12-31,196,304
139,2025-12-31,146,354
14,2025-12-31,169,331
140,2025-12-31,144,356
141,2025-12-31,186,314
142,2025-12-31,178,322
143,2025-12-31,196,304
144,2025-12-31,195,305
145,2025-12-31,180,320
146,2025-12-31,212,288
147,2025-12-31,156,344
148,2025-12-31,196,304
149,2025-12-31,173,327
15,2025-12-31,170,330
150,2025-12-31,175,325
151,2025-12-31,182,318
152,2025-12-31,207,293
153,2025-12-31,170,330
154,2025-12-31,197,303
155,2025-12-31,173,327
156,2025-12-31,195,305
157,2025-12-31,146,354
158,2025-12-31,172,328
159,2025-12-31,152,348
16,2025-12-31,165,335
160,2025-12-31,176,324
161,2025-12-31,159,341
162,2025-12-31,166,334
163,2025-12-31,196,304
164,2025-12-31,163,337
165,2025-12-31,177,323
166,2025-12-31,160,340
167,2025-12-31,168,332
168,2025-12-31,171,329
169,2025-12-31,167,333
17,2025-12-31,211,289
170,2025-12-31,153,347
171,2025-12-31,222,278
172,2025-12-31,184,316
173,2025-12-31,181,319
174,2025-12-31,183,317
175,2025-12-31,183,317
176,2025-12-31,200,300
177,2025-12-31,183,317
178,2025-12-31,165,335
179,2025-12-31,162,338
18,2025-12-31,183,317
180,2025-12-31,163,337
181,2025-12-31,154,346
182,2025-12-31,198,302
183,2025-12-31,183,317
184,2025-12-31,193,307
185,2025-12-31,171,329
186,2025-12-31,201,299
187,2025-12-31,176,324
188,2025-12-31,166,334
189,2025-12-31,159,341
19,2025-12-31,147,353
190,2025-12-31,175,325
191,2025-12-31,195,305
192,2025-12-31,199,301
193,2025-12-31,173,327
194,2025-12-31,155,345
195,2025-12-31,179,321
196,2025-12-31,155,345
197,2025-12-31,173,327
198,2025-12-31,219,281
199,2025-12-31,177,323
2,2025-12-31,191,309
20,2025-12-31,169,331
200,2025-12-31,163,337
201,2025-12-31,170,330
202,2025-12-31,170,330
203,2025-12-31,184,316
204,2025-12-31,191,309
205,2025-12-31,209,291
206,2025-12-31,174,326
207,2025-12-31,154,346
208,2025-12-31,161,339
209,2025-12-31,184,316
21,2025-12-31,165,335
210,2025-12-31,195,305
211,2025-12-31,170,330
212,2025-12-31,191,309
213,2025-12-31,177,323
214,2025-12-31,194,306
215,2025-12-31,196,304
216,2025-12-31,192,308
217,2025-12-31,181,319
218,2025-12-31,187,313
219,2025-12-31,169,331
22,2025-12-31,190,310
220,2025-12-31,194,306
221,2025-12-31,184,316
222,2025-12-31,159,341
223,2025-12-31,184,316
224,2025-12-31,167,333
225,2025-12-31,163,337
226,2025-12-31,184,316
227,2025-12-31,155,345
228,2025-12-31,173,327
229,2025-12-31,160,340
23,2025-12-31,187,313
230,2025-12-31,166,334
231,2025-12-31,161,339
232,2025-12-31,185,315
233,2025-12-31,153,347
234,2025-12-31,173,327
235,2025-12-31,214,286
236,2025-12-31,167,333
237,2025-12-31,184,316
238,2025-12-31,195,305
239,2025-12-31,171,329
24,2025-12-31,208,292
240,2025-12-31,203,297
241,2025-12-31,177,323
242,2025-12-31,194,306
243,2025-12-31,183,317
244,2025-12-31,172,328
245,2025-12-31,166,334
246,2025-12-31,171,329
247,2025-12-31,193,307
248,2025-12-31,180,320
249,2025-12-31,183,317
25,2025-12-31,172,328
250,2025-12-31,174,326
251,2025-12-31,148,352
252,2025-12-31,197,303
253,2025-12-31,209,291
254,2025-12-31,208,292
255,2025-12-31,183,317
256,2025-12-31,160,340
257,2025-12-31,169,331
258,2025-12-31,191,309
259,2025-12-31,166,334
26,2025-12-31,161,339
260,2025-12-31,176,324
261,2025-12-31,159,341
262,2025-12-31,192,308
263,2025-12-31,183,317
264,2025-12-31,168,332
265,2025-12-31,157,343
266,2025-12-31,167,333
267,2025-12-31,181,319
268,2025-12-31,155,345
269,2025-12-31,215,285
27,2025-12-31,160,340
270,2025-12-31,212,288
271,2025-12-31,192,308
272,2025-12-31,193,307
273,2025-12-31,165,335
274,2025-12-31,159,341
275,2025-12-31,173,327
276,2025-12-31,179,321
277,2025-12-31,165,335
278,2025-12-31,167,333
279,2025-12-31,172,328
28,2025-12-31,196,304
280,2025-12-31,185,315
281,2025-12-31,198,302
282,2025-12-31,165,335
283,2025-12-31,177,323
284,2025-12-31,178,322
285,2025-12-31,187,313
286,2025-12-31,194,306
287,2025-12-31,208,292
288,2025-12-31,204,296
289,2025-12-31,166,334
29,2025-12-31,193,307
290,2025-12-31,180,320
291,2025-12-31,187,313
292,2025-12-31,161,339
293,2025-12-31,155,345
294,2025-12-31,180,320
295,2025-12-31,214,286
296,2025-12-31,188,312
297,2025-12-31,194,306
298,2025-12-31,181,319
299,2025-12-31,173,327
3,2025-12-31,209,291
30,2025-12-31,170,330
300,2025-12-31,198,302
31,2025-12-31,200,300
32,2025-12-31,167,333
33,2025-12-31,177,323
34,2025-12-31,191,309
35,2025-12-31,191,309
36,2025-12-31,154,346
37,2025-12-31,189,311
38,2025-12-31,165,335
39,2025-12-31,166,334
4,2025-12-31,178,322
40,2025-12-31,171,329
41,2025-12-31,163,337
42,2025-12-31,180,320
43,2025-12-31,197,303
44,2025-12-31,163,337
45,2025-12-31,187,313
46,2025-12-31,175,325
47,2025-12-31,167,333
48,2025-12-31,163,337
49,2025-12-31,172,328
5,2025-12-31,211,289
50,2025-12-31,190,310
51,2025-12-31,174,326
52,2025-12-31,180,320
53,2025-12-31,195,305
54,2025-12-31,196,304
55,2025-12-31,201,299
56,2025-12-31,177,323
57,2025-12-31,158,342
58,2025-12-31,183,317
59,2025-12-31,214,286
6,2025-12-31,186,314
60,2025-12-31,182,318
61,2025-12-31,173,327
62,2025-12-31,183,317
63,2025-12-31,169,331
64,2025-12-31,160,340
65,2025-12-31,199,301
66,2025-12-31,163,337
67,2025-12-31,221,279
68,2025-12-31,186,314
69,2025-12-31,157,343
7,2025-12-31,181,319
70,2025-12-31,184,316
71,2025-12-31,167,333
72,2025-12-31,215,285
73,2025-12-31,209,291
74,2025-12-31,190,310
75,2025-12-31,206,294
76,2025-12-31,194,306
77,2025-12-31,175,325
78,2025-12-31,186,314
79,2025-12-31,173,327
8,2025-12-31,189,311
80,2025-12-31,179,321
81,2025-12-31,181,319
82,2025-12-31,158,342
83,2025-12-31,173,327
84,2025-12-31,154,346
85,2025-12-31,185,315
86,2025-12-31,158,342
87,2025-12-31,132,368
88,2025-12-31,180,320
89,2025-12-31,164,336
9,2025-12-31,168,332
90,2025-12-31,186,314
91,2025-12-31,203,297
92,2025-12-31,171,329
93,2025-12-31,161,339
94,2025-12-31,222,278
95,2025-12-31,157,343
96,2025-12-31,168,332
97,2025-12-31,190,310
98,2025-12-31,155,345
99,2025-12-31,181,319
